index,num_samples,indices,type
0,2,"[3479, 5502]",sim_dissim
1,2,"[2086, 1899]",random
2,2,"[6269, 1787]",half_random
3,2,"[1678, 181]",sim_dissim
4,2,"[267, 251]",random
5,2,"[1852, 1279]",half_random
6,2,"[3898, 5260]",sim_dissim
7,2,"[4767, 1692]",random
8,2,"[3559, 7911]",half_random
9,2,"[2461, 2156]",sim_dissim
10,2,"[6874, 7381]",random
11,2,"[6436, 108]",half_random
12,2,"[2641, 2156]",sim_dissim
13,2,"[1319, 1826]",random
14,2,"[867, 4972]",half_random
15,2,"[4259, 4921]",sim_dissim
16,2,"[7189, 2920]",random
17,2,"[6853, 3872]",half_random
18,2,"[959, 1923]",sim_dissim
19,2,"[8265, 7831]",random
20,2,"[5524, 669]",half_random
21,2,"[7444, 3182]",sim_dissim
22,2,"[5982, 589]",random
23,2,"[5617, 619]",half_random
24,2,"[1472, 896]",sim_dissim
25,2,"[7351, 859]",random
26,2,"[5605, 2362]",half_random
27,2,"[435, 340]",sim_dissim
28,2,"[3016, 1777]",random
29,2,"[5955, 3905]",half_random
30,2,"[4514, 1498]",sim_dissim
31,2,"[1389, 3923]",random
32,2,"[2282, 5612]",half_random
33,2,"[5502, 5476]",sim_dissim
34,2,"[6980, 267]",random
35,2,"[4146, 3427]",half_random
36,2,"[4449, 5502]",sim_dissim
37,2,"[1792, 5555]",random
38,2,"[7135, 3353]",half_random
39,2,"[4255, 4467]",sim_dissim
40,2,"[2087, 6327]",random
41,2,"[7901, 4567]",half_random
42,2,"[6418, 7444]",sim_dissim
43,2,"[3090, 1870]",random
44,2,"[2011, 4324]",half_random
45,2,"[181, 8132]",sim_dissim
46,2,"[1299, 5323]",random
47,2,"[2372, 6716]",half_random
48,2,"[1346, 3715]",sim_dissim
49,2,"[3232, 5051]",random
50,2,"[6653, 4488]",half_random
51,2,"[181, 3093]",sim_dissim
52,2,"[5783, 7515]",random
53,2,"[7549, 6374]",half_random
54,2,"[4003, 7441]",sim_dissim
55,2,"[3680, 1330]",random
56,2,"[6756, 27]",half_random
57,2,"[7441, 7588]",sim_dissim
58,2,"[7395, 5302]",random
59,2,"[7161, 4145]",half_random
60,2,"[5173, 276]",sim_dissim
61,2,"[4588, 8099]",random
62,2,"[7809, 7326]",half_random
63,2,"[1792, 7444]",sim_dissim
64,2,"[164, 950]",random
65,2,"[5146, 7457]",half_random
66,2,"[181, 5240]",sim_dissim
67,2,"[7461, 4818]",random
68,2,"[1442, 722]",half_random
69,2,"[669, 3895]",sim_dissim
70,2,"[1086, 5590]",random
71,2,"[8042, 6885]",half_random
72,2,"[6781, 5602]",sim_dissim
73,2,"[8194, 1801]",random
74,2,"[6422, 7703]",half_random
75,2,"[5936, 5139]",sim_dissim
76,2,"[3710, 7636]",random
77,2,"[3831, 7278]",half_random
78,2,"[5502, 1547]",sim_dissim
79,2,"[2877, 180]",random
80,2,"[1951, 7971]",half_random
81,2,"[3715, 7808]",sim_dissim
82,2,"[1943, 568]",random
83,2,"[354, 7298]",half_random
84,2,"[959, 7629]",sim_dissim
85,2,"[2367, 5673]",random
86,2,"[1817, 7150]",half_random
87,2,"[7985, 7089]",sim_dissim
88,2,"[2057, 6661]",random
89,2,"[7172, 6849]",half_random
90,2,"[4921, 1461]",sim_dissim
91,2,"[5601, 3664]",random
92,2,"[5220, 3593]",half_random
93,2,"[181, 7346]",sim_dissim
94,2,"[516, 3408]",random
95,2,"[6791, 5158]",half_random
96,2,"[3715, 4138]",sim_dissim
97,2,"[4548, 3808]",random
98,2,"[3572, 2336]",half_random
99,2,"[3613, 1892]",sim_dissim
100,2,"[7426, 7839]",random
101,2,"[3758, 1082]",half_random
102,2,"[669, 4912]",sim_dissim
103,2,"[8230, 791]",random
104,2,"[3475, 1412]",half_random
105,2,"[4146, 3761]",sim_dissim
106,2,"[7339, 3409]",random
107,2,"[835, 1401]",half_random
108,2,"[2401, 2156]",sim_dissim
109,2,"[7865, 6651]",random
110,2,"[6709, 2411]",half_random
111,2,"[5173, 243]",sim_dissim
112,2,"[1598, 2505]",random
113,2,"[8227, 2979]",half_random
114,2,"[2156, 7544]",sim_dissim
115,2,"[6351, 2661]",random
116,2,"[805, 425]",half_random
117,2,"[1907, 7752]",sim_dissim
118,2,"[476, 8161]",random
119,2,"[685, 7440]",half_random
120,2,"[2945, 4454]",sim_dissim
121,2,"[5727, 7321]",random
122,2,"[3435, 3191]",half_random
123,2,"[6988, 6175]",sim_dissim
124,2,"[5244, 695]",random
125,2,"[5408, 5606]",half_random
126,2,"[4927, 3542]",sim_dissim
127,2,"[2026, 2255]",random
128,2,"[5966, 1108]",half_random
129,2,"[7444, 137]",sim_dissim
130,2,"[82, 3905]",random
131,2,"[849, 8165]",half_random
132,2,"[5818, 3715]",sim_dissim
133,2,"[1125, 7931]",random
134,2,"[7488, 4791]",half_random
135,2,"[3110, 7444]",sim_dissim
136,2,"[1337, 3725]",random
137,2,"[7764, 5973]",half_random
138,2,"[7444, 7715]",sim_dissim
139,2,"[5669, 6928]",random
140,2,"[2547, 7832]",half_random
141,2,"[3325, 4252]",sim_dissim
142,2,"[7555, 907]",random
143,2,"[7997, 1314]",half_random
144,2,"[2156, 369]",sim_dissim
145,2,"[6095, 2913]",random
146,2,"[2786, 5842]",half_random
147,2,"[6660, 959]",sim_dissim
148,2,"[7696, 7719]",random
149,2,"[601, 790]",half_random
150,2,"[181, 6374]",sim_dissim
151,2,"[2834, 6555]",random
152,2,"[1816, 5406]",half_random
153,2,"[357, 7817]",sim_dissim
154,2,"[4771, 84]",random
155,2,"[640, 1484]",half_random
156,2,"[4736, 181]",sim_dissim
157,2,"[4943, 4690]",random
158,2,"[3645, 2061]",half_random
159,2,"[5657, 3325]",sim_dissim
160,2,"[7636, 7929]",random
161,2,"[381, 7637]",half_random
162,2,"[340, 7603]",sim_dissim
163,2,"[3010, 6634]",random
164,2,"[7999, 7509]",half_random
165,2,"[4255, 8393]",sim_dissim
166,2,"[7344, 1386]",random
167,2,"[2953, 7481]",half_random
168,2,"[8181, 2783]",sim_dissim
169,2,"[6635, 7901]",random
170,2,"[6812, 6135]",half_random
171,2,"[5745, 4927]",sim_dissim
172,2,"[3253, 7419]",random
173,2,"[579, 7286]",half_random
174,2,"[6389, 3715]",sim_dissim
175,2,"[2976, 2599]",random
176,2,"[1898, 3192]",half_random
177,2,"[7931, 7444]",sim_dissim
178,2,"[2379, 7337]",random
179,2,"[1038, 8212]",half_random
180,2,"[2969, 3376]",sim_dissim
181,2,"[5765, 8336]",random
182,2,"[2800, 7850]",half_random
183,2,"[4255, 3463]",sim_dissim
184,2,"[4930, 8177]",random
185,2,"[329, 3421]",half_random
186,2,"[4876, 2156]",sim_dissim
187,2,"[6189, 6682]",random
188,2,"[3698, 4817]",half_random
189,2,"[5447, 7622]",sim_dissim
190,2,"[2164, 377]",random
191,2,"[13, 6386]",half_random
192,2,"[7444, 3838]",sim_dissim
193,2,"[8056, 5628]",random
194,2,"[5197, 5278]",half_random
195,2,"[8267, 340]",sim_dissim
196,2,"[5668, 3474]",random
197,2,"[4827, 3411]",half_random
198,2,"[1758, 2299]",sim_dissim
199,2,"[3560, 5642]",random
200,2,"[5751, 5522]",half_random
201,2,"[4868, 3613]",sim_dissim
202,2,"[3454, 4655]",random
203,2,"[6, 2587]",half_random
204,2,"[5728, 3318]",sim_dissim
205,2,"[3945, 3751]",random
206,2,"[5743, 6133]",half_random
207,2,"[959, 6660]",sim_dissim
208,2,"[5596, 710]",random
209,2,"[4369, 4367]",half_random
210,2,"[124, 4353]",sim_dissim
211,2,"[1912, 6848]",random
212,2,"[1245, 2777]",half_random
213,2,"[6976, 340]",sim_dissim
214,2,"[5181, 7209]",random
215,2,"[1073, 3863]",half_random
216,2,"[4868, 5745]",sim_dissim
217,2,"[4193, 3383]",random
218,2,"[1254, 3676]",half_random
219,2,"[2156, 4449]",sim_dissim
220,2,"[1499, 6829]",random
221,2,"[3932, 7581]",half_random
222,2,"[3715, 3093]",sim_dissim
223,2,"[3890, 1142]",random
224,2,"[6589, 5668]",half_random
225,2,"[1923, 6663]",sim_dissim
226,2,"[7054, 7705]",random
227,2,"[3785, 7801]",half_random
228,2,"[2123, 5139]",sim_dissim
229,2,"[6384, 2099]",random
230,2,"[3636, 6512]",half_random
231,2,"[7243, 3542]",sim_dissim
232,2,"[652, 6055]",random
233,2,"[4040, 1986]",half_random
234,2,"[3318, 657]",sim_dissim
235,2,"[1174, 1279]",random
236,2,"[3243, 3632]",half_random
237,2,"[7603, 5502]",sim_dissim
238,2,"[3467, 2815]",random
239,2,"[7824, 3960]",half_random
240,2,"[5657, 4254]",sim_dissim
241,2,"[3290, 7680]",random
242,2,"[8042, 8386]",half_random
243,2,"[5588, 7444]",sim_dissim
244,2,"[49, 8014]",random
245,2,"[4695, 2550]",half_random
246,2,"[5173, 5840]",sim_dissim
247,2,"[4140, 1862]",random
248,2,"[3912, 3699]",half_random
249,2,"[680, 7444]",sim_dissim
250,2,"[5686, 5773]",random
251,2,"[6145, 6041]",half_random
252,2,"[5745, 7664]",sim_dissim
253,2,"[7712, 3353]",random
254,2,"[5623, 8077]",half_random
255,2,"[5139, 7867]",sim_dissim
256,2,"[7365, 3919]",random
257,2,"[2862, 423]",half_random
258,2,"[2156, 2451]",sim_dissim
259,2,"[3859, 2780]",random
260,2,"[5130, 6456]",half_random
261,2,"[306, 4712]",sim_dissim
262,2,"[7083, 685]",random
263,2,"[164, 6863]",half_random
264,2,"[5745, 4684]",sim_dissim
265,2,"[6628, 8132]",random
266,2,"[6405, 562]",half_random
267,2,"[4255, 364]",sim_dissim
268,2,"[5287, 1304]",random
269,2,"[3742, 1058]",half_random
270,2,"[4712, 7867]",sim_dissim
271,2,"[3966, 5946]",random
272,2,"[3909, 6504]",half_random
273,2,"[8212, 5450]",sim_dissim
274,2,"[6612, 6963]",random
275,2,"[2214, 8196]",half_random
276,2,"[3898, 1444]",sim_dissim
277,2,"[7888, 2640]",random
278,2,"[8241, 5753]",half_random
279,2,"[4255, 2641]",sim_dissim
280,2,"[5028, 5859]",random
281,2,"[3741, 864]",half_random
282,2,"[5326, 1498]",sim_dissim
283,2,"[2956, 4519]",random
284,2,"[6369, 5614]",half_random
285,2,"[4622, 1164]",sim_dissim
286,2,"[109, 7222]",random
287,2,"[6317, 6975]",half_random
288,2,"[3987, 7444]",sim_dissim
289,2,"[5396, 7577]",random
290,2,"[5999, 6867]",half_random
291,2,"[3850, 340]",sim_dissim
292,2,"[5220, 6855]",random
293,2,"[7791, 6582]",half_random
294,2,"[8316, 7444]",sim_dissim
295,2,"[2725, 7234]",random
296,2,"[7065, 3614]",half_random
297,2,"[6265, 2656]",sim_dissim
298,2,"[6370, 3946]",random
299,2,"[8176, 5181]",half_random
300,2,"[4003, 181]",sim_dissim
301,2,"[7234, 2766]",random
302,2,"[4137, 2943]",half_random
303,2,"[5282, 4255]",sim_dissim
304,2,"[2367, 7470]",random
305,2,"[4714, 4228]",half_random
306,2,"[5502, 3768]",sim_dissim
307,2,"[2049, 6109]",random
308,2,"[4144, 6075]",half_random
309,2,"[137, 1907]",sim_dissim
310,2,"[6744, 147]",random
311,2,"[2498, 1149]",half_random
312,2,"[2785, 4254]",sim_dissim
313,2,"[5639, 4940]",random
314,2,"[5497, 4018]",half_random
315,2,"[297, 669]",sim_dissim
316,2,"[2987, 5968]",random
317,2,"[6185, 2316]",half_random
318,2,"[4514, 4463]",sim_dissim
319,2,"[6117, 1641]",random
320,2,"[1008, 4226]",half_random
321,2,"[4024, 6988]",sim_dissim
322,2,"[2363, 6167]",random
323,2,"[7639, 5058]",half_random
324,2,"[5863, 3715]",sim_dissim
325,2,"[1927, 3071]",random
326,2,"[2552, 3025]",half_random
327,2,"[3093, 5502]",sim_dissim
328,2,"[376, 8276]",random
329,2,"[771, 4711]",half_random
330,2,"[5139, 1373]",sim_dissim
331,2,"[7411, 105]",random
332,2,"[8260, 2424]",half_random
333,2,"[2461, 4712]",sim_dissim
334,2,"[1562, 8202]",random
335,2,"[1088, 2133]",half_random
336,2,"[5023, 3715]",sim_dissim
337,2,"[4170, 626]",random
338,2,"[5348, 8278]",half_random
339,2,"[2008, 2722]",sim_dissim
340,2,"[719, 2112]",random
341,2,"[1498, 4748]",half_random
342,2,"[8212, 8297]",sim_dissim
343,2,"[6584, 4440]",random
344,2,"[5612, 3819]",half_random
345,2,"[3118, 3376]",sim_dissim
346,2,"[2601, 4839]",random
347,2,"[5176, 839]",half_random
348,2,"[8096, 4254]",sim_dissim
349,2,"[5604, 689]",random
350,2,"[2041, 2116]",half_random
351,2,"[5502, 5763]",sim_dissim
352,2,"[22, 3468]",random
353,2,"[6583, 5848]",half_random
354,2,"[181, 6804]",sim_dissim
355,2,"[2447, 5996]",random
356,2,"[3826, 5963]",half_random
357,2,"[3479, 447]",sim_dissim
358,2,"[6701, 6730]",random
359,2,"[3608, 2613]",half_random
360,2,"[5502, 5555]",sim_dissim
361,2,"[7716, 2263]",random
362,2,"[606, 2019]",half_random
363,2,"[3571, 4921]",sim_dissim
364,2,"[3729, 1058]",random
365,2,"[6763, 5856]",half_random
366,2,"[3382, 181]",sim_dissim
367,2,"[3719, 678]",random
368,2,"[512, 7550]",half_random
369,2,"[1866, 5173]",sim_dissim
370,2,"[215, 781]",random
371,2,"[8173, 3423]",half_random
372,2,"[3898, 896]",sim_dissim
373,2,"[6473, 6415]",random
374,2,"[2861, 3990]",half_random
375,2,"[4463, 4255]",sim_dissim
376,2,"[5389, 6912]",random
377,2,"[8232, 7114]",half_random
378,2,"[564, 2156]",sim_dissim
379,2,"[2828, 2727]",random
380,2,"[7282, 1404]",half_random
381,2,"[30, 2156]",sim_dissim
382,2,"[2452, 5632]",random
383,2,"[6900, 5702]",half_random
384,2,"[2561, 4921]",sim_dissim
385,2,"[2138, 2742]",random
386,2,"[1778, 8240]",half_random
387,2,"[7752, 4514]",sim_dissim
388,2,"[3516, 453]",random
389,2,"[2675, 4410]",half_random
390,2,"[4029, 3898]",sim_dissim
391,2,"[6451, 438]",random
392,2,"[2271, 2786]",half_random
393,2,"[3470, 2156]",sim_dissim
394,2,"[1034, 249]",random
395,2,"[6019, 3358]",half_random
396,2,"[3613, 271]",sim_dissim
397,2,"[4695, 3471]",random
398,2,"[1898, 1703]",half_random
399,2,"[181, 1250]",sim_dissim
400,2,"[4244, 7921]",random
401,2,"[4308, 4319]",half_random
402,2,"[6592, 959]",sim_dissim
403,2,"[2073, 3881]",random
404,2,"[7785, 1234]",half_random
405,2,"[4146, 364]",sim_dissim
406,2,"[7343, 589]",random
407,2,"[4038, 6555]",half_random
408,2,"[1592, 1843]",sim_dissim
409,2,"[6976, 23]",random
410,2,"[4234, 6165]",half_random
411,2,"[6503, 543]",sim_dissim
412,2,"[7342, 1261]",random
413,2,"[6484, 4571]",half_random
414,2,"[5543, 7444]",sim_dissim
415,2,"[3865, 7922]",random
416,2,"[7383, 4621]",half_random
417,2,"[4024, 543]",sim_dissim
418,2,"[1995, 7274]",random
419,2,"[5552, 370]",half_random
420,2,"[3761, 2156]",sim_dissim
421,2,"[8397, 5646]",random
422,2,"[4219, 1933]",half_random
423,2,"[5450, 1907]",sim_dissim
424,2,"[7387, 860]",random
425,2,"[6545, 837]",half_random
426,2,"[2319, 4921]",sim_dissim
427,2,"[7398, 5568]",random
428,2,"[2225, 636]",half_random
429,2,"[2656, 5173]",sim_dissim
430,2,"[5533, 680]",random
431,2,"[4521, 7245]",half_random
432,2,"[7817, 7218]",sim_dissim
433,2,"[5246, 580]",random
434,2,"[3457, 5359]",half_random
435,2,"[7603, 5502]",sim_dissim
436,2,"[8311, 839]",random
437,2,"[3782, 1186]",half_random
438,2,"[181, 896]",sim_dissim
439,2,"[2756, 6769]",random
440,2,"[1124, 2478]",half_random
441,2,"[5139, 4083]",sim_dissim
442,2,"[2079, 4522]",random
443,2,"[4813, 5887]",half_random
444,2,"[340, 3625]",sim_dissim
445,2,"[5181, 7407]",random
446,2,"[5264, 5469]",half_random
447,2,"[8212, 5672]",sim_dissim
448,2,"[1972, 3930]",random
449,2,"[3952, 3891]",half_random
450,2,"[827, 5139]",sim_dissim
451,2,"[5753, 4644]",random
452,2,"[2451, 634]",half_random
453,2,"[5282, 7444]",sim_dissim
454,2,"[5425, 8170]",random
455,2,"[6282, 5858]",half_random
456,2,"[4921, 2123]",sim_dissim
457,2,"[3286, 7259]",random
458,2,"[906, 7025]",half_random
459,2,"[1916, 8212]",sim_dissim
460,2,"[4881, 2515]",random
461,2,"[4301, 187]",half_random
462,2,"[4921, 7087]",sim_dissim
463,2,"[7729, 5145]",random
464,2,"[7289, 7068]",half_random
465,2,"[364, 4146]",sim_dissim
466,2,"[1864, 5421]",random
467,2,"[2660, 5280]",half_random
468,2,"[6962, 2008]",sim_dissim
469,2,"[2610, 6688]",random
470,2,"[6215, 278]",half_random
471,2,"[7195, 1472]",sim_dissim
472,2,"[2774, 6340]",random
473,2,"[1480, 6309]",half_random
474,2,"[4845, 1907]",sim_dissim
475,2,"[4503, 4255]",random
476,2,"[7058, 3935]",half_random
477,2,"[626, 7817]",sim_dissim
478,2,"[6336, 7390]",random
479,2,"[6833, 4816]",half_random
480,2,"[4921, 7346]",sim_dissim
481,2,"[6408, 8211]",random
482,2,"[3596, 7297]",half_random
483,2,"[959, 5630]",sim_dissim
484,2,"[6716, 3340]",random
485,2,"[2250, 161]",half_random
486,2,"[6110, 3318]",sim_dissim
487,2,"[4952, 3235]",random
488,2,"[927, 4823]",half_random
489,2,"[1923, 181]",sim_dissim
490,2,"[7772, 5173]",random
491,2,"[5492, 3017]",half_random
492,2,"[1883, 181]",sim_dissim
493,2,"[983, 1181]",random
494,2,"[8039, 604]",half_random
495,2,"[3898, 6378]",sim_dissim
496,2,"[829, 2003]",random
497,2,"[7719, 1164]",half_random
498,2,"[2313, 5173]",sim_dissim
499,2,"[4991, 6296]",random
500,2,"[2165, 7521]",half_random
501,2,"[1444, 2156]",sim_dissim
502,2,"[7979, 8084]",random
503,2,"[4074, 285]",half_random
504,2,"[364, 5173]",sim_dissim
505,2,"[8074, 2001]",random
506,2,"[5459, 840]",half_random
507,2,"[5139, 7752]",sim_dissim
508,2,"[3368, 2336]",random
509,2,"[8224, 2497]",half_random
510,2,"[3715, 1883]",sim_dissim
511,2,"[5458, 5440]",random
512,2,"[234, 433]",half_random
513,2,"[5745, 3559]",sim_dissim
514,2,"[572, 7049]",random
515,2,"[1761, 7792]",half_random
516,2,"[7444, 5240]",sim_dissim
517,2,"[6690, 7656]",random
518,2,"[2365, 31]",half_random
519,2,"[7640, 2156]",sim_dissim
520,2,"[6782, 1484]",random
521,2,"[5609, 1472]",half_random
522,2,"[7195, 181]",sim_dissim
523,2,"[6702, 6688]",random
524,2,"[3302, 5014]",half_random
525,2,"[4275, 4255]",sim_dissim
526,2,"[452, 1085]",random
527,2,"[4469, 6203]",half_random
528,2,"[124, 2156]",sim_dissim
529,2,"[6623, 3075]",random
530,2,"[5046, 7190]",half_random
531,2,"[3613, 3761]",sim_dissim
532,2,"[8032, 5247]",random
533,2,"[519, 6172]",half_random
534,2,"[5502, 6110]",sim_dissim
535,2,"[4066, 7202]",random
536,2,"[3635, 5542]",half_random
537,2,"[3898, 1883]",sim_dissim
538,2,"[7644, 688]",random
539,2,"[5165, 4609]",half_random
540,2,"[4449, 4255]",sim_dissim
541,2,"[5293, 5366]",random
542,2,"[8359, 4648]",half_random
543,2,"[7337, 7089]",sim_dissim
544,2,"[3841, 4283]",random
545,2,"[839, 6306]",half_random
546,2,"[1800, 6988]",sim_dissim
547,2,"[3833, 7544]",random
548,2,"[3357, 3511]",half_random
549,2,"[1883, 5139]",sim_dissim
550,2,"[6192, 799]",random
551,2,"[4471, 3633]",half_random
552,2,"[959, 594]",sim_dissim
553,2,"[5836, 7849]",random
554,2,"[568, 6772]",half_random
555,2,"[7867, 3715]",sim_dissim
556,2,"[817, 6332]",random
557,2,"[6883, 5418]",half_random
558,2,"[186, 5502]",sim_dissim
559,2,"[5698, 1044]",random
560,2,"[6162, 2999]",half_random
561,2,"[6528, 4353]",sim_dissim
562,2,"[2992, 875]",random
563,2,"[4323, 8276]",half_random
564,2,"[3898, 3111]",sim_dissim
565,2,"[7196, 911]",random
566,2,"[5304, 7181]",half_random
567,2,"[181, 5023]",sim_dissim
568,2,"[6863, 3647]",random
569,2,"[8280, 8000]",half_random
570,2,"[4874, 8393]",sim_dissim
571,2,"[1519, 2312]",random
572,2,"[4686, 7831]",half_random
573,2,"[5502, 5476]",sim_dissim
574,2,"[7387, 1210]",random
575,2,"[8202, 5570]",half_random
576,2,"[447, 3895]",sim_dissim
577,2,"[780, 6350]",random
578,2,"[7344, 1829]",half_random
579,2,"[3428, 4712]",sim_dissim
580,2,"[1335, 3142]",random
581,2,"[4732, 6134]",half_random
582,2,"[8212, 3669]",sim_dissim
583,2,"[7503, 443]",random
584,2,"[1344, 2313]",half_random
585,2,"[4449, 5290]",sim_dissim
586,2,"[5632, 3599]",random
587,2,"[7118, 5148]",half_random
588,2,"[3542, 5302]",sim_dissim
589,2,"[6409, 4355]",random
590,2,"[1549, 2927]",half_random
591,2,"[3895, 3325]",sim_dissim
592,2,"[4477, 5672]",random
593,2,"[386, 4595]",half_random
594,2,"[6663, 4336]",sim_dissim
595,2,"[66, 1731]",random
596,2,"[8029, 4184]",half_random
597,2,"[3089, 3147]",sim_dissim
598,2,"[2802, 1028]",random
599,2,"[158, 4219]",half_random
600,2,"[4467, 5502]",sim_dissim
601,2,"[4532, 5985]",random
602,2,"[3189, 4260]",half_random
603,2,"[3613, 3895]",sim_dissim
604,2,"[3702, 157]",random
605,2,"[7822, 6892]",half_random
606,2,"[657, 8212]",sim_dissim
607,2,"[4861, 3423]",random
608,2,"[2465, 5878]",half_random
609,2,"[1127, 5502]",sim_dissim
610,2,"[1459, 6812]",random
611,2,"[6892, 7058]",half_random
612,2,"[959, 1444]",sim_dissim
613,2,"[2065, 3698]",random
614,2,"[4438, 6020]",half_random
615,2,"[2087, 3542]",sim_dissim
616,2,"[1886, 2834]",random
617,2,"[652, 2151]",half_random
618,2,"[8212, 5818]",sim_dissim
619,2,"[7696, 6601]",random
620,2,"[2996, 4684]",half_random
621,2,"[181, 6338]",sim_dissim
622,2,"[2171, 1679]",random
623,2,"[5127, 2261]",half_random
624,2,"[2463, 340]",sim_dissim
625,2,"[3938, 6418]",random
626,2,"[8007, 6461]",half_random
627,2,"[1792, 8212]",sim_dissim
628,2,"[7344, 8253]",random
629,2,"[4818, 1282]",half_random
630,2,"[1444, 2156]",sim_dissim
631,2,"[5357, 2566]",random
632,2,"[5017, 4140]",half_random
633,2,"[3613, 4889]",sim_dissim
634,2,"[2638, 3935]",random
635,2,"[315, 6616]",half_random
636,2,"[3325, 1592]",sim_dissim
637,2,"[5482, 7346]",random
638,2,"[1235, 5224]",half_random
639,2,"[959, 1883]",sim_dissim
640,2,"[3835, 7723]",random
641,2,"[5560, 8125]",half_random
642,2,"[1150, 8212]",sim_dissim
643,2,"[4254, 1286]",random
644,2,"[3844, 836]",half_random
645,2,"[4514, 30]",sim_dissim
646,2,"[340, 2112]",random
647,2,"[3726, 6364]",half_random
648,2,"[4696, 5173]",sim_dissim
649,2,"[3280, 3460]",random
650,2,"[5758, 4696]",half_random
651,2,"[1866, 4921]",sim_dissim
652,2,"[806, 4747]",random
653,2,"[5571, 2406]",half_random
654,2,"[8393, 4255]",sim_dissim
655,2,"[690, 4938]",random
656,2,"[2338, 7780]",half_random
657,2,"[7444, 2149]",sim_dissim
658,2,"[5054, 6017]",random
659,2,"[1261, 2632]",half_random
660,2,"[4255, 1866]",sim_dissim
661,2,"[5478, 5694]",random
662,2,"[6071, 4315]",half_random
663,2,"[3116, 7444]",sim_dissim
664,2,"[1525, 8077]",random
665,2,"[3401, 2888]",half_random
666,2,"[4353, 5968]",sim_dissim
667,2,"[1320, 657]",random
668,2,"[7172, 4581]",half_random
669,2,"[5640, 6660]",sim_dissim
670,2,"[5613, 2858]",random
671,2,"[2191, 5069]",half_random
672,2,"[2722, 2008]",sim_dissim
673,2,"[7062, 5887]",random
674,2,"[2123, 6128]",half_random
675,2,"[1062, 959]",sim_dissim
676,2,"[5751, 6114]",random
677,2,"[3206, 8234]",half_random
678,2,"[3669, 3325]",sim_dissim
679,2,"[1987, 4537]",random
680,2,"[3205, 2637]",half_random
681,2,"[4606, 7444]",sim_dissim
682,2,"[3935, 6542]",random
683,2,"[4090, 6616]",half_random
684,2,"[4736, 2156]",sim_dissim
685,2,"[8207, 1382]",random
686,2,"[6814, 2765]",half_random
687,2,"[5936, 4514]",sim_dissim
688,2,"[7435, 3168]",random
689,2,"[7938, 7922]",half_random
690,2,"[1678, 181]",sim_dissim
691,2,"[709, 6490]",random
692,2,"[2012, 2323]",half_random
693,2,"[5763, 5745]",sim_dissim
694,2,"[780, 8039]",random
695,2,"[3459, 6938]",half_random
696,2,"[657, 5502]",sim_dissim
697,2,"[451, 3356]",random
698,2,"[3194, 6990]",half_random
699,2,"[3850, 2270]",sim_dissim
700,2,"[1908, 237]",random
701,2,"[7907, 4726]",half_random
702,2,"[4255, 4073]",sim_dissim
703,2,"[329, 2450]",random
704,2,"[5903, 6865]",half_random
705,2,"[959, 1250]",sim_dissim
706,2,"[7693, 675]",random
707,2,"[2185, 221]",half_random
708,2,"[5067, 4712]",sim_dissim
709,2,"[943, 6590]",random
710,2,"[4233, 2032]",half_random
711,2,"[2095, 5883]",sim_dissim
712,2,"[3558, 5420]",random
713,2,"[532, 6624]",half_random
714,2,"[5640, 1250]",sim_dissim
715,2,"[5391, 4393]",random
716,2,"[2041, 8244]",half_random
717,2,"[7444, 594]",sim_dissim
718,2,"[5219, 2997]",random
719,2,"[3593, 4843]",half_random
720,2,"[3625, 2270]",sim_dissim
721,2,"[579, 8102]",random
722,2,"[4616, 7603]",half_random
723,2,"[5447, 1564]",sim_dissim
724,2,"[5396, 3272]",random
725,2,"[2155, 5559]",half_random
726,2,"[7849, 3715]",sim_dissim
727,2,"[2043, 6227]",random
728,2,"[1421, 6543]",half_random
729,2,"[6564, 5502]",sim_dissim
730,2,"[4627, 2878]",random
731,2,"[2467, 7061]",half_random
732,2,"[3715, 7222]",sim_dissim
733,2,"[534, 6091]",random
734,2,"[6624, 311]",half_random
735,2,"[181, 5503]",sim_dissim
736,2,"[7523, 352]",random
737,2,"[4631, 7932]",half_random
738,2,"[1678, 2156]",sim_dissim
739,2,"[2156, 310]",random
740,2,"[2704, 2430]",half_random
741,2,"[5886, 7444]",sim_dissim
742,2,"[1052, 6793]",random
743,2,"[5030, 3726]",half_random
744,2,"[1213, 2156]",sim_dissim
745,2,"[8272, 1584]",random
746,2,"[7199, 5880]",half_random
747,2,"[7750, 7444]",sim_dissim
748,2,"[6802, 708]",random
749,2,"[6022, 679]",half_random
750,2,"[8297, 2783]",sim_dissim
751,2,"[2723, 873]",random
752,2,"[1000, 2784]",half_random
753,2,"[594, 2156]",sim_dissim
754,2,"[1414, 5860]",random
755,2,"[6563, 2981]",half_random
756,2,"[4912, 5173]",sim_dissim
757,2,"[2346, 5455]",random
758,2,"[927, 634]",half_random
759,2,"[5640, 1443]",sim_dissim
760,2,"[8096, 267]",random
761,2,"[2369, 7200]",half_random
762,2,"[3715, 1062]",sim_dissim
763,2,"[2014, 6618]",random
764,2,"[5016, 3090]",half_random
765,2,"[181, 3182]",sim_dissim
766,2,"[5765, 3817]",random
767,2,"[5193, 3164]",half_random
768,2,"[5447, 5863]",sim_dissim
769,2,"[4505, 3120]",random
770,2,"[5371, 2672]",half_random
771,2,"[3715, 8009]",sim_dissim
772,2,"[6241, 1586]",random
773,2,"[7201, 4395]",half_random
774,2,"[4207, 4921]",sim_dissim
775,2,"[6597, 2217]",random
776,2,"[6192, 1819]",half_random
777,2,"[4514, 6037]",sim_dissim
778,2,"[1152, 7254]",random
779,2,"[3857, 1029]",half_random
780,2,"[2003, 3715]",sim_dissim
781,2,"[5674, 2951]",random
782,2,"[846, 4678]",half_random
783,2,"[4255, 3118]",sim_dissim
784,2,"[6750, 3076]",random
785,2,"[1899, 7157]",half_random
786,2,"[2783, 6389]",sim_dissim
787,2,"[6720, 4197]",random
788,2,"[356, 3064]",half_random
789,2,"[8212, 2461]",sim_dissim
790,2,"[5205, 7507]",random
791,2,"[1262, 560]",half_random
792,2,"[1916, 1907]",sim_dissim
793,2,"[6535, 3474]",random
794,2,"[631, 8200]",half_random
795,2,"[5543, 4514]",sim_dissim
796,2,"[3954, 5781]",random
797,2,"[2912, 7505]",half_random
798,2,"[3898, 5260]",sim_dissim
799,2,"[6511, 8206]",random
800,2,"[3684, 1983]",half_random
801,2,"[1843, 7091]",sim_dissim
802,2,"[2574, 1397]",random
803,2,"[2740, 2218]",half_random
804,2,"[7849, 1907]",sim_dissim
805,2,"[7196, 670]",random
806,2,"[3220, 1678]",half_random
807,2,"[4931, 1417]",sim_dissim
808,2,"[4269, 5450]",random
809,2,"[5029, 2445]",half_random
810,2,"[6619, 8212]",sim_dissim
811,2,"[7169, 7853]",random
812,2,"[349, 7996]",half_random
813,2,"[124, 5502]",sim_dissim
814,2,"[5532, 1787]",random
815,2,"[3528, 8122]",half_random
816,2,"[2313, 669]",sim_dissim
817,2,"[5475, 8129]",random
818,2,"[4101, 4323]",half_random
819,2,"[2716, 4931]",sim_dissim
820,2,"[626, 5841]",random
821,2,"[759, 1348]",half_random
822,2,"[1338, 5447]",sim_dissim
823,2,"[1736, 2886]",random
824,2,"[1764, 2662]",half_random
825,2,"[5173, 4684]",sim_dissim
826,2,"[6469, 3162]",random
827,2,"[4761, 7267]",half_random
828,2,"[2591, 4514]",sim_dissim
829,2,"[1039, 2273]",random
830,2,"[2113, 5980]",half_random
831,2,"[8132, 181]",sim_dissim
832,2,"[8033, 3268]",random
833,2,"[2103, 6060]",half_random
834,2,"[4083, 4712]",sim_dissim
835,2,"[1600, 6486]",random
836,2,"[2177, 4226]",half_random
837,2,"[1250, 4874]",sim_dissim
838,2,"[198, 768]",random
839,2,"[5592, 4289]",half_random
840,2,"[3559, 3542]",sim_dissim
841,2,"[413, 429]",random
842,2,"[3672, 4219]",half_random
843,2,"[2156, 4927]",sim_dissim
844,2,"[7193, 914]",random
845,2,"[6092, 1137]",half_random
846,2,"[1866, 7444]",sim_dissim
847,2,"[386, 3401]",random
848,2,"[4832, 781]",half_random
849,2,"[5282, 5447]",sim_dissim
850,2,"[625, 3274]",random
851,2,"[7205, 3825]",half_random
852,2,"[3613, 4868]",sim_dissim
853,2,"[1103, 8284]",random
854,2,"[1334, 3361]",half_random
855,2,"[4083, 1907]",sim_dissim
856,2,"[6419, 1222]",random
857,2,"[3041, 5109]",half_random
858,2,"[4514, 7752]",sim_dissim
859,2,"[330, 1167]",random
860,2,"[4779, 6831]",half_random
861,2,"[3613, 3791]",sim_dissim
862,2,"[5162, 7583]",random
863,2,"[7179, 1181]",half_random
864,2,"[7444, 3669]",sim_dissim
865,2,"[3335, 5233]",random
866,2,"[4241, 5043]",half_random
867,2,"[2299, 1843]",sim_dissim
868,2,"[6017, 4784]",random
869,2,"[4031, 4426]",half_random
870,2,"[7444, 2591]",sim_dissim
871,2,"[8323, 3549]",random
872,2,"[2601, 8317]",half_random
873,2,"[6503, 7817]",sim_dissim
874,2,"[8216, 5560]",random
875,2,"[4896, 8297]",half_random
876,2,"[1062, 3898]",sim_dissim
877,2,"[1453, 4467]",random
878,2,"[1248, 5376]",half_random
879,2,"[463, 4912]",sim_dissim
880,2,"[1613, 159]",random
881,2,"[6365, 2656]",half_random
882,2,"[3613, 8227]",sim_dissim
883,2,"[3486, 4267]",random
884,2,"[7414, 6605]",half_random
885,2,"[3376, 3554]",sim_dissim
886,2,"[4785, 2764]",random
887,2,"[6771, 4471]",half_random
888,2,"[435, 340]",sim_dissim
889,2,"[7740, 4514]",random
890,2,"[5052, 4637]",half_random
891,2,"[7087, 3318]",sim_dissim
892,2,"[1643, 8131]",random
893,2,"[3878, 2357]",half_random
894,2,"[7243, 3542]",sim_dissim
895,2,"[5981, 1755]",random
896,2,"[7006, 2687]",half_random
897,2,"[435, 1060]",sim_dissim
898,2,"[2441, 1034]",random
899,2,"[8143, 5739]",half_random
900,2,"[7444, 6592]",sim_dissim
901,2,"[2454, 351]",random
902,2,"[8114, 4396]",half_random
903,2,"[4889, 4146]",sim_dissim
904,2,"[6351, 4081]",random
905,2,"[3478, 1702]",half_random
906,2,"[4255, 4207]",sim_dissim
907,2,"[931, 5224]",random
908,2,"[2059, 3122]",half_random
909,2,"[340, 4238]",sim_dissim
910,2,"[445, 855]",random
911,2,"[5845, 2811]",half_random
912,2,"[4921, 8150]",sim_dissim
913,2,"[8193, 4676]",random
914,2,"[2115, 3458]",half_random
915,2,"[583, 4353]",sim_dissim
916,2,"[2718, 2418]",random
917,2,"[7705, 1153]",half_random
918,2,"[5745, 4868]",sim_dissim
919,2,"[7755, 7826]",random
920,2,"[3555, 2278]",half_random
921,2,"[563, 2619]",sim_dissim
922,2,"[1580, 7954]",random
923,2,"[7444, 4431]",half_random
924,2,"[1737, 563]",sim_dissim
925,2,"[7889, 8350]",random
926,2,"[4722, 2423]",half_random
927,2,"[4207, 5447]",sim_dissim
928,2,"[7551, 7967]",random
929,2,"[1657, 7231]",half_random
930,2,"[6988, 5510]",sim_dissim
931,2,"[2798, 1379]",random
932,2,"[6477, 5503]",half_random
933,2,"[5450, 4514]",sim_dissim
934,2,"[6719, 2500]",random
935,2,"[5738, 8242]",half_random
936,2,"[4845, 4712]",sim_dissim
937,2,"[7014, 3624]",random
938,2,"[2790, 7277]",half_random
939,2,"[181, 6592]",sim_dissim
940,2,"[8340, 1196]",random
941,2,"[2757, 6830]",half_random
942,2,"[5878, 3542]",sim_dissim
943,2,"[2004, 3803]",random
944,2,"[3838, 8104]",half_random
945,2,"[7444, 6374]",sim_dissim
946,2,"[2232, 5561]",random
947,2,"[5902, 4727]",half_random
948,2,"[827, 5326]",sim_dissim
949,2,"[2600, 1362]",random
950,2,"[6069, 5820]",half_random
951,2,"[3110, 4874]",sim_dissim
952,2,"[5218, 1878]",random
953,2,"[8135, 3461]",half_random
954,2,"[7222, 3715]",sim_dissim
955,2,"[6362, 5165]",random
956,2,"[5446, 3528]",half_random
957,2,"[3325, 4207]",sim_dissim
958,2,"[5798, 6419]",random
959,2,"[1383, 4471]",half_random
960,2,"[7444, 2299]",sim_dissim
961,2,"[7796, 4792]",random
962,2,"[522, 1560]",half_random
963,2,"[4712, 5588]",sim_dissim
964,2,"[1406, 2802]",random
965,2,"[3767, 7604]",half_random
966,2,"[5968, 463]",sim_dissim
967,2,"[771, 7631]",random
968,2,"[3782, 7319]",half_random
969,2,"[8316, 4921]",sim_dissim
970,2,"[3876, 4778]",random
971,2,"[647, 4736]",half_random
972,2,"[6014, 181]",sim_dissim
973,2,"[2159, 6938]",random
974,2,"[6326, 30]",half_random
975,2,"[3715, 4868]",sim_dissim
976,2,"[3594, 2921]",random
977,2,"[4588, 752]",half_random
978,2,"[5173, 3087]",sim_dissim
979,2,"[2433, 3461]",random
980,2,"[6537, 2518]",half_random
981,2,"[4259, 5173]",sim_dissim
982,2,"[3813, 7391]",random
983,2,"[3195, 5261]",half_random
984,2,"[5555, 4255]",sim_dissim
985,2,"[1009, 1517]",random
986,2,"[3345, 7804]",half_random
987,2,"[4514, 4606]",sim_dissim
988,2,"[8311, 2539]",random
989,2,"[6782, 5714]",half_random
990,2,"[2156, 886]",sim_dissim
991,2,"[2107, 3916]",random
992,2,"[5121, 1310]",half_random
993,2,"[6962, 1200]",sim_dissim
994,2,"[6864, 5603]",random
995,2,"[5223, 6148]",half_random
996,2,"[3715, 6389]",sim_dissim
997,2,"[860, 5054]",random
998,2,"[3789, 422]",half_random
999,2,"[1461, 181]",sim_dissim
1000,2,"[3728, 1994]",random
1001,2,"[1842, 7526]",half_random
1002,2,"[1417, 4712]",sim_dissim
1003,2,"[1985, 6936]",random
1004,2,"[8231, 2710]",half_random
1005,2,"[2270, 5968]",sim_dissim
1006,2,"[8374, 5598]",random
1007,2,"[7579, 1874]",half_random
1008,2,"[3325, 3118]",sim_dissim
1009,2,"[4719, 8057]",random
1010,2,"[2233, 5324]",half_random
1011,2,"[5173, 243]",sim_dissim
1012,2,"[8260, 2928]",random
1013,2,"[5720, 6667]",half_random
1014,2,"[7444, 2641]",sim_dissim
1015,2,"[2547, 3198]",random
1016,2,"[2466, 6413]",half_random
1017,2,"[3110, 4514]",sim_dissim
1018,2,"[7294, 6010]",random
1019,2,"[1764, 6850]",half_random
1020,2,"[1483, 5640]",sim_dissim
1021,2,"[8221, 3542]",random
1022,2,"[4502, 8056]",half_random
1023,2,"[4259, 5502]",sim_dissim
1024,2,"[1732, 2800]",random
1025,2,"[888, 7835]",half_random
1026,2,"[4921, 1866]",sim_dissim
1027,2,"[430, 2272]",random
1028,2,"[5733, 5147]",half_random
1029,2,"[181, 2477]",sim_dissim
1030,2,"[4068, 1778]",random
1031,2,"[2568, 5091]",half_random
1032,2,"[3342, 4152]",sim_dissim
1033,2,"[6340, 6407]",random
1034,2,"[7762, 7232]",half_random
1035,2,"[6302, 3715]",sim_dissim
1036,2,"[7779, 2028]",random
1037,2,"[7888, 2738]",half_random
1038,2,"[7503, 2156]",sim_dissim
1039,2,"[2609, 2215]",random
1040,2,"[5195, 4360]",half_random
1041,2,"[7222, 1472]",sim_dissim
1042,2,"[6470, 7139]",random
1043,2,"[7764, 4421]",half_random
1044,2,"[4208, 7444]",sim_dissim
1045,2,"[390, 4784]",random
1046,2,"[6308, 2959]",half_random
1047,2,"[2319, 3325]",sim_dissim
1048,2,"[2511, 1292]",random
1049,2,"[2789, 3291]",half_random
1050,2,"[5447, 7622]",sim_dissim
1051,2,"[4234, 4665]",random
1052,2,"[5015, 2175]",half_random
1053,2,"[2156, 8316]",sim_dissim
1054,2,"[6229, 6754]",random
1055,2,"[1435, 5313]",half_random
1056,2,"[5173, 4207]",sim_dissim
1057,2,"[7786, 7550]",random
1058,2,"[5456, 7709]",half_random
1059,2,"[181, 5763]",sim_dissim
1060,2,"[8029, 6955]",random
1061,2,"[6494, 652]",half_random
1062,2,"[4255, 4336]",sim_dissim
1063,2,"[575, 6015]",random
1064,2,"[76, 2580]",half_random
1065,2,"[5630, 2156]",sim_dissim
1066,2,"[512, 5232]",random
1067,2,"[6818, 5608]",half_random
1068,2,"[4278, 181]",sim_dissim
1069,2,"[98, 140]",random
1070,2,"[7632, 6128]",half_random
1071,2,"[2752, 5260]",sim_dissim
1072,2,"[4258, 6911]",random
1073,2,"[6845, 6285]",half_random
1074,2,"[3715, 5564]",sim_dissim
1075,2,"[2051, 1634]",random
1076,2,"[7700, 2132]",half_random
1077,2,"[3613, 7087]",sim_dissim
1078,2,"[3154, 8148]",random
1079,2,"[3896, 5785]",half_random
1080,2,"[3325, 7931]",sim_dissim
1081,2,"[5553, 7298]",random
1082,2,"[440, 794]",half_random
1083,2,"[2716, 7444]",sim_dissim
1084,2,"[485, 5431]",random
1085,2,"[5972, 126]",half_random
1086,2,"[4449, 6265]",sim_dissim
1087,2,"[5501, 6674]",random
1088,2,"[4795, 5101]",half_random
1089,2,"[181, 4238]",sim_dissim
1090,2,"[1791, 7656]",random
1091,2,"[8121, 4043]",half_random
1092,2,"[2319, 4514]",sim_dissim
1093,2,"[7641, 4614]",random
1094,2,"[5583, 7958]",half_random
1095,2,"[3318, 6564]",sim_dissim
1096,2,"[8169, 1756]",random
1097,2,"[1764, 6397]",half_random
1098,2,"[5326, 5564]",sim_dissim
1099,2,"[4788, 2029]",random
1100,2,"[8048, 7098]",half_random
1101,2,"[4736, 7444]",sim_dissim
1102,2,"[6417, 6276]",random
1103,2,"[6704, 2337]",half_random
1104,2,"[7444, 7920]",sim_dissim
1105,2,"[827, 3715]",random
1106,2,"[7125, 3608]",half_random
1107,2,"[4684, 3613]",sim_dissim
1108,2,"[8231, 6562]",random
1109,2,"[5055, 248]",half_random
1110,2,"[5139, 220]",sim_dissim
1111,2,"[3028, 4690]",random
1112,2,"[3671, 5218]",half_random
1113,2,"[4146, 8142]",sim_dissim
1114,2,"[6560, 5255]",random
1115,2,"[6791, 4137]",half_random
1116,2,"[4622, 4514]",sim_dissim
1117,2,"[1308, 3233]",random
1118,2,"[2098, 6294]",half_random
1119,2,"[3613, 7218]",sim_dissim
1120,2,"[772, 42]",random
1121,2,"[4649, 3771]",half_random
1122,2,"[181, 7087]",sim_dissim
1123,2,"[750, 1602]",random
1124,2,"[6245, 3806]",half_random
1125,2,"[181, 3987]",sim_dissim
1126,2,"[3019, 4717]",random
1127,2,"[1703, 5067]",half_random
1128,2,"[7980, 181]",sim_dissim
1129,2,"[3511, 3290]",random
1130,2,"[6147, 1044]",half_random
1131,2,"[3376, 8393]",sim_dissim
1132,2,"[5823, 3243]",random
1133,2,"[2445, 1179]",half_random
1134,2,"[271, 4255]",sim_dissim
1135,2,"[1237, 536]",random
1136,2,"[2110, 3693]",half_random
1137,2,"[7503, 2752]",sim_dissim
1138,2,"[6637, 654]",random
1139,2,"[2137, 5017]",half_random
1140,2,"[8212, 6110]",sim_dissim
1141,2,"[3884, 904]",random
1142,2,"[2589, 1863]",half_random
1143,2,"[209, 7444]",sim_dissim
1144,2,"[6826, 7319]",random
1145,2,"[4897, 3736]",half_random
1146,2,"[3376, 2785]",sim_dissim
1147,2,"[2553, 2724]",random
1148,2,"[2765, 4084]",half_random
1149,2,"[6564, 4146]",sim_dissim
1150,2,"[2476, 6251]",random
1151,2,"[8222, 6874]",half_random
1152,2,"[5282, 959]",sim_dissim
1153,2,"[6940, 6682]",random
1154,2,"[3102, 5624]",half_random
1155,2,"[4514, 3669]",sim_dissim
1156,2,"[5787, 6523]",random
1157,2,"[7942, 224]",half_random
1158,2,"[4606, 5447]",sim_dissim
1159,2,"[7053, 5877]",random
1160,2,"[977, 6945]",half_random
1161,2,"[3761, 4921]",sim_dissim
1162,2,"[2050, 2142]",random
1163,2,"[2217, 6078]",half_random
1164,2,"[1916, 4514]",sim_dissim
1165,2,"[5084, 4069]",random
1166,2,"[8373, 3403]",half_random
1167,2,"[1800, 5502]",sim_dissim
1168,2,"[5980, 7613]",random
1169,2,"[5052, 7686]",half_random
1170,2,"[7629, 4514]",sim_dissim
1171,2,"[1411, 5490]",random
1172,2,"[561, 4788]",half_random
1173,2,"[7444, 1866]",sim_dissim
1174,2,"[89, 837]",random
1175,2,"[1881, 3209]",half_random
1176,2,"[7110, 4001]",sim_dissim
1177,2,"[3931, 6567]",random
1178,2,"[6982, 1272]",half_random
1179,2,"[5173, 5657]",sim_dissim
1180,2,"[2514, 3531]",random
1181,2,"[991, 1044]",half_random
1182,2,"[3181, 3325]",sim_dissim
1183,2,"[3861, 6650]",random
1184,2,"[2947, 4423]",half_random
1185,2,"[4712, 4208]",sim_dissim
1186,2,"[3736, 6136]",random
1187,2,"[2709, 6725]",half_random
1188,2,"[5502, 3470]",sim_dissim
1189,2,"[193, 7207]",random
1190,2,"[5509, 4747]",half_random
1191,2,"[2783, 4845]",sim_dissim
1192,2,"[4692, 1353]",random
1193,2,"[4853, 4750]",half_random
1194,2,"[6037, 4514]",sim_dissim
1195,2,"[5360, 1566]",random
1196,2,"[2709, 5439]",half_random
1197,2,"[181, 2641]",sim_dissim
1198,2,"[3806, 5017]",random
1199,2,"[3288, 6024]",half_random
1200,2,"[3559, 3542]",sim_dissim
1201,2,"[6400, 5996]",random
1202,2,"[4894, 1150]",half_random
1203,2,"[3243, 4514]",sim_dissim
1204,2,"[2768, 1680]",random
1205,2,"[6826, 958]",half_random
1206,2,"[137, 2156]",sim_dissim
1207,2,"[5058, 3299]",random
1208,2,"[4973, 5902]",half_random
1209,2,"[1123, 7444]",sim_dissim
1210,2,"[5245, 1459]",random
1211,2,"[7809, 4145]",half_random
1212,2,"[2156, 2759]",sim_dissim
1213,2,"[2020, 2583]",random
1214,2,"[1636, 1554]",half_random
1215,2,"[762, 5173]",sim_dissim
1216,2,"[3565, 5074]",random
1217,2,"[1902, 4891]",half_random
1218,2,"[8026, 5502]",sim_dissim
1219,2,"[5405, 4573]",random
1220,2,"[4707, 2552]",half_random
1221,2,"[4255, 3761]",sim_dissim
1222,2,"[1594, 2680]",random
1223,2,"[5256, 6719]",half_random
1224,2,"[4003, 181]",sim_dissim
1225,2,"[1171, 1668]",random
1226,2,"[5629, 8188]",half_random
1227,2,"[1127, 7444]",sim_dissim
1228,2,"[6029, 7140]",random
1229,2,"[4155, 6503]",half_random
1230,2,"[543, 2463]",sim_dissim
1231,2,"[6763, 6465]",random
1232,2,"[2486, 3008]",half_random
1233,2,"[5510, 6988]",sim_dissim
1234,2,"[1427, 6624]",random
1235,2,"[6731, 4797]",half_random
1236,2,"[5602, 7588]",sim_dissim
1237,2,"[4853, 966]",random
1238,2,"[3748, 6585]",half_random
1239,2,"[5818, 4514]",sim_dissim
1240,2,"[4632, 1846]",random
1241,2,"[872, 5989]",half_random
1242,2,"[6378, 4514]",sim_dissim
1243,2,"[2228, 2956]",random
1244,2,"[3731, 1424]",half_random
1245,2,"[1200, 5502]",sim_dissim
1246,2,"[7313, 6041]",random
1247,2,"[1414, 6314]",half_random
1248,2,"[5326, 1461]",sim_dissim
1249,2,"[4839, 2975]",random
1250,2,"[2386, 7383]",half_random
1251,2,"[657, 2270]",sim_dissim
1252,2,"[4855, 2260]",random
1253,2,"[8372, 7151]",half_random
1254,2,"[4146, 6564]",sim_dissim
1255,2,"[2358, 7359]",random
1256,2,"[5950, 2073]",half_random
1257,2,"[8096, 4921]",sim_dissim
1258,2,"[7050, 2107]",random
1259,2,"[4150, 5679]",half_random
1260,2,"[4876, 5290]",sim_dissim
1261,2,"[3183, 3834]",random
1262,2,"[5393, 962]",half_random
1263,2,"[297, 669]",sim_dissim
1264,2,"[5905, 7959]",random
1265,2,"[5514, 3856]",half_random
1266,2,"[8212, 657]",sim_dissim
1267,2,"[7382, 6572]",random
1268,2,"[1110, 6219]",half_random
1269,2,"[4083, 3715]",sim_dissim
1270,2,"[1843, 8225]",random
1271,2,"[7005, 6109]",half_random
1272,2,"[1923, 5290]",sim_dissim
1273,2,"[7036, 2410]",random
1274,2,"[4638, 5076]",half_random
1275,2,"[6302, 959]",sim_dissim
1276,2,"[7594, 5817]",random
1277,2,"[392, 634]",half_random
1278,2,"[5502, 6037]",sim_dissim
1279,2,"[7898, 7295]",random
1280,2,"[2016, 3763]",half_random
1281,2,"[4712, 3116]",sim_dissim
1282,2,"[5850, 7719]",random
1283,2,"[2198, 7483]",half_random
1284,2,"[4874, 4845]",sim_dissim
1285,2,"[5553, 3055]",random
1286,2,"[3554, 700]",half_random
1287,2,"[762, 181]",sim_dissim
1288,2,"[5319, 2602]",random
1289,2,"[3634, 3693]",half_random
1290,2,"[181, 4449]",sim_dissim
1291,2,"[4052, 662]",random
1292,2,"[5041, 1850]",half_random
1293,2,"[5173, 243]",sim_dissim
1294,2,"[66, 5900]",random
1295,2,"[6945, 4629]",half_random
1296,2,"[8026, 5502]",sim_dissim
1297,2,"[599, 1943]",random
1298,2,"[766, 4916]",half_random
1299,2,"[8132, 2156]",sim_dissim
1300,2,"[7488, 2538]",random
1301,2,"[3252, 1717]",half_random
1302,2,"[3715, 5450]",sim_dissim
1303,2,"[5195, 5529]",random
1304,2,"[1968, 3737]",half_random
1305,2,"[5728, 2722]",sim_dissim
1306,2,"[5229, 5831]",random
1307,2,"[7308, 6218]",half_random
1308,2,"[5502, 3463]",sim_dissim
1309,2,"[6386, 1050]",random
1310,2,"[5731, 2985]",half_random
1311,2,"[4921, 3838]",sim_dissim
1312,2,"[2359, 5481]",random
1313,2,"[1242, 2111]",half_random
1314,2,"[3325, 2401]",sim_dissim
1315,2,"[4399, 5159]",random
1316,2,"[7518, 1600]",half_random
1317,2,"[181, 896]",sim_dissim
1318,2,"[4208, 3288]",random
1319,2,"[1546, 2048]",half_random
1320,2,"[181, 6180]",sim_dissim
1321,2,"[8383, 3064]",random
1322,2,"[4885, 1130]",half_random
1323,2,"[6180, 3613]",sim_dissim
1324,2,"[4642, 5805]",random
1325,2,"[2881, 6483]",half_random
1326,2,"[3715, 2477]",sim_dissim
1327,2,"[117, 2215]",random
1328,2,"[343, 2973]",half_random
1329,2,"[7622, 5640]",sim_dissim
1330,2,"[5343, 6059]",random
1331,2,"[7110, 6517]",half_random
1332,2,"[5139, 3382]",sim_dissim
1333,2,"[5464, 4573]",random
1334,2,"[5228, 7847]",half_random
1335,2,"[5898, 4514]",sim_dissim
1336,2,"[662, 4330]",random
1337,2,"[8277, 3137]",half_random
1338,2,"[5818, 7444]",sim_dissim
1339,2,"[4985, 5390]",random
1340,2,"[788, 2624]",half_random
1341,2,"[5502, 5968]",sim_dissim
1342,2,"[729, 7857]",random
1343,2,"[6127, 981]",half_random
1344,2,"[2156, 5228]",sim_dissim
1345,2,"[2626, 5649]",random
1346,2,"[1018, 2190]",half_random
1347,2,"[181, 762]",sim_dissim
1348,2,"[4217, 8096]",random
1349,2,"[4750, 4457]",half_random
1350,2,"[3613, 357]",sim_dissim
1351,2,"[6362, 6627]",random
1352,2,"[6216, 4059]",half_random
1353,2,"[5310, 7444]",sim_dissim
1354,2,"[2314, 4443]",random
1355,2,"[2248, 703]",half_random
1356,2,"[583, 2156]",sim_dissim
1357,2,"[472, 4238]",random
1358,2,"[7978, 1416]",half_random
1359,2,"[3542, 6548]",sim_dissim
1360,2,"[7594, 4868]",random
1361,2,"[1937, 1636]",half_random
1362,2,"[181, 3116]",sim_dissim
1363,2,"[390, 4003]",random
1364,2,"[3254, 4880]",half_random
1365,2,"[8148, 181]",sim_dissim
1366,2,"[1903, 2729]",random
1367,2,"[3698, 3533]",half_random
1368,2,"[2656, 6962]",sim_dissim
1369,2,"[1014, 4274]",random
1370,2,"[1527, 569]",half_random
1371,2,"[4730, 1737]",sim_dissim
1372,2,"[580, 7449]",random
1373,2,"[6976, 7348]",half_random
1374,2,"[692, 6781]",sim_dissim
1375,2,"[4686, 3870]",random
1376,2,"[3135, 146]",half_random
1377,2,"[594, 5447]",sim_dissim
1378,2,"[6279, 5290]",random
1379,2,"[3597, 3941]",half_random
1380,2,"[2945, 7987]",sim_dissim
1381,2,"[6217, 7643]",random
1382,2,"[6450, 7969]",half_random
1383,2,"[8148, 181]",sim_dissim
1384,2,"[199, 1974]",random
1385,2,"[2927, 7944]",half_random
1386,2,"[1150, 4514]",sim_dissim
1387,2,"[7206, 6265]",random
1388,2,"[881, 4508]",half_random
1389,2,"[6660, 5326]",sim_dissim
1390,2,"[4172, 8164]",random
1391,2,"[8263, 1034]",half_random
1392,2,"[4514, 5898]",sim_dissim
1393,2,"[7820, 1955]",random
1394,2,"[7390, 3514]",half_random
1395,2,"[4921, 7346]",sim_dissim
1396,2,"[4304, 1127]",random
1397,2,"[644, 5912]",half_random
1398,2,"[5745, 1127]",sim_dissim
1399,2,"[2485, 2225]",random
1400,2,"[4542, 7862]",half_random
1401,2,"[7750, 5447]",sim_dissim
1402,2,"[2297, 1973]",random
1403,2,"[8014, 1396]",half_random
1404,2,"[543, 357]",sim_dissim
1405,2,"[1313, 892]",random
1406,2,"[2683, 3811]",half_random
1407,2,"[7444, 7356]",sim_dissim
1408,2,"[4552, 3046]",random
1409,2,"[3354, 3826]",half_random
1410,2,"[4255, 137]",sim_dissim
1411,2,"[767, 1339]",random
1412,2,"[7028, 4000]",half_random
1413,2,"[5173, 7603]",sim_dissim
1414,2,"[782, 6045]",random
1415,2,"[3470, 8226]",half_random
1416,2,"[2156, 4259]",sim_dissim
1417,2,"[5744, 2535]",random
1418,2,"[6955, 3715]",half_random
1419,2,"[2792, 5139]",sim_dissim
1420,2,"[4726, 6352]",random
1421,2,"[2117, 7635]",half_random
1422,2,"[5502, 3761]",sim_dissim
1423,2,"[1032, 104]",random
1424,2,"[7058, 949]",half_random
1425,2,"[2759, 5326]",sim_dissim
1426,2,"[3156, 5824]",random
1427,2,"[1080, 4946]",half_random
1428,2,"[4514, 3110]",sim_dissim
1429,2,"[1669, 7660]",random
1430,2,"[6882, 6239]",half_random
1431,2,"[959, 8150]",sim_dissim
1432,2,"[361, 8005]",random
1433,2,"[422, 6917]",half_random
1434,2,"[1792, 4712]",sim_dissim
1435,2,"[4203, 242]",random
1436,2,"[5224, 5811]",half_random
1437,2,"[7444, 4899]",sim_dissim
1438,2,"[7715, 1598]",random
1439,2,"[4140, 2364]",half_random
1440,2,"[5502, 3625]",sim_dissim
1441,2,"[5492, 2505]",random
1442,2,"[7452, 3484]",half_random
1443,2,"[563, 2270]",sim_dissim
1444,2,"[3251, 1170]",random
1445,2,"[1679, 6147]",half_random
1446,2,"[1678, 4514]",sim_dissim
1447,2,"[6634, 6056]",random
1448,2,"[5268, 4066]",half_random
1449,2,"[435, 543]",sim_dissim
1450,2,"[3302, 2306]",random
1451,2,"[2441, 223]",half_random
1452,2,"[5745, 4868]",sim_dissim
1453,2,"[7608, 6894]",random
1454,2,"[4098, 499]",half_random
1455,2,"[5447, 5260]",sim_dissim
1456,2,"[8273, 1359]",random
1457,2,"[2111, 1439]",half_random
1458,2,"[669, 7087]",sim_dissim
1459,2,"[6485, 8049]",random
1460,2,"[3185, 4878]",half_random
1461,2,"[5502, 4003]",sim_dissim
1462,2,"[2007, 5030]",random
1463,2,"[4903, 6856]",half_random
1464,2,"[3669, 5502]",sim_dissim
1465,2,"[8048, 4814]",random
1466,2,"[1199, 8085]",half_random
1467,2,"[2123, 5640]",sim_dissim
1468,2,"[1500, 4161]",random
1469,2,"[761, 684]",half_random
1470,2,"[5447, 7349]",sim_dissim
1471,2,"[170, 4465]",random
1472,2,"[7221, 5]",half_random
1473,2,"[181, 6503]",sim_dissim
1474,2,"[2897, 6092]",random
1475,2,"[2357, 7805]",half_random
1476,2,"[1737, 6767]",sim_dissim
1477,2,"[4972, 5977]",random
1478,2,"[6582, 2054]",half_random
1479,2,"[3318, 78]",sim_dissim
1480,2,"[3175, 5993]",random
1481,2,"[4986, 5538]",half_random
1482,2,"[4208, 2783]",sim_dissim
1483,2,"[1161, 8288]",random
1484,2,"[2173, 6226]",half_random
1485,2,"[2156, 2561]",sim_dissim
1486,2,"[6004, 8230]",random
1487,2,"[7916, 5884]",half_random
1488,2,"[463, 5728]",sim_dissim
1489,2,"[3208, 2605]",random
1490,2,"[1075, 4573]",half_random
1491,2,"[1062, 3898]",sim_dissim
1492,2,"[7221, 6541]",random
1493,2,"[269, 8078]",half_random
1494,2,"[2156, 8325]",sim_dissim
1495,2,"[5441, 4812]",random
1496,2,"[1724, 7952]",half_random
1497,2,"[2156, 1417]",sim_dissim
1498,2,"[2023, 2951]",random
1499,2,"[1431, 4921]",half_random
1500,2,"[5139, 30]",sim_dissim
1501,2,"[2262, 1794]",random
1502,2,"[5879, 3442]",half_random
1503,2,"[4255, 4889]",sim_dissim
1504,2,"[6121, 12]",random
1505,2,"[807, 3284]",half_random
1506,2,"[297, 2722]",sim_dissim
1507,2,"[4193, 7489]",random
1508,2,"[5601, 2986]",half_random
1509,2,"[2156, 8150]",sim_dissim
1510,2,"[1376, 3836]",random
1511,2,"[6787, 1029]",half_random
1512,2,"[6965, 4514]",sim_dissim
1513,2,"[2232, 8085]",random
1514,2,"[1552, 627]",half_random
1515,2,"[959, 8302]",sim_dissim
1516,2,"[6237, 638]",random
1517,2,"[8003, 7890]",half_random
1518,2,"[5282, 7444]",sim_dissim
1519,2,"[5981, 260]",random
1520,2,"[8004, 6087]",half_random
1521,2,"[959, 7715]",sim_dissim
1522,2,"[454, 856]",random
1523,2,"[1744, 4553]",half_random
1524,2,"[1916, 2156]",sim_dissim
1525,2,"[5601, 2386]",random
1526,2,"[2031, 4367]",half_random
1527,2,"[2319, 7444]",sim_dissim
1528,2,"[1302, 460]",random
1529,2,"[5087, 31]",half_random
1530,2,"[3895, 3325]",sim_dissim
1531,2,"[1705, 831]",random
1532,2,"[1752, 431]",half_random
1533,2,"[5936, 3715]",sim_dissim
1534,2,"[7165, 986]",random
1535,2,"[4280, 6655]",half_random
1536,2,"[1695, 3613]",sim_dissim
1537,2,"[776, 5475]",random
1538,2,"[3306, 7788]",half_random
1539,2,"[4083, 5139]",sim_dissim
1540,2,"[1578, 3789]",random
1541,2,"[690, 2237]",half_random
1542,2,"[2783, 1791]",sim_dissim
1543,2,"[7101, 2273]",random
1544,2,"[532, 8038]",half_random
1545,2,"[124, 6962]",sim_dissim
1546,2,"[6871, 4609]",random
1547,2,"[8244, 5988]",half_random
1548,2,"[3768, 4921]",sim_dissim
1549,2,"[6956, 4443]",random
1550,2,"[5837, 8202]",half_random
1551,2,"[8142, 3342]",sim_dissim
1552,2,"[2530, 668]",random
1553,2,"[7676, 5881]",half_random
1554,2,"[463, 3791]",sim_dissim
1555,2,"[1020, 8059]",random
1556,2,"[1473, 6557]",half_random
1557,2,"[447, 5728]",sim_dissim
1558,2,"[366, 3610]",random
1559,2,"[1156, 8395]",half_random
1560,2,"[7243, 5502]",sim_dissim
1561,2,"[2712, 7731]",random
1562,2,"[929, 739]",half_random
1563,2,"[4207, 959]",sim_dissim
1564,2,"[7271, 2356]",random
1565,2,"[3891, 7537]",half_random
1566,2,"[266, 692]",sim_dissim
1567,2,"[948, 3530]",random
1568,2,"[1247, 2373]",half_random
1569,2,"[3318, 3895]",sim_dissim
1570,2,"[6679, 2436]",random
1571,2,"[7779, 7476]",half_random
1572,2,"[4336, 5290]",sim_dissim
1573,2,"[5563, 4128]",random
1574,2,"[8184, 5170]",half_random
1575,2,"[1483, 4255]",sim_dissim
1576,2,"[3428, 1224]",random
1577,2,"[6013, 329]",half_random
1578,2,"[4874, 5543]",sim_dissim
1579,2,"[6325, 4029]",random
1580,2,"[3606, 7629]",half_random
1581,2,"[6767, 3613]",sim_dissim
1582,2,"[2646, 2389]",random
1583,2,"[7292, 6936]",half_random
1584,2,"[6619, 7441]",sim_dissim
1585,2,"[8275, 6313]",random
1586,2,"[6380, 6579]",half_random
1587,2,"[959, 6374]",sim_dissim
1588,2,"[1600, 3747]",random
1589,2,"[2945, 7760]",half_random
1590,2,"[583, 669]",sim_dissim
1591,2,"[6977, 486]",random
1592,2,"[6730, 7151]",half_random
1593,2,"[5564, 5326]",sim_dissim
1594,2,"[1155, 6629]",random
1595,2,"[7475, 7400]",half_random
1596,2,"[3715, 3554]",sim_dissim
1597,2,"[7119, 488]",random
1598,2,"[3453, 281]",half_random
1599,2,"[3318, 3046]",sim_dissim
1600,2,"[2330, 3121]",random
1601,2,"[6334, 4297]",half_random
1602,2,"[181, 693]",sim_dissim
1603,2,"[3158, 4152]",random
1604,2,"[6465, 1512]",half_random
1605,2,"[1346, 1907]",sim_dissim
1606,2,"[2908, 1376]",random
1607,2,"[6355, 3958]",half_random
1608,2,"[3470, 5502]",sim_dissim
1609,2,"[426, 1385]",random
1610,2,"[6632, 8083]",half_random
1611,2,"[4255, 364]",sim_dissim
1612,2,"[2277, 5532]",random
1613,2,"[4375, 5250]",half_random
1614,2,"[4146, 6976]",sim_dissim
1615,2,"[5505, 1479]",random
1616,2,"[93, 1899]",half_random
1617,2,"[7987, 340]",sim_dissim
1618,2,"[3595, 7605]",random
1619,2,"[4837, 7236]",half_random
1620,2,"[5290, 1923]",sim_dissim
1621,2,"[3965, 2574]",random
1622,2,"[7657, 6992]",half_random
1623,2,"[4921, 2842]",sim_dissim
1624,2,"[4345, 5629]",random
1625,2,"[5446, 4763]",half_random
1626,2,"[1211, 4514]",sim_dissim
1627,2,"[542, 2852]",random
1628,2,"[3602, 5450]",half_random
1629,2,"[594, 2752]",sim_dissim
1630,2,"[1601, 1277]",random
1631,2,"[6499, 7429]",half_random
1632,2,"[4912, 463]",sim_dissim
1633,2,"[5606, 2716]",random
1634,2,"[6124, 2192]",half_random
1635,2,"[5603, 3542]",sim_dissim
1636,2,"[7703, 3561]",random
1637,2,"[3312, 5249]",half_random
1638,2,"[7089, 7987]",sim_dissim
1639,2,"[2908, 6169]",random
1640,2,"[3459, 5821]",half_random
1641,2,"[1443, 5640]",sim_dissim
1642,2,"[7177, 1441]",random
1643,2,"[7807, 1540]",half_random
1644,2,"[5173, 7629]",sim_dissim
1645,2,"[6298, 2201]",random
1646,2,"[6478, 7999]",half_random
1647,2,"[4921, 4073]",sim_dissim
1648,2,"[3005, 1892]",random
1649,2,"[4280, 3575]",half_random
1650,2,"[3026, 5290]",sim_dissim
1651,2,"[3949, 7240]",random
1652,2,"[3994, 1894]",half_random
1653,2,"[3376, 5588]",sim_dissim
1654,2,"[4004, 7545]",random
1655,2,"[4244, 2769]",half_random
1656,2,"[5840, 5173]",sim_dissim
1657,2,"[3522, 461]",random
1658,2,"[1164, 2201]",half_random
1659,2,"[5476, 3318]",sim_dissim
1660,2,"[1223, 2680]",random
1661,2,"[6618, 2473]",half_random
1662,2,"[7444, 1213]",sim_dissim
1663,2,"[2664, 5401]",random
1664,2,"[734, 39]",half_random
1665,2,"[2516, 6378]",sim_dissim
1666,2,"[4902, 6494]",random
1667,2,"[4161, 2477]",half_random
1668,2,"[8148, 7089]",sim_dissim
1669,2,"[5393, 3659]",random
1670,2,"[5557, 3643]",half_random
1671,2,"[5502, 3428]",sim_dissim
1672,2,"[4549, 1689]",random
1673,2,"[8070, 5296]",half_random
1674,2,"[959, 2591]",sim_dissim
1675,2,"[153, 5754]",random
1676,2,"[5344, 75]",half_random
1677,2,"[5240, 7444]",sim_dissim
1678,2,"[1105, 874]",random
1679,2,"[5409, 4272]",half_random
1680,2,"[5502, 7640]",sim_dissim
1681,2,"[2529, 8057]",random
1682,2,"[4353, 3870]",half_random
1683,2,"[7622, 4514]",sim_dissim
1684,2,"[7654, 4159]",random
1685,2,"[6362, 5140]",half_random
1686,2,"[5139, 4845]",sim_dissim
1687,2,"[1937, 1901]",random
1688,2,"[1795, 1869]",half_random
1689,2,"[1060, 6175]",sim_dissim
1690,2,"[1046, 3128]",random
1691,2,"[600, 3191]",half_random
1692,2,"[4146, 169]",sim_dissim
1693,2,"[5053, 414]",random
1694,2,"[5559, 1599]",half_random
1695,2,"[8181, 3715]",sim_dissim
1696,2,"[3771, 3232]",random
1697,2,"[2112, 4646]",half_random
1698,2,"[4255, 7346]",sim_dissim
1699,2,"[5898, 5817]",random
1700,2,"[133, 2570]",half_random
1701,2,"[1444, 7444]",sim_dissim
1702,2,"[5285, 5140]",random
1703,2,"[3560, 1872]",half_random
1704,2,"[7089, 5763]",sim_dissim
1705,2,"[2402, 964]",random
1706,2,"[4222, 1496]",half_random
1707,2,"[7544, 447]",sim_dissim
1708,2,"[7063, 4452]",random
1709,2,"[2922, 3040]",half_random
1710,2,"[447, 7087]",sim_dissim
1711,2,"[4656, 4219]",random
1712,2,"[2864, 5853]",half_random
1713,2,"[3715, 4003]",sim_dissim
1714,2,"[107, 5717]",random
1715,2,"[7700, 1311]",half_random
1716,2,"[7817, 6503]",sim_dissim
1717,2,"[8065, 759]",random
1718,2,"[631, 7160]",half_random
1719,2,"[306, 4874]",sim_dissim
1720,2,"[8399, 8302]",random
1721,2,"[4581, 2232]",half_random
1722,2,"[4514, 2879]",sim_dissim
1723,2,"[7419, 336]",random
1724,2,"[4431, 3045]",half_random
1725,2,"[181, 6592]",sim_dissim
1726,2,"[7227, 6444]",random
1727,2,"[84, 880]",half_random
1728,2,"[4845, 7444]",sim_dissim
1729,2,"[7598, 3718]",random
1730,2,"[7468, 3796]",half_random
1731,2,"[7444, 7849]",sim_dissim
1732,2,"[971, 3406]",random
1733,2,"[5998, 8172]",half_random
1734,2,"[4927, 3613]",sim_dissim
1735,2,"[6791, 3580]",random
1736,2,"[961, 2144]",half_random
1737,2,"[4255, 5687]",sim_dissim
1738,2,"[3518, 7735]",random
1739,2,"[6921, 6811]",half_random
1740,2,"[3111, 959]",sim_dissim
1741,2,"[6633, 3046]",random
1742,2,"[7328, 454]",half_random
1743,2,"[2945, 7664]",sim_dissim
1744,2,"[7536, 3481]",random
1745,2,"[384, 6445]",half_random
1746,2,"[7444, 7745]",sim_dissim
1747,2,"[5987, 7378]",random
1748,2,"[6530, 7394]",half_random
1749,2,"[8212, 5036]",sim_dissim
1750,2,"[3664, 5619]",random
1751,2,"[3160, 4108]",half_random
1752,2,"[4255, 6592]",sim_dissim
1753,2,"[97, 5471]",random
1754,2,"[2456, 4298]",half_random
1755,2,"[1758, 6037]",sim_dissim
1756,2,"[6371, 4166]",random
1757,2,"[4448, 2058]",half_random
1758,2,"[181, 6014]",sim_dissim
1759,2,"[4670, 5462]",random
1760,2,"[3425, 5601]",half_random
1761,2,"[7867, 5447]",sim_dissim
1762,2,"[6811, 4856]",random
1763,2,"[6341, 747]",half_random
1764,2,"[3613, 5603]",sim_dissim
1765,2,"[8330, 4228]",random
1766,2,"[218, 874]",half_random
1767,2,"[181, 2716]",sim_dissim
1768,2,"[7016, 766]",random
1769,2,"[7557, 4618]",half_random
1770,2,"[1883, 7444]",sim_dissim
1771,2,"[7011, 459]",random
1772,2,"[3553, 7158]",half_random
1773,2,"[3181, 669]",sim_dissim
1774,2,"[6089, 5590]",random
1775,2,"[4880, 6088]",half_random
1776,2,"[4514, 4622]",sim_dissim
1777,2,"[18, 2898]",random
1778,2,"[5229, 7050]",half_random
1779,2,"[5924, 1907]",sim_dissim
1780,2,"[5953, 904]",random
1781,2,"[7622, 445]",half_random
1782,2,"[7222, 3715]",sim_dissim
1783,2,"[910, 2159]",random
1784,2,"[1599, 2738]",half_random
1785,2,"[2087, 181]",sim_dissim
1786,2,"[6995, 6630]",random
1787,2,"[2669, 6088]",half_random
1788,2,"[2156, 7091]",sim_dissim
1789,2,"[7869, 5374]",random
1790,2,"[1698, 6551]",half_random
1791,2,"[7089, 7664]",sim_dissim
1792,2,"[8181, 4248]",random
1793,2,"[4499, 81]",half_random
1794,2,"[3791, 3318]",sim_dissim
1795,2,"[7855, 4312]",random
1796,2,"[5883, 2241]",half_random
1797,2,"[8088, 4255]",sim_dissim
1798,2,"[5589, 5105]",random
1799,2,"[4450, 4288]",half_random
1800,2,"[2945, 2716]",sim_dissim
1801,2,"[2325, 3378]",random
1802,2,"[4676, 8246]",half_random
1803,2,"[5326, 1883]",sim_dissim
1804,2,"[3503, 5112]",random
1805,2,"[7421, 2542]",half_random
1806,2,"[5502, 5260]",sim_dissim
1807,2,"[1776, 5307]",random
1808,2,"[3776, 5839]",half_random
1809,2,"[4252, 4921]",sim_dissim
1810,2,"[6031, 972]",random
1811,2,"[5025, 4781]",half_random
1812,2,"[8325, 4146]",sim_dissim
1813,2,"[5727, 6355]",random
1814,2,"[7774, 2424]",half_random
1815,2,"[5640, 827]",sim_dissim
1816,2,"[211, 3245]",random
1817,2,"[442, 2283]",half_random
1818,2,"[2752, 1547]",sim_dissim
1819,2,"[8354, 2434]",random
1820,2,"[1247, 3448]",half_random
1821,2,"[5502, 896]",sim_dissim
1822,2,"[3053, 6920]",random
1823,2,"[875, 6626]",half_random
1824,2,"[3318, 3791]",sim_dissim
1825,2,"[4333, 6654]",random
1826,2,"[5904, 3691]",half_random
1827,2,"[297, 3318]",sim_dissim
1828,2,"[8130, 6703]",random
1829,2,"[8204, 4517]",half_random
1830,2,"[5326, 8181]",sim_dissim
1831,2,"[5260, 7377]",random
1832,2,"[7060, 5841]",half_random
1833,2,"[8212, 1150]",sim_dissim
1834,2,"[6603, 6170]",random
1835,2,"[2769, 2500]",half_random
1836,2,"[3715, 5450]",sim_dissim
1837,2,"[8176, 1482]",random
1838,2,"[7525, 1006]",half_random
1839,2,"[4278, 959]",sim_dissim
1840,2,"[4737, 2249]",random
1841,2,"[1970, 1365]",half_random
1842,2,"[6976, 5173]",sim_dissim
1843,2,"[6025, 7961]",random
1844,2,"[334, 2380]",half_random
1845,2,"[8212, 657]",sim_dissim
1846,2,"[6574, 7919]",random
1847,2,"[4034, 4177]",half_random
1848,2,"[7444, 7091]",sim_dissim
1849,2,"[8128, 1570]",random
1850,2,"[578, 7491]",half_random
1851,2,"[4222, 959]",sim_dissim
1852,2,"[782, 2976]",random
1853,2,"[7493, 3552]",half_random
1854,2,"[1443, 7444]",sim_dissim
1855,2,"[2489, 1851]",random
1856,2,"[4045, 7326]",half_random
1857,2,"[7091, 7444]",sim_dissim
1858,2,"[2046, 7682]",random
1859,2,"[8144, 3328]",half_random
1860,2,"[5139, 4083]",sim_dissim
1861,2,"[3264, 2168]",random
1862,2,"[7822, 6152]",half_random
1863,2,"[2792, 8212]",sim_dissim
1864,2,"[4384, 6816]",random
1865,2,"[7314, 3782]",half_random
1866,2,"[3325, 5335]",sim_dissim
1867,2,"[2714, 4358]",random
1868,2,"[8051, 1196]",half_random
1869,2,"[1060, 3625]",sim_dissim
1870,2,"[5329, 564]",random
1871,2,"[5695, 3031]",half_random
1872,2,"[5745, 2087]",sim_dissim
1873,2,"[4575, 7048]",random
1874,2,"[5487, 6495]",half_random
1875,2,"[3528, 5502]",sim_dissim
1876,2,"[6112, 2824]",random
1877,2,"[741, 543]",half_random
1878,2,"[3813, 1758]",sim_dissim
1879,2,"[4741, 600]",random
1880,2,"[6977, 8232]",half_random
1881,2,"[3470, 3318]",sim_dissim
1882,2,"[3834, 5351]",random
1883,2,"[5906, 3666]",half_random
1884,2,"[2156, 2879]",sim_dissim
1885,2,"[4536, 49]",random
1886,2,"[6416, 922]",half_random
1887,2,"[2156, 8132]",sim_dissim
1888,2,"[2450, 6674]",random
1889,2,"[5140, 4500]",half_random
1890,2,"[1892, 3613]",sim_dissim
1891,2,"[3372, 6992]",random
1892,2,"[4038, 560]",half_random
1893,2,"[3325, 4207]",sim_dissim
1894,2,"[6334, 3313]",random
1895,2,"[2498, 7883]",half_random
1896,2,"[7444, 306]",sim_dissim
1897,2,"[4693, 7427]",random
1898,2,"[1195, 8044]",half_random
1899,2,"[5335, 4921]",sim_dissim
1900,2,"[4559, 4646]",random
1901,2,"[2584, 1413]",half_random
1902,2,"[3026, 5502]",sim_dissim
1903,2,"[7691, 5477]",random
1904,2,"[1218, 7511]",half_random
1905,2,"[762, 3715]",sim_dissim
1906,2,"[1660, 980]",random
1907,2,"[5692, 2740]",half_random
1908,2,"[5447, 7752]",sim_dissim
1909,2,"[2473, 5703]",random
1910,2,"[2128, 995]",half_random
1911,2,"[5728, 463]",sim_dissim
1912,2,"[8085, 2806]",random
1913,2,"[1077, 5383]",half_random
1914,2,"[340, 8267]",sim_dissim
1915,2,"[7647, 1651]",random
1916,2,"[4783, 4118]",half_random
1917,2,"[1150, 8212]",sim_dissim
1918,2,"[5896, 4969]",random
1919,2,"[2436, 4808]",half_random
1920,2,"[2156, 1592]",sim_dissim
1921,2,"[41, 2668]",random
1922,2,"[6682, 3709]",half_random
1923,2,"[5302, 3542]",sim_dissim
1924,2,"[1145, 5778]",random
1925,2,"[5035, 7465]",half_random
1926,2,"[7346, 959]",sim_dissim
1927,2,"[6582, 2592]",random
1928,2,"[4696, 6787]",half_random
1929,2,"[7089, 7640]",sim_dissim
1930,2,"[7140, 2380]",random
1931,2,"[7575, 1864]",half_random
1932,2,"[181, 7087]",sim_dissim
1933,2,"[7582, 159]",random
1934,2,"[5389, 7034]",half_random
1935,2,"[4029, 959]",sim_dissim
1936,2,"[6525, 5005]",random
1937,2,"[7705, 3365]",half_random
1938,2,"[3768, 3325]",sim_dissim
1939,2,"[5576, 6591]",random
1940,2,"[2027, 3099]",half_random
1941,2,"[3110, 3376]",sim_dissim
1942,2,"[1138, 3950]",random
1943,2,"[4349, 7138]",half_random
1944,2,"[2156, 2451]",sim_dissim
1945,2,"[5627, 2022]",random
1946,2,"[6423, 2420]",half_random
1947,2,"[5326, 2003]",sim_dissim
1948,2,"[4809, 8060]",random
1949,2,"[5622, 8158]",half_random
1950,2,"[7444, 1250]",sim_dissim
1951,2,"[1860, 6480]",random
1952,2,"[1968, 6870]",half_random
1953,2,"[7444, 6804]",sim_dissim
1954,2,"[369, 5685]",random
1955,2,"[3149, 4391]",half_random
1956,2,"[7980, 2156]",sim_dissim
1957,2,"[7487, 395]",random
1958,2,"[753, 8330]",half_random
1959,2,"[5883, 5602]",sim_dissim
1960,2,"[7097, 6300]",random
1961,2,"[4928, 3706]",half_random
1962,2,"[2716, 7444]",sim_dissim
1963,2,"[5005, 5557]",random
1964,2,"[1065, 4404]",half_random
1965,2,"[1127, 3342]",sim_dissim
1966,2,"[2998, 6930]",random
1967,2,"[4974, 4133]",half_random
1968,2,"[181, 6418]",sim_dissim
1969,2,"[3735, 1410]",random
1970,2,"[3350, 656]",half_random
1971,2,"[7441, 6619]",sim_dissim
1972,2,"[1329, 3075]",random
1973,2,"[5607, 1598]",half_random
1974,2,"[7444, 4222]",sim_dissim
1975,2,"[4080, 5728]",random
1976,2,"[4072, 6559]",half_random
1977,2,"[4029, 5326]",sim_dissim
1978,2,"[188, 2055]",random
1979,2,"[1088, 446]",half_random
1980,2,"[669, 8227]",sim_dissim
1981,2,"[7576, 4850]",random
1982,2,"[476, 2066]",half_random
1983,2,"[5898, 5745]",sim_dissim
1984,2,"[5080, 8239]",random
1985,2,"[5418, 8120]",half_random
1986,2,"[4921, 2149]",sim_dissim
1987,2,"[3803, 5140]",random
1988,2,"[6717, 7372]",half_random
1989,2,"[8148, 340]",sim_dissim
1990,2,"[5102, 1219]",random
1991,2,"[6960, 8391]",half_random
1992,2,"[6302, 4712]",sim_dissim
1993,2,"[1419, 6159]",random
1994,2,"[5096, 7831]",half_random
1995,2,"[8212, 8142]",sim_dissim
1996,2,"[1956, 3216]",random
1997,2,"[1117, 5498]",half_random
1998,2,"[4278, 3325]",sim_dissim
1999,2,"[7025, 1270]",random
2000,2,"[1579, 1501]",half_random
2001,2,"[463, 2013]",sim_dissim
2002,2,"[7456, 6667]",random
2003,2,"[4280, 7744]",half_random
2004,2,"[3598, 5883]",sim_dissim
2005,2,"[7669, 5136]",random
2006,2,"[7034, 7633]",half_random
2007,2,"[3850, 1060]",sim_dissim
2008,2,"[3162, 7441]",random
2009,2,"[448, 5935]",half_random
2010,2,"[7603, 4146]",sim_dissim
2011,2,"[2983, 5007]",random
2012,2,"[8246, 830]",half_random
2013,2,"[5067, 3325]",sim_dissim
2014,2,"[6496, 1963]",random
2015,2,"[987, 2421]",half_random
2016,2,"[5502, 896]",sim_dissim
2017,2,"[6028, 6319]",random
2018,2,"[4913, 50]",half_random
2019,2,"[5818, 4514]",sim_dissim
2020,2,"[5558, 1740]",random
2021,2,"[4542, 3468]",half_random
2022,2,"[693, 3715]",sim_dissim
2023,2,"[5527, 4970]",random
2024,2,"[3727, 2221]",half_random
2025,2,"[6302, 2156]",sim_dissim
2026,2,"[5775, 3368]",random
2027,2,"[2732, 3512]",half_random
2028,2,"[2008, 5173]",sim_dissim
2029,2,"[2165, 8397]",random
2030,2,"[4649, 4897]",half_random
2031,2,"[3715, 7980]",sim_dissim
2032,2,"[6351, 1943]",random
2033,2,"[6659, 5958]",half_random
2034,2,"[8150, 4254]",sim_dissim
2035,2,"[6679, 2875]",random
2036,2,"[5237, 7992]",half_random
2037,2,"[7444, 5450]",sim_dissim
2038,2,"[6832, 769]",random
2039,2,"[1759, 4020]",half_random
2040,2,"[7975, 4514]",sim_dissim
2041,2,"[1879, 3155]",random
2042,2,"[5177, 1379]",half_random
2043,2,"[4222, 2156]",sim_dissim
2044,2,"[6035, 8183]",random
2045,2,"[8039, 647]",half_random
2046,2,"[4146, 7110]",sim_dissim
2047,2,"[1699, 7211]",random
2048,2,"[2424, 7581]",half_random
2049,2,"[5447, 680]",sim_dissim
2050,2,"[5230, 1450]",random
2051,2,"[3056, 386]",half_random
2052,2,"[5326, 7808]",sim_dissim
2053,2,"[2343, 6636]",random
2054,2,"[5782, 2999]",half_random
2055,2,"[5139, 5840]",sim_dissim
2056,2,"[4394, 130]",random
2057,2,"[7810, 830]",half_random
2058,2,"[3093, 4931]",sim_dissim
2059,2,"[2964, 8181]",random
2060,2,"[1917, 3902]",half_random
2061,2,"[2156, 6037]",sim_dissim
2062,2,"[2231, 1494]",random
2063,2,"[4293, 6006]",half_random
2064,2,"[6660, 4921]",sim_dissim
2065,2,"[2888, 8045]",random
2066,2,"[1971, 6811]",half_random
2067,2,"[4730, 543]",sim_dissim
2068,2,"[5897, 3769]",random
2069,2,"[5603, 4783]",half_random
2070,2,"[8135, 7444]",sim_dissim
2071,2,"[5778, 3910]",random
2072,2,"[4092, 415]",half_random
2073,2,"[626, 5745]",sim_dissim
2074,2,"[5389, 6706]",random
2075,2,"[5748, 3279]",half_random
2076,2,"[5036, 5139]",sim_dissim
2077,2,"[4395, 4561]",random
2078,2,"[232, 5952]",half_random
2079,2,"[2752, 1547]",sim_dissim
2080,2,"[3403, 5742]",random
2081,2,"[639, 4661]",half_random
2082,2,"[1250, 7444]",sim_dissim
2083,2,"[1858, 7600]",random
2084,2,"[2294, 8210]",half_random
2085,2,"[5173, 364]",sim_dissim
2086,2,"[2003, 6260]",random
2087,2,"[3593, 7409]",half_random
2088,2,"[4514, 6970]",sim_dissim
2089,2,"[7083, 2113]",random
2090,2,"[1316, 4947]",half_random
2091,2,"[5863, 5326]",sim_dissim
2092,2,"[5202, 56]",random
2093,2,"[8140, 7884]",half_random
2094,2,"[220, 7444]",sim_dissim
2095,2,"[4192, 7625]",random
2096,2,"[8218, 7389]",half_random
2097,2,"[564, 4255]",sim_dissim
2098,2,"[3397, 1882]",random
2099,2,"[1092, 8301]",half_random
2100,3,"[3791, 1892, 3613]",sim_dissim
2101,3,"[4262, 2943, 3333]",random
2102,3,"[8296, 3881, 2332]",half_random
2103,3,"[1866, 2759, 181]",sim_dissim
2104,3,"[3232, 4936, 848]",random
2105,3,"[5199, 4864, 3070]",half_random
2106,3,"[5936, 2783, 2003]",sim_dissim
2107,3,"[8145, 5191, 2915]",random
2108,3,"[4240, 5494, 1563]",half_random
2109,3,"[1547, 5447, 7222]",sim_dissim
2110,3,"[3816, 1515, 4845]",random
2111,3,"[8320, 1828, 4888]",half_random
2112,3,"[4278, 2561, 3325]",sim_dissim
2113,3,"[7274, 3229, 1672]",random
2114,3,"[6798, 2043, 8146]",half_random
2115,3,"[6389, 2783, 5036]",sim_dissim
2116,3,"[1136, 7589, 7225]",random
2117,3,"[7112, 6142, 4551]",half_random
2118,3,"[7664, 7640, 2156]",sim_dissim
2119,3,"[3398, 844, 5872]",random
2120,3,"[2211, 1837, 508]",half_random
2121,3,"[680, 959, 5630]",sim_dissim
2122,3,"[3058, 4754, 4730]",random
2123,3,"[171, 3780, 2923]",half_random
2124,3,"[8325, 4252, 4255]",sim_dissim
2125,3,"[8319, 6634, 2414]",random
2126,3,"[5040, 2763, 5710]",half_random
2127,3,"[1547, 7750, 959]",sim_dissim
2128,3,"[3953, 5389, 8129]",random
2129,3,"[2409, 7367, 1411]",half_random
2130,3,"[7444, 2521, 2842]",sim_dissim
2131,3,"[666, 1367, 2917]",random
2132,3,"[3594, 2652, 2679]",half_random
2133,3,"[4467, 959, 2842]",sim_dissim
2134,3,"[6634, 7336, 7977]",random
2135,3,"[5417, 6351, 4975]",half_random
2136,3,"[209, 2783, 6389]",sim_dissim
2137,3,"[6185, 1998, 5628]",random
2138,3,"[7988, 3466, 6314]",half_random
2139,3,"[7622, 2156, 5863]",sim_dissim
2140,3,"[539, 7960, 7472]",random
2141,3,"[454, 4659, 6646]",half_random
2142,3,"[4921, 2149, 1866]",sim_dissim
2143,3,"[714, 5559, 7914]",random
2144,3,"[1944, 2628, 5888]",half_random
2145,3,"[8026, 2521, 5502]",sim_dissim
2146,3,"[239, 293, 5636]",random
2147,3,"[4714, 7775, 7310]",half_random
2148,3,"[5968, 2013, 2270]",sim_dissim
2149,3,"[1154, 8237, 8053]",random
2150,3,"[7806, 1496, 5023]",half_random
2151,3,"[3470, 186, 669]",sim_dissim
2152,3,"[7723, 2957, 4094]",random
2153,3,"[6842, 1938, 7687]",half_random
2154,3,"[2156, 4899, 6037]",sim_dissim
2155,3,"[2584, 91, 0]",random
2156,3,"[6439, 6929, 7327]",half_random
2157,3,"[5640, 6660, 2759]",sim_dissim
2158,3,"[8045, 6425, 4067]",random
2159,3,"[4316, 6513, 76]",half_random
2160,3,"[6378, 3382, 4514]",sim_dissim
2161,3,"[1594, 3503, 7495]",random
2162,3,"[3701, 3337, 8062]",half_random
2163,3,"[4514, 3110, 243]",sim_dissim
2164,3,"[3589, 5311, 2034]",random
2165,3,"[7312, 6506, 6808]",half_random
2166,3,"[4874, 3554, 8393]",sim_dissim
2167,3,"[7250, 580, 1558]",random
2168,3,"[2008, 2459, 937]",half_random
2169,3,"[4463, 243, 4874]",sim_dissim
2170,3,"[1594, 2718, 161]",random
2171,3,"[418, 2312, 8238]",half_random
2172,3,"[4255, 8132, 5282]",sim_dissim
2173,3,"[6076, 3724, 6181]",random
2174,3,"[1980, 765, 146]",half_random
2175,3,"[7243, 3613, 2087]",sim_dissim
2176,3,"[6681, 6797, 4244]",random
2177,3,"[5918, 3940, 5318]",half_random
2178,3,"[7808, 4514, 3382]",sim_dissim
2179,3,"[609, 4621, 3996]",random
2180,3,"[2384, 7609, 1643]",half_random
2181,3,"[5687, 5502, 3026]",sim_dissim
2182,3,"[2098, 6260, 289]",random
2183,3,"[3919, 6238, 2853]",half_random
2184,3,"[5326, 8009, 7752]",sim_dissim
2185,3,"[5348, 6190, 364]",random
2186,3,"[7796, 1039, 4420]",half_random
2187,3,"[3428, 7444, 4899]",sim_dissim
2188,3,"[8269, 962, 2019]",random
2189,3,"[126, 2762, 6344]",half_random
2190,3,"[7218, 2619, 626]",sim_dissim
2191,3,"[8232, 361, 4958]",random
2192,3,"[5054, 5840, 6784]",half_random
2193,3,"[4921, 5886, 4222]",sim_dissim
2194,3,"[5821, 5249, 2872]",random
2195,3,"[514, 633, 3022]",half_random
2196,3,"[4255, 2656, 3026]",sim_dissim
2197,3,"[2694, 8340, 4743]",random
2198,3,"[7576, 5064, 6840]",half_random
2199,3,"[4736, 3116, 7444]",sim_dissim
2200,3,"[2135, 7640, 335]",random
2201,3,"[6968, 5995, 3713]",half_random
2202,3,"[243, 4463, 4514]",sim_dissim
2203,3,"[4611, 2948, 2744]",random
2204,3,"[2336, 6998, 7360]",half_random
2205,3,"[1062, 3715, 7715]",sim_dissim
2206,3,"[6963, 2234, 4600]",random
2207,3,"[5181, 3853, 6]",half_random
2208,3,"[4146, 7975, 3838]",sim_dissim
2209,3,"[2724, 6116, 538]",random
2210,3,"[3296, 6962, 7719]",half_random
2211,3,"[4463, 3376, 4222]",sim_dissim
2212,3,"[3498, 5467, 2740]",random
2213,3,"[810, 1659, 4452]",half_random
2214,3,"[8026, 5502, 4278]",sim_dissim
2215,3,"[913, 4123, 1627]",random
2216,3,"[1461, 267, 4840]",half_random
2217,3,"[237, 4029, 959]",sim_dissim
2218,3,"[414, 3110, 1869]",random
2219,3,"[7902, 112, 847]",half_random
2220,3,"[6528, 5502, 3791]",sim_dissim
2221,3,"[6971, 3118, 6739]",random
2222,3,"[5236, 829, 7000]",half_random
2223,3,"[7110, 2270, 563]",sim_dissim
2224,3,"[856, 6158, 1971]",random
2225,3,"[3266, 1613, 7647]",half_random
2226,3,"[594, 7503, 3898]",sim_dissim
2227,3,"[6348, 901, 6520]",random
2228,3,"[8306, 5734, 3046]",half_random
2229,3,"[2792, 209, 2783]",sim_dissim
2230,3,"[4282, 2865, 5581]",random
2231,3,"[2116, 5096, 4534]",half_random
2232,3,"[3554, 7444, 8393]",sim_dissim
2233,3,"[6493, 5381, 3656]",random
2234,3,"[5179, 4491, 2046]",half_random
2235,3,"[5503, 4255, 1792]",sim_dissim
2236,3,"[3794, 8155, 3372]",random
2237,3,"[287, 10, 6159]",half_random
2238,3,"[2752, 7503, 594]",sim_dissim
2239,3,"[8364, 1898, 1836]",random
2240,3,"[4640, 183, 6545]",half_random
2241,3,"[1792, 306, 2156]",sim_dissim
2242,3,"[802, 321, 3906]",random
2243,3,"[4876, 1186, 1335]",half_random
2244,3,"[6014, 3715, 2716]",sim_dissim
2245,3,"[781, 4854, 3402]",random
2246,3,"[7804, 8192, 1844]",half_random
2247,3,"[4255, 2759, 6660]",sim_dissim
2248,3,"[5076, 5478, 2555]",random
2249,3,"[481, 6218, 6877]",half_random
2250,3,"[680, 959, 7356]",sim_dissim
2251,3,"[3552, 7898, 7372]",random
2252,3,"[7390, 6551, 1833]",half_random
2253,3,"[1443, 7349, 4921]",sim_dissim
2254,3,"[2712, 4579, 4792]",random
2255,3,"[2781, 2035, 4271]",half_random
2256,3,"[7444, 3987, 1866]",sim_dissim
2257,3,"[1882, 3685, 2463]",random
2258,3,"[1122, 5764, 1260]",half_random
2259,3,"[5503, 1792, 181]",sim_dissim
2260,3,"[2228, 720, 3389]",random
2261,3,"[3681, 7228, 6563]",half_random
2262,3,"[1907, 7920, 5023]",sim_dissim
2263,3,"[3342, 5536, 4851]",random
2264,3,"[4776, 2728, 5243]",half_random
2265,3,"[1043, 3542, 7218]",sim_dissim
2266,3,"[5809, 7848, 4883]",random
2267,3,"[1051, 5713, 964]",half_random
2268,3,"[3571, 3715, 2123]",sim_dissim
2269,3,"[5035, 5560, 204]",random
2270,3,"[4452, 8390, 1442]",half_random
2271,3,"[4336, 6265, 2656]",sim_dissim
2272,3,"[1698, 5821, 3173]",random
2273,3,"[6425, 6177, 2511]",half_random
2274,3,"[7444, 8026, 4278]",sim_dissim
2275,3,"[114, 2902, 5896]",random
2276,3,"[3824, 1578, 2592]",half_random
2277,3,"[5302, 5602, 6548]",sim_dissim
2278,3,"[4642, 4446, 6369]",random
2279,3,"[4654, 4064, 4091]",half_random
2280,3,"[5555, 5687, 6663]",sim_dissim
2281,3,"[2161, 1435, 504]",random
2282,3,"[3681, 1714, 6703]",half_random
2283,3,"[181, 4736, 3116]",sim_dissim
2284,3,"[5615, 2311, 5637]",random
2285,3,"[914, 7342, 5349]",half_random
2286,3,"[2087, 7243, 2619]",sim_dissim
2287,3,"[7672, 2667, 4112]",random
2288,3,"[1577, 745, 7643]",half_random
2289,3,"[1737, 7218, 626]",sim_dissim
2290,3,"[2833, 4163, 3338]",random
2291,3,"[2016, 156, 2959]",half_random
2292,3,"[276, 1923, 5502]",sim_dissim
2293,3,"[6901, 523, 5306]",random
2294,3,"[3274, 7460, 4063]",half_random
2295,3,"[7444, 7629, 4222]",sim_dissim
2296,3,"[754, 6214, 3261]",random
2297,3,"[8163, 7475, 5753]",half_random
2298,3,"[2945, 2716, 4138]",sim_dissim
2299,3,"[8245, 2655, 7734]",random
2300,3,"[3824, 4613, 4506]",half_random
2301,3,"[266, 2477, 959]",sim_dissim
2302,3,"[7328, 1172, 2619]",random
2303,3,"[1145, 7702, 7721]",half_random
2304,3,"[2087, 3613, 626]",sim_dissim
2305,3,"[1573, 2704, 7133]",random
2306,3,"[2321, 248, 6175]",half_random
2307,3,"[5240, 1791, 4712]",sim_dissim
2308,3,"[1294, 6619, 1602]",random
2309,3,"[1560, 1109, 1815]",half_random
2310,3,"[8297, 8212, 6965]",sim_dissim
2311,3,"[1956, 5839, 217]",random
2312,3,"[5851, 4917, 679]",half_random
2313,3,"[5510, 6175, 4146]",sim_dissim
2314,3,"[1555, 7241, 3298]",random
2315,3,"[4032, 1170, 7218]",half_random
2316,3,"[2619, 7218, 1043]",sim_dissim
2317,3,"[8074, 3508, 1894]",random
2318,3,"[6453, 1732, 2778]",half_random
2319,3,"[5728, 7544, 3613]",sim_dissim
2320,3,"[7369, 3875, 7550]",random
2321,3,"[3444, 3638, 3441]",half_random
2322,3,"[7920, 3111, 959]",sim_dissim
2323,3,"[4412, 925, 3832]",random
2324,3,"[7034, 7462, 6276]",half_random
2325,3,"[7715, 896, 959]",sim_dissim
2326,3,"[4756, 3305, 4400]",random
2327,3,"[871, 2462, 1603]",half_random
2328,3,"[5173, 564, 5067]",sim_dissim
2329,3,"[2493, 5197, 7804]",random
2330,3,"[4408, 5880, 723]",half_random
2331,3,"[5282, 5447, 2521]",sim_dissim
2332,3,"[6606, 4960, 7960]",random
2333,3,"[7586, 3339, 1149]",half_random
2334,3,"[3715, 5503, 5543]",sim_dissim
2335,3,"[7492, 3855, 756]",random
2336,3,"[2739, 3805, 5867]",half_random
2337,3,"[7893, 4003, 7441]",sim_dissim
2338,3,"[5388, 3087, 725]",random
2339,3,"[6030, 7253, 3281]",half_random
2340,3,"[1250, 2156, 3110]",sim_dissim
2341,3,"[7741, 2834, 4796]",random
2342,3,"[1378, 7372, 2183]",half_random
2343,3,"[1483, 3914, 6660]",sim_dissim
2344,3,"[2452, 5320, 1542]",random
2345,3,"[7631, 1117, 1598]",half_random
2346,3,"[369, 4514, 2461]",sim_dissim
2347,3,"[7277, 4240, 4626]",random
2348,3,"[7497, 57, 5173]",half_random
2349,3,"[3087, 5173, 5588]",sim_dissim
2350,3,"[3752, 669, 5096]",random
2351,3,"[208, 2070, 7485]",half_random
2352,3,"[4029, 2516, 6378]",sim_dissim
2353,3,"[1270, 477, 5571]",random
2354,3,"[1236, 309, 5048]",half_random
2355,3,"[181, 3026, 276]",sim_dissim
2356,3,"[1508, 1361, 5709]",random
2357,3,"[5188, 4167, 5614]",half_random
2358,3,"[8297, 5139, 8009]",sim_dissim
2359,3,"[6519, 2526, 2726]",random
2360,3,"[3224, 7626, 5184]",half_random
2361,3,"[340, 4927, 1123]",sim_dissim
2362,3,"[1030, 5892, 7298]",random
2363,3,"[4478, 3975, 2802]",half_random
2364,3,"[6175, 5502, 2463]",sim_dissim
2365,3,"[4112, 6163, 5855]",random
2366,3,"[3754, 5179, 3641]",half_random
2367,3,"[463, 1892, 7544]",sim_dissim
2368,3,"[5218, 4773, 4211]",random
2369,3,"[7497, 5372, 6198]",half_random
2370,3,"[3987, 2805, 5326]",sim_dissim
2371,3,"[8318, 1637, 12]",random
2372,3,"[200, 1767, 3942]",half_random
2373,3,"[2156, 7091, 3669]",sim_dissim
2374,3,"[2836, 2970, 4767]",random
2375,3,"[5442, 94, 2897]",half_random
2376,3,"[4467, 4255, 5282]",sim_dissim
2377,3,"[6509, 52, 957]",random
2378,3,"[2904, 4540, 3367]",half_random
2379,3,"[7975, 2156, 2641]",sim_dissim
2380,3,"[7788, 4044, 6781]",random
2381,3,"[1153, 465, 5476]",half_random
2382,3,"[1547, 5447, 7715]",sim_dissim
2383,3,"[7879, 6313, 478]",random
2384,3,"[7561, 2531, 4792]",half_random
2385,3,"[181, 2842, 6374]",sim_dissim
2386,3,"[6799, 7788, 7551]",random
2387,3,"[8237, 557, 5205]",half_random
2388,3,"[4323, 2319, 7444]",sim_dissim
2389,3,"[4854, 5146, 3312]",random
2390,3,"[2902, 995, 5045]",half_random
2391,3,"[5173, 466, 5878]",sim_dissim
2392,3,"[7445, 2028, 3169]",random
2393,3,"[8071, 6747, 7034]",half_random
2394,3,"[2722, 1695, 1892]",sim_dissim
2395,3,"[6667, 315, 6604]",random
2396,3,"[785, 2899, 7764]",half_random
2397,3,"[2783, 5228, 6389]",sim_dissim
2398,3,"[7846, 4121, 6236]",random
2399,3,"[6579, 7689, 2623]",half_random
2400,3,"[2013, 2722, 4912]",sim_dissim
2401,3,"[3899, 3297, 6068]",random
2402,3,"[33, 7628, 975]",half_random
2403,3,"[7444, 7490, 30]",sim_dissim
2404,3,"[865, 4416, 6499]",random
2405,3,"[4896, 4732, 189]",half_random
2406,3,"[8088, 4514, 4222]",sim_dissim
2407,3,"[4515, 2712, 6569]",random
2408,3,"[995, 6217, 5699]",half_random
2409,3,"[7110, 2270, 2463]",sim_dissim
2410,3,"[1750, 4602, 2962]",random
2411,3,"[2302, 2708, 7736]",half_random
2412,3,"[2722, 4259, 1892]",sim_dissim
2413,3,"[5205, 7578, 2874]",random
2414,3,"[3773, 430, 7451]",half_random
2415,3,"[4921, 2521, 5282]",sim_dissim
2416,3,"[734, 3619, 3325]",random
2417,3,"[2512, 5986, 5068]",half_random
2418,3,"[4353, 1892, 1695]",sim_dissim
2419,3,"[6061, 6446, 5698]",random
2420,3,"[8271, 7564, 671]",half_random
2421,3,"[3046, 4514, 78]",sim_dissim
2422,3,"[5816, 5475, 6030]",random
2423,3,"[4000, 1964, 6972]",half_random
2424,3,"[7444, 5936, 2003]",sim_dissim
2425,3,"[5940, 7786, 5647]",random
2426,3,"[4771, 7317, 6707]",half_random
2427,3,"[5502, 7603, 4889]",sim_dissim
2428,3,"[2989, 4077, 3931]",random
2429,3,"[6524, 2659, 2392]",half_random
2430,3,"[4208, 6804, 2156]",sim_dissim
2431,3,"[2774, 4734, 5522]",random
2432,3,"[1182, 6735, 2567]",half_random
2433,3,"[4868, 5173, 6619]",sim_dissim
2434,3,"[4661, 1355, 8273]",random
2435,3,"[558, 6828, 3250]",half_random
2436,3,"[6965, 7752, 7444]",sim_dissim
2437,3,"[4626, 5887, 2009]",random
2438,3,"[5681, 5623, 2821]",half_random
2439,3,"[5886, 3376, 1250]",sim_dissim
2440,3,"[4714, 836, 6981]",random
2441,3,"[2622, 6389, 1489]",half_random
2442,3,"[7745, 8212, 1592]",sim_dissim
2443,3,"[4199, 5485, 5611]",random
2444,3,"[766, 1845, 983]",half_random
2445,3,"[3087, 2785, 5173]",sim_dissim
2446,3,"[3321, 5225, 4911]",random
2447,3,"[6516, 1661, 1747]",half_random
2448,3,"[7640, 340, 7987]",sim_dissim
2449,3,"[763, 4958, 70]",random
2450,3,"[7200, 3432, 7294]",half_random
2451,3,"[466, 5602, 5878]",sim_dissim
2452,3,"[5971, 4750, 6961]",random
2453,3,"[7320, 4917, 935]",half_random
2454,3,"[8132, 7444, 4207]",sim_dissim
2455,3,"[6036, 3255, 3455]",random
2456,3,"[3689, 4620, 5769]",half_random
2457,3,"[3559, 3974, 3542]",sim_dissim
2458,3,"[7165, 7857, 3066]",random
2459,3,"[1314, 6117, 2454]",half_random
2460,3,"[4208, 852, 4514]",sim_dissim
2461,3,"[1223, 6120, 7512]",random
2462,3,"[5581, 3703, 7119]",half_random
2463,3,"[3087, 6918, 5173]",sim_dissim
2464,3,"[5284, 1525, 3856]",random
2465,3,"[7584, 4678, 3594]",half_random
2466,3,"[7441, 1373, 1415]",sim_dissim
2467,3,"[4918, 4235, 7196]",random
2468,3,"[3248, 4252, 6050]",half_random
2469,3,"[1498, 7444, 6244]",sim_dissim
2470,3,"[4824, 4097, 5983]",random
2471,3,"[4951, 4758, 962]",half_random
2472,3,"[3542, 5883, 4868]",sim_dissim
2473,3,"[4438, 7549, 5171]",random
2474,3,"[2084, 1440, 4015]",half_random
2475,3,"[2013, 3470, 2270]",sim_dissim
2476,3,"[7679, 2926, 4552]",random
2477,3,"[97, 3985, 3859]",half_random
2478,3,"[7745, 2156, 6037]",sim_dissim
2479,3,"[2458, 1423, 303]",random
2480,3,"[4411, 6179, 6667]",half_random
2481,3,"[169, 4146, 2319]",sim_dissim
2482,3,"[5575, 2486, 6874]",random
2483,3,"[2443, 4122, 285]",half_random
2484,3,"[4255, 6374, 5282]",sim_dissim
2485,3,"[5215, 2387, 2339]",random
2486,3,"[124, 6309, 3298]",half_random
2487,3,"[3598, 6781, 5302]",sim_dissim
2488,3,"[2212, 6646, 5950]",random
2489,3,"[4114, 3457, 1543]",half_random
2490,3,"[5476, 3528, 2722]",sim_dissim
2491,3,"[7117, 4216, 6401]",random
2492,3,"[3248, 6539, 6074]",half_random
2493,3,"[8150, 7503, 5447]",sim_dissim
2494,3,"[465, 5452, 2245]",random
2495,3,"[1778, 1418, 443]",half_random
2496,3,"[1213, 3110, 5173]",sim_dissim
2497,3,"[3221, 5805, 5992]",random
2498,3,"[2229, 4029, 5432]",half_random
2499,3,"[4912, 2156, 583]",sim_dissim
2500,3,"[8171, 4492, 5798]",random
2501,3,"[515, 830, 7803]",half_random
2502,3,"[8009, 5326, 8297]",sim_dissim
2503,3,"[2256, 6811, 829]",random
2504,3,"[3702, 4959, 5559]",half_random
2505,3,"[5883, 4868, 5745]",sim_dissim
2506,3,"[5762, 5870, 1533]",random
2507,3,"[4647, 4624, 87]",half_random
2508,3,"[7218, 2619, 6767]",sim_dissim
2509,3,"[5828, 3790, 2994]",random
2510,3,"[2413, 2937, 6173]",half_random
2511,3,"[1123, 7089, 5310]",sim_dissim
2512,3,"[7975, 5037, 5568]",random
2513,3,"[8078, 3277, 5088]",half_random
2514,3,"[7444, 5282, 4278]",sim_dissim
2515,3,"[5569, 6496, 7642]",random
2516,3,"[6819, 8215, 8081]",half_random
2517,3,"[4874, 7867, 2003]",sim_dissim
2518,3,"[5415, 3845, 7846]",random
2519,3,"[3726, 6540, 3636]",half_random
2520,3,"[5502, 8148, 7337]",sim_dissim
2521,3,"[3244, 3293, 2822]",random
2522,3,"[8121, 936, 2197]",half_random
2523,3,"[5173, 4073, 7931]",sim_dissim
2524,3,"[1516, 5473, 4181]",random
2525,3,"[4601, 1299, 1233]",half_random
2526,3,"[2149, 1866, 959]",sim_dissim
2527,3,"[882, 298, 623]",random
2528,3,"[1036, 6188, 4854]",half_random
2529,3,"[5818, 2792, 2783]",sim_dissim
2530,3,"[7931, 324, 5641]",random
2531,3,"[5772, 2263, 1288]",half_random
2532,3,"[6970, 3669, 5502]",sim_dissim
2533,3,"[4058, 3702, 3428]",random
2534,3,"[1919, 4587, 958]",half_random
2535,3,"[5728, 5476, 463]",sim_dissim
2536,3,"[2819, 5783, 2561]",random
2537,3,"[467, 5796, 5364]",half_random
2538,3,"[2156, 5588, 5067]",sim_dissim
2539,3,"[6457, 6511, 2461]",random
2540,3,"[4716, 1501, 2929]",half_random
2541,3,"[2619, 5603, 1043]",sim_dissim
2542,3,"[4132, 723, 7525]",random
2543,3,"[6251, 1617, 6120]",half_random
2544,3,"[3613, 4684, 5883]",sim_dissim
2545,3,"[3307, 534, 6737]",random
2546,3,"[7879, 2619, 5468]",half_random
2547,3,"[7444, 5543, 3116]",sim_dissim
2548,3,"[6683, 6116, 364]",random
2549,3,"[5727, 1003, 1796]",half_random
2550,3,"[7980, 3898, 896]",sim_dissim
2551,3,"[308, 6251, 1188]",random
2552,3,"[165, 7022, 5548]",half_random
2553,3,"[4222, 181, 7629]",sim_dissim
2554,3,"[7683, 2615, 6970]",random
2555,3,"[3878, 5193, 1569]",half_random
2556,3,"[30, 2879, 5139]",sim_dissim
2557,3,"[534, 6832, 1718]",random
2558,3,"[6232, 2861, 6882]",half_random
2559,3,"[657, 6564, 8212]",sim_dissim
2560,3,"[2730, 7110, 8194]",random
2561,3,"[6499, 2951, 387]",half_random
2562,3,"[4514, 1373, 30]",sim_dissim
2563,3,"[6440, 3527, 1436]",random
2564,3,"[1406, 5533, 4693]",half_random
2565,3,"[3715, 5543, 306]",sim_dissim
2566,3,"[6617, 1345, 135]",random
2567,3,"[683, 53, 6910]",half_random
2568,3,"[4275, 4874, 8393]",sim_dissim
2569,3,"[5871, 1074, 1739]",random
2570,3,"[2345, 5426, 2290]",half_random
2571,3,"[4259, 8389, 447]",sim_dissim
2572,3,"[5051, 1521, 6082]",random
2573,3,"[8070, 5198, 7384]",half_random
2574,3,"[3791, 3528, 5502]",sim_dissim
2575,3,"[1626, 998, 8381]",random
2576,3,"[7571, 8298, 808]",half_random
2577,3,"[3542, 4927, 7987]",sim_dissim
2578,3,"[2357, 449, 1644]",random
2579,3,"[1672, 6769, 1260]",half_random
2580,3,"[1338, 4606, 5326]",sim_dissim
2581,3,"[466, 5480, 3095]",random
2582,3,"[4142, 3689, 1784]",half_random
2583,3,"[169, 181, 1211]",sim_dissim
2584,3,"[7857, 4573, 1500]",random
2585,3,"[254, 2101, 6671]",half_random
2586,3,"[4278, 8026, 5173]",sim_dissim
2587,3,"[3565, 1684, 6342]",random
2588,3,"[6617, 1964, 4229]",half_random
2589,3,"[5863, 1443, 3715]",sim_dissim
2590,3,"[7388, 1704, 3184]",random
2591,3,"[3181, 626, 4000]",half_random
2592,3,"[5502, 4207, 4278]",sim_dissim
2593,3,"[1513, 3293, 3174]",random
2594,3,"[6115, 3900, 1966]",half_random
2595,3,"[1916, 7444, 6619]",sim_dissim
2596,3,"[5877, 4828, 501]",random
2597,3,"[3786, 935, 1152]",half_random
2598,3,"[2156, 2451, 1461]",sim_dissim
2599,3,"[5125, 1339, 6708]",random
2600,3,"[4908, 2542, 8242]",half_random
2601,3,"[1843, 2401, 2299]",sim_dissim
2602,3,"[5023, 4015, 7110]",random
2603,3,"[6750, 2372, 127]",half_random
2604,3,"[5173, 3895, 4259]",sim_dissim
2605,3,"[7584, 7882, 5039]",random
2606,3,"[4863, 7761, 1792]",half_random
2607,3,"[5543, 3116, 1907]",sim_dissim
2608,3,"[3620, 4516, 3356]",random
2609,3,"[6882, 6841, 6780]",half_random
2610,3,"[4730, 181, 7243]",sim_dissim
2611,3,"[5894, 6218, 3467]",random
2612,3,"[3046, 3146, 1127]",half_random
2613,3,"[1062, 7750, 2156]",sim_dissim
2614,3,"[1381, 5976, 3901]",random
2615,3,"[4953, 6343, 8249]",half_random
2616,3,"[3318, 297, 5968]",sim_dissim
2617,3,"[5314, 3936, 5971]",random
2618,3,"[5326, 7304, 29]",half_random
2619,3,"[6564, 5502, 8142]",sim_dissim
2620,3,"[6399, 2292, 5935]",random
2621,3,"[4883, 6741, 7944]",half_random
2622,3,"[4463, 1213, 181]",sim_dissim
2623,3,"[7553, 437, 940]",random
2624,3,"[3106, 5468, 3963]",half_random
2625,3,"[8316, 7195, 4921]",sim_dissim
2626,3,"[4766, 6022, 6564]",random
2627,3,"[8336, 3137, 1181]",half_random
2628,3,"[3181, 7087, 2156]",sim_dissim
2629,3,"[6400, 6332, 6467]",random
2630,3,"[2903, 3009, 2732]",half_random
2631,3,"[762, 4514, 4208]",sim_dissim
2632,3,"[3844, 4135, 4266]",random
2633,3,"[7469, 1042, 7051]",half_random
2634,3,"[266, 8135, 7444]",sim_dissim
2635,3,"[1596, 7583, 7517]",random
2636,3,"[687, 6689, 747]",half_random
2637,3,"[181, 3181, 8227]",sim_dissim
2638,3,"[948, 5921, 1256]",random
2639,3,"[1288, 7433, 7093]",half_random
2640,3,"[959, 243, 8088]",sim_dissim
2641,3,"[2945, 3577, 3778]",random
2642,3,"[2480, 1606, 190]",half_random
2643,3,"[1043, 3613, 6503]",sim_dissim
2644,3,"[5565, 5479, 6675]",random
2645,3,"[4993, 4125, 5028]",half_random
2646,3,"[3613, 466, 6619]",sim_dissim
2647,3,"[1460, 6695, 2210]",random
2648,3,"[3152, 3424, 4110]",half_random
2649,3,"[4255, 3463, 3761]",sim_dissim
2650,3,"[5249, 7855, 1366]",random
2651,3,"[2419, 1553, 7596]",half_random
2652,3,"[7441, 2716, 4454]",sim_dissim
2653,3,"[4884, 1075, 3745]",random
2654,3,"[3148, 1571, 3651]",half_random
2655,3,"[8302, 3715, 7222]",sim_dissim
2656,3,"[4587, 8286, 1384]",random
2657,3,"[1026, 2551, 7857]",half_random
2658,3,"[959, 6338, 6592]",sim_dissim
2659,3,"[36, 8241, 6268]",random
2660,3,"[7960, 4325, 8290]",half_random
2661,3,"[220, 8135, 692]",sim_dissim
2662,3,"[6794, 4791, 6181]",random
2663,3,"[5846, 2880, 6485]",half_random
2664,3,"[7444, 7980, 1062]",sim_dissim
2665,3,"[213, 3414, 5244]",random
2666,3,"[3030, 3777, 3445]",half_random
2667,3,"[7985, 6976, 340]",sim_dissim
2668,3,"[6643, 7945, 6523]",random
2669,3,"[192, 1663, 3891]",half_random
2670,3,"[2156, 266, 2879]",sim_dissim
2671,3,"[2698, 5121, 5138]",random
2672,3,"[7432, 8013, 469]",half_random
2673,3,"[5503, 4712, 1916]",sim_dissim
2674,3,"[3175, 103, 2425]",random
2675,3,"[2624, 4748, 2993]",half_random
2676,3,"[5023, 5139, 7920]",sim_dissim
2677,3,"[1385, 6847, 6179]",random
2678,3,"[7615, 6236, 6184]",half_random
2679,3,"[7544, 4921, 1892]",sim_dissim
2680,3,"[2564, 4025, 8396]",random
2681,3,"[2855, 8381, 7414]",half_random
2682,3,"[563, 435, 2619]",sim_dissim
2683,3,"[3530, 1478, 4730]",random
2684,3,"[6031, 4830, 6587]",half_random
2685,3,"[5883, 7588, 3542]",sim_dissim
2686,3,"[357, 6992, 7022]",random
2687,3,"[3954, 4992, 7100]",half_random
2688,3,"[1678, 3715, 4463]",sim_dissim
2689,3,"[1307, 2231, 2553]",random
2690,3,"[6748, 1044, 5552]",half_random
2691,3,"[7980, 1547, 2156]",sim_dissim
2692,3,"[240, 1016, 6494]",random
2693,3,"[8250, 4180, 4228]",half_random
2694,3,"[4463, 5640, 1678]",sim_dissim
2695,3,"[5343, 5834, 4048]",random
2696,3,"[3163, 1646, 4348]",half_random
2697,3,"[8026, 7444, 4467]",sim_dissim
2698,3,"[2720, 3913, 7461]",random
2699,3,"[1389, 3047, 1707]",half_random
2700,3,"[7444, 2299, 4899]",sim_dissim
2701,3,"[2484, 4492, 5434]",random
2702,3,"[4359, 1103, 1650]",half_random
2703,3,"[680, 6418, 4921]",sim_dissim
2704,3,"[7411, 2680, 7025]",random
2705,3,"[4577, 2293, 5812]",half_random
2706,3,"[3318, 5335, 6180]",sim_dissim
2707,3,"[109, 1151, 4395]",random
2708,3,"[4300, 6623, 3176]",half_random
2709,3,"[3382, 3715, 3111]",sim_dissim
2710,3,"[4285, 1874, 7072]",random
2711,3,"[6741, 2675, 7616]",half_random
2712,3,"[3768, 181, 8389]",sim_dissim
2713,3,"[7850, 151, 4074]",random
2714,3,"[5889, 4591, 2649]",half_random
2715,3,"[7444, 1547, 7715]",sim_dissim
2716,3,"[6037, 2589, 244]",random
2717,3,"[1893, 1609, 1096]",half_random
2718,3,"[7664, 5745, 8267]",sim_dissim
2719,3,"[8333, 661, 3619]",random
2720,3,"[1722, 158, 657]",half_random
2721,3,"[2641, 4514, 2319]",sim_dissim
2722,3,"[3977, 1005, 7724]",random
2723,3,"[563, 3668, 368]",half_random
2724,3,"[657, 8212, 3046]",sim_dissim
2725,3,"[1578, 5703, 2992]",random
2726,3,"[531, 770, 1234]",half_random
2727,3,"[6037, 7444, 7745]",sim_dissim
2728,3,"[4296, 4852, 583]",random
2729,3,"[6961, 4906, 1441]",half_random
2730,3,"[1883, 5023, 5326]",sim_dissim
2731,3,"[8269, 6158, 835]",random
2732,3,"[3015, 7828, 4277]",half_random
2733,3,"[2722, 3528, 7544]",sim_dissim
2734,3,"[1539, 7085, 3016]",random
2735,3,"[3596, 5660, 1813]",half_random
2736,3,"[7444, 5036, 6389]",sim_dissim
2737,3,"[937, 4431, 1153]",random
2738,3,"[7328, 6465, 3055]",half_random
2739,3,"[626, 5745, 7218]",sim_dissim
2740,3,"[970, 3253, 2396]",random
2741,3,"[6189, 6266, 5120]",half_random
2742,3,"[5863, 2156, 1498]",sim_dissim
2743,3,"[1590, 7276, 588]",random
2744,3,"[5760, 7085, 7976]",half_random
2745,3,"[1483, 4921, 6660]",sim_dissim
2746,3,"[4439, 5596, 5750]",random
2747,3,"[1634, 1205, 1000]",half_random
2748,3,"[3715, 7750, 896]",sim_dissim
2749,3,"[8283, 1684, 2881]",random
2750,3,"[7171, 2668, 5062]",half_random
2751,3,"[7091, 4712, 2299]",sim_dissim
2752,3,"[6441, 6717, 6811]",random
2753,3,"[5634, 3030, 4039]",half_random
2754,3,"[3542, 4868, 6619]",sim_dissim
2755,3,"[918, 1035, 2125]",random
2756,3,"[4215, 6947, 1960]",half_random
2757,3,"[4514, 5036, 2792]",sim_dissim
2758,3,"[5753, 220, 8258]",random
2759,3,"[2333, 3259, 5145]",half_random
2760,3,"[6808, 4454, 2945]",sim_dissim
2761,3,"[6446, 647, 5607]",random
2762,3,"[4180, 7390, 6526]",half_random
2763,3,"[6564, 78, 7444]",sim_dissim
2764,3,"[4617, 2922, 6883]",random
2765,3,"[157, 4642, 7879]",half_random
2766,3,"[8181, 5447, 7752]",sim_dissim
2767,3,"[3754, 3903, 303]",random
2768,3,"[493, 1495, 4718]",half_random
2769,3,"[2156, 3243, 5863]",sim_dissim
2770,3,"[6069, 3291, 4132]",random
2771,3,"[1638, 5736, 4835]",half_random
2772,3,"[8297, 8009, 2783]",sim_dissim
2773,3,"[3310, 2225, 4195]",random
2774,3,"[5601, 5745, 5224]",half_random
2775,3,"[1123, 7640, 181]",sim_dissim
2776,3,"[1081, 7100, 3116]",random
2777,3,"[6875, 5089, 6307]",half_random
2778,3,"[3111, 3715, 7920]",sim_dissim
2779,3,"[3029, 3497, 2977]",random
2780,3,"[5628, 2079, 794]",half_random
2781,3,"[3182, 762, 4514]",sim_dissim
2782,3,"[7384, 2603, 979]",random
2783,3,"[4972, 1440, 164]",half_random
2784,3,"[5687, 5555, 2156]",sim_dissim
2785,3,"[2269, 171, 5912]",random
2786,3,"[6645, 186, 4997]",half_random
2787,3,"[4238, 271, 5173]",sim_dissim
2788,3,"[6864, 4161, 853]",random
2789,3,"[3367, 2841, 4216]",half_random
2790,3,"[4454, 4931, 6302]",sim_dissim
2791,3,"[1724, 4226, 5406]",random
2792,3,"[7135, 999, 7220]",half_random
2793,3,"[3528, 5502, 1695]",sim_dissim
2794,3,"[6840, 1920, 5295]",random
2795,3,"[6103, 1151, 7167]",half_random
2796,3,"[1737, 7110, 5510]",sim_dissim
2797,3,"[3629, 1779, 2955]",random
2798,3,"[1229, 6988, 5536]",half_random
2799,3,"[5173, 4876, 1200]",sim_dissim
2800,3,"[3406, 2132, 5299]",random
2801,3,"[3852, 7527, 5697]",half_random
2802,3,"[2401, 3669, 1758]",sim_dissim
2803,3,"[1798, 5607, 8174]",random
2804,3,"[6987, 2267, 7959]",half_random
2805,3,"[2156, 1123, 4927]",sim_dissim
2806,3,"[3914, 1243, 2036]",random
2807,3,"[2025, 5825, 6348]",half_random
2808,3,"[564, 7931, 4921]",sim_dissim
2809,3,"[7196, 3509, 2270]",random
2810,3,"[1365, 4334, 5478]",half_random
2811,3,"[5302, 3715, 6619]",sim_dissim
2812,3,"[231, 2087, 6773]",random
2813,3,"[4731, 3933, 4118]",half_random
2814,3,"[3715, 4208, 5240]",sim_dissim
2815,3,"[1147, 245, 2183]",random
2816,3,"[5598, 4678, 4041]",half_random
2817,3,"[4921, 3181, 8389]",sim_dissim
2818,3,"[5110, 2528, 7360]",random
2819,3,"[886, 8116, 7652]",half_random
2820,3,"[4238, 4921, 6976]",sim_dissim
2821,3,"[4847, 6233, 4242]",random
2822,3,"[1834, 4450, 5664]",half_random
2823,3,"[30, 8135, 181]",sim_dissim
2824,3,"[6572, 6860, 2664]",random
2825,3,"[4647, 7075, 4967]",half_random
2826,3,"[3768, 5502, 3895]",sim_dissim
2827,3,"[1496, 1832, 8241]",random
2828,3,"[3466, 4134, 3730]",half_random
2829,3,"[5588, 7931, 2156]",sim_dissim
2830,3,"[2703, 4647, 3610]",random
2831,3,"[2088, 6846, 5798]",half_random
2832,3,"[7444, 8088, 243]",sim_dissim
2833,3,"[5489, 8215, 7690]",random
2834,3,"[7141, 730, 6278]",half_random
2835,3,"[5863, 5640, 2123]",sim_dissim
2836,3,"[5451, 8145, 5970]",random
2837,3,"[7666, 5326, 6888]",half_random
2838,3,"[959, 6014, 2716]",sim_dissim
2839,3,"[7729, 8160, 3352]",random
2840,3,"[766, 2555, 3585]",half_random
2841,3,"[7629, 4222, 5173]",sim_dissim
2842,3,"[7476, 6910, 6524]",random
2843,3,"[287, 5877, 6707]",half_random
2844,3,"[2521, 959, 4207]",sim_dissim
2845,3,"[7448, 7803, 6974]",random
2846,3,"[1621, 7008, 1359]",half_random
2847,3,"[5898, 3318, 657]",sim_dissim
2848,3,"[3847, 5907, 231]",random
2849,3,"[5445, 5444, 1088]",half_random
2850,3,"[5139, 7849, 5023]",sim_dissim
2851,3,"[2660, 4888, 700]",random
2852,3,"[1337, 1732, 2119]",half_random
2853,3,"[3470, 5173, 186]",sim_dissim
2854,3,"[7430, 6245, 1127]",random
2855,3,"[3359, 1482, 5857]",half_random
2856,3,"[3625, 2270, 3850]",sim_dissim
2857,3,"[1554, 3334, 7443]",random
2858,3,"[8027, 5261, 7094]",half_random
2859,3,"[435, 563, 1060]",sim_dissim
2860,3,"[7696, 745, 8275]",random
2861,3,"[1681, 6360, 2229]",half_random
2862,3,"[5687, 6663, 5555]",sim_dissim
2863,3,"[1275, 757, 8137]",random
2864,3,"[1433, 5427, 8045]",half_random
2865,3,"[5310, 3613, 7987]",sim_dissim
2866,3,"[993, 1896, 6055]",random
2867,3,"[2791, 8035, 1624]",half_random
2868,3,"[340, 4024, 1800]",sim_dissim
2869,3,"[5101, 1827, 7004]",random
2870,3,"[5747, 6169, 4246]",half_random
2871,3,"[1758, 2299, 7091]",sim_dissim
2872,3,"[8292, 2234, 2015]",random
2873,3,"[6695, 2100, 7700]",half_random
2874,3,"[7817, 7218, 6767]",sim_dissim
2875,3,"[8278, 5905, 3394]",random
2876,3,"[3365, 6049, 3247]",half_random
2877,3,"[2123, 5326, 6244]",sim_dissim
2878,3,"[440, 2829, 7905]",random
2879,3,"[7717, 2998, 4014]",half_random
2880,3,"[3116, 137, 2156]",sim_dissim
2881,3,"[2577, 8304, 3359]",random
2882,3,"[1126, 5157, 8226]",half_random
2883,3,"[2270, 297, 3470]",sim_dissim
2884,3,"[7905, 2881, 7463]",random
2885,3,"[6653, 762, 1127]",half_random
2886,3,"[3715, 7867, 2003]",sim_dissim
2887,3,"[8312, 1085, 4251]",random
2888,3,"[4172, 3063, 6349]",half_random
2889,3,"[2008, 2013, 2270]",sim_dissim
2890,3,"[3694, 7580, 1400]",random
2891,3,"[4170, 6259, 4523]",half_random
2892,3,"[6592, 4255, 4275]",sim_dissim
2893,3,"[1562, 298, 3986]",random
2894,3,"[3904, 5996, 1389]",half_random
2895,3,"[7808, 4514, 7920]",sim_dissim
2896,3,"[6028, 4755, 4110]",random
2897,3,"[4194, 6292, 959]",half_random
2898,3,"[181, 2313, 5335]",sim_dissim
2899,3,"[1534, 7082, 1432]",random
2900,3,"[6977, 7584, 2304]",half_random
2901,3,"[7356, 594, 3898]",sim_dissim
2902,3,"[3534, 7817, 654]",random
2903,3,"[6539, 3152, 4246]",half_random
2904,3,"[3026, 276, 5290]",sim_dissim
2905,3,"[3347, 3171, 5013]",random
2906,3,"[7112, 2764, 1260]",half_random
2907,3,"[3046, 7444, 78]",sim_dissim
2908,3,"[5056, 5593, 49]",random
2909,3,"[4897, 8236, 369]",half_random
2910,3,"[7544, 2722, 3528]",sim_dissim
2911,3,"[6813, 5477, 2403]",random
2912,3,"[6785, 4401, 468]",half_random
2913,3,"[5139, 4029, 6378]",sim_dissim
2914,3,"[2169, 1504, 2040]",random
2915,3,"[754, 173, 5982]",half_random
2916,3,"[243, 3110, 4874]",sim_dissim
2917,3,"[1025, 2537, 4172]",random
2918,3,"[6847, 6093, 6255]",half_random
2919,3,"[7849, 3111, 7444]",sim_dissim
2920,3,"[4154, 3781, 7517]",random
2921,3,"[5585, 4045, 2277]",half_random
2922,3,"[4730, 6767, 3613]",sim_dissim
2923,3,"[3675, 5347, 3607]",random
2924,3,"[1325, 4367, 347]",half_random
2925,3,"[6592, 3110, 959]",sim_dissim
2926,3,"[2472, 3990, 3731]",random
2927,3,"[1048, 6811, 7711]",half_random
2928,3,"[5326, 1564, 5564]",sim_dissim
2929,3,"[2498, 4821, 394]",random
2930,3,"[653, 7793, 7888]",half_random
2931,3,"[2156, 2299, 7745]",sim_dissim
2932,3,"[5613, 6119, 4830]",random
2933,3,"[3031, 3295, 2174]",half_random
2934,3,"[626, 7218, 5745]",sim_dissim
2935,3,"[1528, 6672, 1551]",random
2936,3,"[5908, 706, 389]",half_random
2937,3,"[3528, 7544, 3613]",sim_dissim
2938,3,"[5300, 6865, 2253]",random
2939,3,"[8213, 7805, 4648]",half_random
2940,3,"[7444, 8132, 5282]",sim_dissim
2941,3,"[3688, 4540, 149]",random
2942,3,"[3357, 998, 57]",half_random
2943,3,"[7931, 6918, 7444]",sim_dissim
2944,3,"[2569, 5259, 6913]",random
2945,3,"[5087, 5862, 5722]",half_random
2946,3,"[2969, 4255, 3554]",sim_dissim
2947,3,"[1619, 941, 6921]",random
2948,3,"[5909, 8245, 388]",half_random
2949,3,"[7920, 5023, 5326]",sim_dissim
2950,3,"[3704, 7159, 5319]",random
2951,3,"[7804, 729, 1614]",half_random
2952,3,"[6660, 7444, 3987]",sim_dissim
2953,3,"[1403, 7674, 1287]",random
2954,3,"[4124, 6617, 8189]",half_random
2955,3,"[340, 7985, 7603]",sim_dissim
2956,3,"[4828, 7046, 7082]",random
2957,3,"[426, 2818, 5765]",half_random
2958,3,"[6970, 2299, 4712]",sim_dissim
2959,3,"[314, 4135, 3394]",random
2960,3,"[7057, 4358, 5017]",half_random
2961,3,"[3376, 3838, 7975]",sim_dissim
2962,3,"[4889, 2677, 4693]",random
2963,3,"[703, 2290, 7582]",half_random
2964,3,"[237, 7849, 3898]",sim_dissim
2965,3,"[3811, 5923, 3708]",random
2966,3,"[1371, 178, 2453]",half_random
2967,3,"[1695, 3613, 5728]",sim_dissim
2968,3,"[4980, 7717, 5808]",random
2969,3,"[5156, 7828, 5103]",half_random
2970,3,"[1043, 2619, 5603]",sim_dissim
2971,3,"[6761, 4003, 6795]",random
2972,3,"[1755, 2255, 5284]",half_random
2973,3,"[3428, 1758, 6970]",sim_dissim
2974,3,"[5150, 4192, 849]",random
2975,3,"[4198, 5767, 8014]",half_random
2976,3,"[181, 1498, 5863]",sim_dissim
2977,3,"[7482, 2220, 3034]",random
2978,3,"[1484, 2177, 7040]",half_random
2979,3,"[6110, 4146, 3046]",sim_dissim
2980,3,"[1028, 4773, 1904]",random
2981,3,"[2887, 6870, 2188]",half_random
2982,3,"[7222, 896, 3715]",sim_dissim
2983,3,"[5998, 421, 7867]",random
2984,3,"[6782, 3879, 6322]",half_random
2985,3,"[2013, 3470, 6962]",sim_dissim
2986,3,"[4300, 899, 1423]",random
2987,3,"[1747, 1583, 7403]",half_random
2988,3,"[7444, 8302, 5260]",sim_dissim
2989,3,"[1300, 5493, 3076]",random
2990,3,"[6960, 1166, 4499]",half_random
2991,3,"[181, 3243, 7349]",sim_dissim
2992,3,"[2884, 2424, 4283]",random
2993,3,"[2542, 2260, 725]",half_random
2994,3,"[3554, 6592, 4255]",sim_dissim
2995,3,"[6682, 1930, 1173]",random
2996,3,"[6011, 7799, 3517]",half_random
2997,3,"[181, 4463, 1213]",sim_dissim
2998,3,"[6533, 84, 6087]",random
2999,3,"[590, 8011, 7648]",half_random
3000,3,"[5745, 7640, 5763]",sim_dissim
3001,3,"[3327, 6438, 305]",random
3002,3,"[4889, 7666, 1843]",half_random
3003,3,"[4024, 1060, 1800]",sim_dissim
3004,3,"[7723, 2926, 67]",random
3005,3,"[7637, 4160, 4475]",half_random
3006,3,"[4152, 78, 3342]",sim_dissim
3007,3,"[5915, 2937, 7539]",random
3008,3,"[1686, 5249, 6593]",half_random
3009,3,"[3318, 3046, 8142]",sim_dissim
3010,3,"[4436, 4605, 2426]",random
3011,3,"[3376, 793, 4336]",half_random
3012,3,"[2561, 5502, 6374]",sim_dissim
3013,3,"[7561, 6767, 4582]",random
3014,3,"[3857, 7077, 2057]",half_random
3015,3,"[4463, 4514, 2969]",sim_dissim
3016,3,"[5323, 4307, 3010]",random
3017,3,"[398, 1629, 6425]",half_random
3018,3,"[220, 8135, 692]",sim_dissim
3019,3,"[3848, 2884, 8352]",random
3020,3,"[6856, 3275, 6345]",half_random
3021,3,"[5672, 5450, 5326]",sim_dissim
3022,3,"[6063, 3198, 4407]",random
3023,3,"[896, 3152, 2789]",half_random
3024,3,"[4514, 4736, 6619]",sim_dissim
3025,3,"[7038, 3487, 693]",random
3026,3,"[3619, 525, 1501]",half_random
3027,3,"[8267, 5502, 5763]",sim_dissim
3028,3,"[4995, 4749, 4405]",random
3029,3,"[5881, 7410, 2241]",half_random
3030,3,"[1547, 5260, 2156]",sim_dissim
3031,3,"[7006, 1383, 1225]",random
3032,3,"[7463, 1072, 4122]",half_random
3033,3,"[8142, 1164, 4622]",sim_dissim
3034,3,"[3871, 4022, 274]",random
3035,3,"[4738, 1884, 8015]",half_random
3036,3,"[5326, 3243, 6244]",sim_dissim
3037,3,"[4869, 2461, 341]",random
3038,3,"[7562, 1001, 1302]",half_random
3039,3,"[4255, 8148, 3761]",sim_dissim
3040,3,"[6723, 1220, 1214]",random
3041,3,"[6203, 7956, 406]",half_random
3042,3,"[2785, 5173, 3087]",sim_dissim
3043,3,"[4652, 2963, 565]",random
3044,3,"[448, 3547, 4091]",half_random
3045,3,"[6374, 2156, 4207]",sim_dissim
3046,3,"[7091, 6114, 7085]",random
3047,3,"[1974, 6472, 1170]",half_random
3048,3,"[6970, 2299, 1758]",sim_dissim
3049,3,"[751, 6784, 5307]",random
3050,3,"[5518, 1980, 3293]",half_random
3051,3,"[1211, 3838, 5173]",sim_dissim
3052,3,"[5476, 755, 7362]",random
3053,3,"[2495, 6004, 209]",half_random
3054,3,"[2591, 959, 4463]",sim_dissim
3055,3,"[8112, 5263, 4610]",random
3056,3,"[6434, 8269, 449]",half_random
3057,3,"[6180, 4921, 8389]",sim_dissim
3058,3,"[8172, 160, 2322]",random
3059,3,"[3367, 2068, 7036]",half_random
3060,3,"[6976, 7089, 7985]",sim_dissim
3061,3,"[4996, 376, 4169]",random
3062,3,"[3720, 2890, 233]",half_random
3063,3,"[2792, 7444, 5228]",sim_dissim
3064,3,"[774, 978, 8323]",random
3065,3,"[1437, 1133, 4612]",half_random
3066,3,"[4514, 1791, 852]",sim_dissim
3067,3,"[8089, 3457, 5762]",random
3068,3,"[5216, 2478, 499]",half_random
3069,3,"[2752, 1062, 7750]",sim_dissim
3070,3,"[2714, 1205, 3512]",random
3071,3,"[2203, 3204, 4274]",half_random
3072,3,"[5302, 5883, 3613]",sim_dissim
3073,3,"[4194, 4326, 6405]",random
3074,3,"[8067, 3274, 6833]",half_random
3075,3,"[5335, 2313, 2156]",sim_dissim
3076,3,"[559, 4126, 248]",random
3077,3,"[1985, 5369, 6108]",half_random
3078,3,"[6418, 1472, 594]",sim_dissim
3079,3,"[2595, 4836, 3457]",random
3080,3,"[722, 5958, 7191]",half_random
3081,3,"[8316, 3898, 8150]",sim_dissim
3082,3,"[4566, 8094, 3598]",random
3083,3,"[361, 3845, 7926]",half_random
3084,3,"[7346, 4255, 2149]",sim_dissim
3085,3,"[7933, 7836, 4099]",random
3086,3,"[4127, 5074, 2120]",half_random
3087,3,"[357, 2087, 543]",sim_dissim
3088,3,"[386, 1373, 6284]",random
3089,3,"[590, 7692, 4775]",half_random
3090,3,"[6338, 2969, 4255]",sim_dissim
3091,3,"[7471, 3672, 1792]",random
3092,3,"[7159, 6811, 8135]",half_random
3093,3,"[2270, 78, 6564]",sim_dissim
3094,3,"[2904, 1786, 3919]",random
3095,3,"[135, 4755, 7768]",half_random
3096,3,"[6175, 4146, 563]",sim_dissim
3097,3,"[5725, 1473, 3509]",random
3098,3,"[7869, 7607, 5906]",half_random
3099,3,"[1498, 7349, 5326]",sim_dissim
3100,3,"[4575, 266, 7585]",random
3101,3,"[6503, 1053, 5704]",half_random
3102,3,"[6808, 7444, 6014]",sim_dissim
3103,3,"[1062, 3934, 3148]",random
3104,3,"[3771, 77, 2828]",half_random
3105,3,"[3325, 2561, 4467]",sim_dissim
3106,3,"[6870, 6094, 1873]",random
3107,3,"[4191, 3381, 8325]",half_random
3108,3,"[5924, 4712, 4845]",sim_dissim
3109,3,"[1673, 8363, 6976]",random
3110,3,"[5725, 7399, 939]",half_random
3111,3,"[1792, 693, 4874]",sim_dissim
3112,3,"[558, 5004, 1092]",random
3113,3,"[1070, 1253, 2195]",half_random
3114,3,"[564, 3118, 4254]",sim_dissim
3115,3,"[8236, 5883, 5755]",random
3116,3,"[7696, 5224, 2160]",half_random
3117,3,"[6528, 5502, 3791]",sim_dissim
3118,3,"[7166, 3461, 2321]",random
3119,3,"[1582, 4399, 5781]",half_random
3120,3,"[2842, 4467, 181]",sim_dissim
3121,3,"[398, 2362, 7807]",random
3122,3,"[3814, 6275, 4527]",half_random
3123,3,"[1415, 7444, 8135]",sim_dissim
3124,3,"[6274, 1930, 8309]",random
3125,3,"[8136, 632, 6281]",half_random
3126,3,"[1883, 181, 5023]",sim_dissim
3127,3,"[234, 4069, 3663]",random
3128,3,"[635, 5032, 6762]",half_random
3129,3,"[5502, 8148, 7337]",sim_dissim
3130,3,"[8143, 2896, 7075]",random
3131,3,"[6968, 763, 2833]",half_random
3132,3,"[8212, 3046, 8142]",sim_dissim
3133,3,"[5318, 3808, 4925]",random
3134,3,"[722, 8278, 1895]",half_random
3135,3,"[1923, 6962, 1200]",sim_dissim
3136,3,"[7812, 6818, 3742]",random
3137,3,"[582, 2574, 5207]",half_random
3138,3,"[1150, 8181, 4514]",sim_dissim
3139,3,"[2490, 7206, 3224]",random
3140,3,"[5266, 5145, 815]",half_random
3141,3,"[4463, 4514, 8393]",sim_dissim
3142,3,"[3945, 6766, 3640]",random
3143,3,"[2888, 1329, 5523]",half_random
3144,3,"[8325, 364, 2156]",sim_dissim
3145,3,"[921, 877, 105]",random
3146,3,"[5034, 6696, 934]",half_random
3147,3,"[5936, 7444, 2003]",sim_dissim
3148,3,"[6160, 5262, 3775]",random
3149,3,"[2063, 1176, 2709]",half_random
3150,3,"[3087, 3376, 564]",sim_dissim
3151,3,"[2644, 4944, 7529]",random
3152,3,"[1237, 6584, 7844]",half_random
3153,3,"[3111, 7444, 4029]",sim_dissim
3154,3,"[8242, 68, 4394]",random
3155,3,"[485, 2188, 2011]",half_random
3156,3,"[564, 4254, 7931]",sim_dissim
3157,3,"[6662, 583, 2900]",random
3158,3,"[2675, 5667, 4043]",half_random
3159,3,"[1211, 4323, 4146]",sim_dissim
3160,3,"[5222, 2537, 3545]",random
3161,3,"[887, 4718, 1375]",half_random
3162,3,"[1127, 4152, 5502]",sim_dissim
3163,3,"[5889, 1965, 3956]",random
3164,3,"[3029, 2037, 4083]",half_random
3165,3,"[7622, 2156, 7349]",sim_dissim
3166,3,"[3084, 83, 616]",random
3167,3,"[258, 4711, 5182]",half_random
3168,3,"[8227, 3768, 5502]",sim_dissim
3169,3,"[363, 8285, 244]",random
3170,3,"[1686, 2414, 3009]",half_random
3171,3,"[7980, 8302, 5447]",sim_dissim
3172,3,"[1519, 1668, 180]",random
3173,3,"[7166, 2232, 2305]",half_random
3174,3,"[4514, 2477, 1638]",sim_dissim
3175,3,"[2598, 3871, 2054]",random
3176,3,"[6873, 5336, 3164]",half_random
3177,3,"[7987, 4927, 3613]",sim_dissim
3178,3,"[1011, 1229, 7504]",random
3179,3,"[1607, 6747, 2047]",half_random
3180,3,"[3613, 6548, 466]",sim_dissim
3181,3,"[7825, 399, 6489]",random
3182,3,"[4538, 3105, 7249]",half_random
3183,3,"[2008, 297, 5502]",sim_dissim
3184,3,"[7407, 1073, 7223]",random
3185,3,"[4949, 7410, 8226]",half_random
3186,3,"[3768, 3318, 5335]",sim_dissim
3187,3,"[4329, 3311, 6385]",random
3188,3,"[7342, 3164, 4224]",half_random
3189,3,"[3496, 2461, 7444]",sim_dissim
3190,3,"[6083, 8118, 4192]",random
3191,3,"[4926, 6824, 2268]",half_random
3192,3,"[447, 3479, 4259]",sim_dissim
3193,3,"[3375, 1854, 2602]",random
3194,3,"[7547, 6241, 3188]",half_random
3195,3,"[5603, 1945, 357]",sim_dissim
3196,3,"[6389, 715, 2512]",random
3197,3,"[4401, 2989, 6382]",half_random
3198,3,"[1461, 5173, 2805]",sim_dissim
3199,3,"[3829, 3968, 3667]",random
3200,3,"[6002, 6824, 3105]",half_random
3201,3,"[4514, 1678, 3554]",sim_dissim
3202,3,"[1985, 2252, 5481]",random
3203,3,"[7654, 3054, 972]",half_random
3204,3,"[7715, 896, 7444]",sim_dissim
3205,3,"[6667, 2334, 7866]",random
3206,3,"[1000, 829, 3180]",half_random
3207,3,"[4255, 2319, 8325]",sim_dissim
3208,3,"[5729, 2781, 2111]",random
3209,3,"[4607, 6317, 6929]",half_random
3210,3,"[124, 2013, 2722]",sim_dissim
3211,3,"[73, 6537, 2552]",random
3212,3,"[3937, 2945, 6997]",half_random
3213,3,"[4083, 5936, 5447]",sim_dissim
3214,3,"[7362, 3383, 1929]",random
3215,3,"[6380, 6165, 3001]",half_random
3216,3,"[3987, 2805, 5173]",sim_dissim
3217,3,"[6139, 6921, 3932]",random
3218,3,"[726, 4968, 6718]",half_random
3219,3,"[8096, 4254, 5630]",sim_dissim
3220,3,"[7250, 4751, 256]",random
3221,3,"[4918, 1179, 5027]",half_random
3222,3,"[3613, 6767, 4730]",sim_dissim
3223,3,"[3556, 3612, 5827]",random
3224,3,"[5638, 6487, 6623]",half_random
3225,3,"[7985, 8148, 181]",sim_dissim
3226,3,"[7832, 1181, 1304]",random
3227,3,"[4361, 4848, 5373]",half_random
3228,3,"[2619, 2087, 7243]",sim_dissim
3229,3,"[1602, 4040, 926]",random
3230,3,"[4359, 8170, 4859]",half_random
3231,3,"[1916, 3116, 4514]",sim_dissim
3232,3,"[276, 7016, 5845]",random
3233,3,"[232, 1587, 7022]",half_random
3234,3,"[4514, 1213, 3110]",sim_dissim
3235,3,"[5595, 4446, 598]",random
3236,3,"[490, 5976, 3145]",half_random
3237,3,"[959, 8132, 2561]",sim_dissim
3238,3,"[941, 1099, 4568]",random
3239,3,"[6308, 4063, 6102]",half_random
3240,3,"[4449, 5502, 4336]",sim_dissim
3241,3,"[6952, 6045, 5667]",random
3242,3,"[7148, 1345, 5115]",half_random
3243,3,"[271, 7337, 3613]",sim_dissim
3244,3,"[2334, 1719, 62]",random
3245,3,"[541, 2000, 3790]",half_random
3246,3,"[6781, 3613, 466]",sim_dissim
3247,3,"[3920, 4881, 330]",random
3248,3,"[1428, 5476, 2433]",half_random
3249,3,"[5447, 5630, 7195]",sim_dissim
3250,3,"[2103, 1518, 7635]",random
3251,3,"[3881, 6498, 3254]",half_random
3252,3,"[3838, 1211, 7444]",sim_dissim
3253,3,"[2035, 7517, 7387]",random
3254,3,"[2009, 2339, 7495]",half_random
3255,3,"[2945, 5310, 3974]",sim_dissim
3256,3,"[3136, 647, 6423]",random
3257,3,"[1552, 6518, 4294]",half_random
3258,3,"[4222, 4874, 3110]",sim_dissim
3259,3,"[3924, 228, 626]",random
3260,3,"[6750, 3232, 2919]",half_random
3261,3,"[181, 6918, 3087]",sim_dissim
3262,3,"[978, 6028, 7789]",random
3263,3,"[1927, 2783, 5693]",half_random
3264,3,"[5818, 1758, 6389]",sim_dissim
3265,3,"[6056, 8073, 3714]",random
3266,3,"[6970, 1995, 4010]",half_random
3267,3,"[1150, 8212, 5564]",sim_dissim
3268,3,"[2493, 1048, 4541]",random
3269,3,"[1418, 5765, 653]",half_random
3270,3,"[2156, 8227, 4259]",sim_dissim
3271,3,"[1853, 6071, 296]",random
3272,3,"[1850, 7696, 3753]",half_random
3273,3,"[2656, 3026, 2156]",sim_dissim
3274,3,"[3779, 445, 5087]",random
3275,3,"[6562, 116, 414]",half_random
3276,3,"[1923, 5502, 4449]",sim_dissim
3277,3,"[134, 3587, 233]",random
3278,3,"[2863, 6958, 188]",half_random
3279,3,"[1123, 8267, 5745]",sim_dissim
3280,3,"[377, 3543, 4368]",random
3281,3,"[2779, 1503, 6936]",half_random
3282,3,"[6374, 5447, 8026]",sim_dissim
3283,3,"[1022, 1969, 1812]",random
3284,3,"[3023, 2746, 1382]",half_random
3285,3,"[181, 7931, 564]",sim_dissim
3286,3,"[3889, 1859, 550]",random
3287,3,"[5301, 3966, 5522]",half_random
3288,3,"[3046, 4146, 1127]",sim_dissim
3289,3,"[8351, 874, 6069]",random
3290,3,"[6731, 7706, 7836]",half_random
3291,3,"[8227, 3318, 3181]",sim_dissim
3292,3,"[5763, 7857, 8259]",random
3293,3,"[1625, 2827, 1499]",half_random
3294,3,"[7444, 5036, 6389]",sim_dissim
3295,3,"[3230, 4336, 5427]",random
3296,3,"[4268, 3633, 4977]",half_random
3297,3,"[543, 7218, 1043]",sim_dissim
3298,3,"[2003, 6285, 3656]",random
3299,3,"[5264, 664, 3241]",half_random
3300,3,"[3093, 4931, 1417]",sim_dissim
3301,3,"[3191, 1737, 5452]",random
3302,3,"[459, 2036, 7841]",half_random
3303,3,"[2752, 7195, 7503]",sim_dissim
3304,3,"[4429, 6738, 8304]",random
3305,3,"[6901, 6113, 5496]",half_random
3306,3,"[3761, 5173, 3463]",sim_dissim
3307,3,"[4573, 458, 7709]",random
3308,3,"[6816, 3389, 5838]",half_random
3309,3,"[2156, 306, 4736]",sim_dissim
3310,3,"[3745, 5340, 49]",random
3311,3,"[7393, 4179, 1061]",half_random
3312,3,"[2785, 4254, 5657]",sim_dissim
3313,3,"[1475, 5021, 4651]",random
3314,3,"[4301, 2006, 3049]",half_random
3315,3,"[2461, 6389, 2783]",sim_dissim
3316,3,"[2082, 3606, 1491]",random
3317,3,"[3698, 2575, 2426]",half_random
3318,3,"[2156, 8316, 8150]",sim_dissim
3319,3,"[3371, 3200, 1430]",random
3320,3,"[6658, 3757, 3598]",half_random
3321,3,"[8150, 181, 5630]",sim_dissim
3322,3,"[7265, 705, 6447]",random
3323,3,"[5061, 4565, 4316]",half_random
3324,3,"[8302, 2156, 5260]",sim_dissim
3325,3,"[2401, 3179, 4765]",random
3326,3,"[2846, 619, 6765]",half_random
3327,3,"[3974, 3542, 8267]",sim_dissim
3328,3,"[7319, 4248, 6202]",random
3329,3,"[5581, 3432, 4167]",half_random
3330,3,"[3613, 3528, 3791]",sim_dissim
3331,3,"[3477, 7512, 334]",random
3332,3,"[3263, 1925, 7919]",half_random
3333,3,"[7867, 5924, 4874]",sim_dissim
3334,3,"[4338, 6028, 4161]",random
3335,3,"[5288, 5906, 493]",half_random
3336,3,"[4514, 3110, 4222]",sim_dissim
3337,3,"[7829, 6913, 3075]",random
3338,3,"[5924, 375, 5656]",half_random
3339,3,"[6302, 1417, 959]",sim_dissim
3340,3,"[2159, 2100, 5118]",random
3341,3,"[8081, 5638, 8312]",half_random
3342,3,"[7444, 680, 7356]",sim_dissim
3343,3,"[4399, 7730, 1607]",random
3344,3,"[6281, 7039, 1407]",half_random
3345,3,"[276, 4876, 959]",sim_dissim
3346,3,"[4981, 2616, 6227]",random
3347,3,"[6384, 6103, 7438]",half_random
3348,3,"[5173, 7985, 6976]",sim_dissim
3349,3,"[6357, 1775, 7899]",random
3350,3,"[5938, 2617, 5666]",half_random
3351,3,"[3715, 7849, 237]",sim_dissim
3352,3,"[4449, 3528, 5557]",random
3353,3,"[6222, 3664, 4116]",half_random
3354,3,"[5502, 8026, 4467]",sim_dissim
3355,3,"[1551, 4266, 8059]",random
3356,3,"[3815, 4808, 1680]",half_random
3357,3,"[5745, 1123, 8267]",sim_dissim
3358,3,"[8351, 7660, 7405]",random
3359,3,"[3734, 6166, 5314]",half_random
3360,3,"[3325, 3838, 7975]",sim_dissim
3361,3,"[1061, 2353, 543]",random
3362,3,"[4987, 252, 4676]",half_random
3363,3,"[4514, 1150, 8009]",sim_dissim
3364,3,"[6380, 8114, 60]",random
3365,3,"[6711, 8389, 8358]",half_random
3366,3,"[7091, 5502, 3669]",sim_dissim
3367,3,"[7919, 4132, 4027]",random
3368,3,"[4890, 3643, 5133]",half_random
3369,3,"[1373, 181, 220]",sim_dissim
3370,3,"[3221, 5177, 483]",random
3371,3,"[7415, 2790, 5329]",half_random
3372,3,"[3768, 447, 8389]",sim_dissim
3373,3,"[7377, 4520, 2386]",random
3374,3,"[3730, 3124, 3836]",half_random
3375,3,"[6988, 1800, 5510]",sim_dissim
3376,3,"[147, 5406, 3069]",random
3377,3,"[880, 8236, 6867]",half_random
3378,3,"[1461, 5173, 2451]",sim_dissim
3379,3,"[6278, 5201, 6747]",random
3380,3,"[3624, 1453, 2944]",half_random
3381,3,"[564, 3376, 7931]",sim_dissim
3382,3,"[7398, 4412, 7451]",random
3383,3,"[6668, 8166, 7276]",half_random
3384,3,"[2477, 4514, 1638]",sim_dissim
3385,3,"[1428, 7611, 3804]",random
3386,3,"[4110, 1790, 5651]",half_random
3387,3,"[1916, 693, 3715]",sim_dissim
3388,3,"[894, 3689, 6078]",random
3389,3,"[384, 7889, 1366]",half_random
3390,3,"[357, 2087, 3542]",sim_dissim
3391,3,"[8080, 7624, 5694]",random
3392,3,"[1711, 5650, 1153]",half_random
3393,3,"[1923, 5687, 5502]",sim_dissim
3394,3,"[5465, 2899, 3187]",random
3395,3,"[5676, 5547, 5448]",half_random
3396,3,"[4353, 4259, 3479]",sim_dissim
3397,3,"[747, 949, 759]",random
3398,3,"[6287, 5018, 5295]",half_random
3399,3,"[6965, 2783, 5672]",sim_dissim
3400,3,"[4889, 6249, 14]",random
3401,3,"[527, 4330, 5013]",half_random
3402,3,"[7444, 3559, 5763]",sim_dissim
3403,3,"[4405, 5636, 5098]",random
3404,3,"[3364, 897, 3115]",half_random
3405,3,"[2752, 7980, 8302]",sim_dissim
3406,3,"[5776, 3882, 1245]",random
3407,3,"[1244, 4340, 6341]",half_random
3408,3,"[564, 3118, 3325]",sim_dissim
3409,3,"[2318, 7196, 5994]",random
3410,3,"[5363, 4060, 8210]",half_random
3411,3,"[181, 276, 5555]",sim_dissim
3412,3,"[7046, 6095, 1790]",random
3413,3,"[5947, 6247, 3323]",half_random
3414,3,"[5555, 1200, 5290]",sim_dissim
3415,3,"[184, 4655, 3334]",random
3416,3,"[4586, 5765, 3590]",half_random
3417,3,"[6338, 1678, 181]",sim_dissim
3418,3,"[2390, 5914, 7837]",random
3419,3,"[2700, 5960, 7272]",half_random
3420,3,"[2451, 1483, 2156]",sim_dissim
3421,3,"[7223, 7942, 6018]",random
3422,3,"[3886, 5560, 4439]",half_random
3423,3,"[6918, 3325, 7931]",sim_dissim
3424,3,"[1857, 6829, 6352]",random
3425,3,"[5544, 6254, 2746]",half_random
3426,3,"[594, 4921, 7356]",sim_dissim
3427,3,"[5792, 7160, 1429]",random
3428,3,"[3007, 950, 807]",half_random
3429,3,"[2319, 3838, 3376]",sim_dissim
3430,3,"[5028, 3679, 8239]",random
3431,3,"[6142, 2015, 5315]",half_random
3432,3,"[4278, 3325, 5282]",sim_dissim
3433,3,"[2583, 5850, 5072]",random
3434,3,"[6325, 2664, 5542]",half_random
3435,3,"[3110, 243, 4874]",sim_dissim
3436,3,"[3127, 97, 1016]",random
3437,3,"[1026, 1775, 698]",half_random
3438,3,"[827, 1498, 5447]",sim_dissim
3439,3,"[2328, 5903, 6340]",random
3440,3,"[5034, 6750, 1170]",half_random
3441,3,"[3243, 7349, 4921]",sim_dissim
3442,3,"[847, 2758, 537]",random
3443,3,"[1566, 7495, 3449]",half_random
3444,3,"[6619, 4868, 5602]",sim_dissim
3445,3,"[539, 4415, 7118]",random
3446,3,"[4570, 8386, 6059]",half_random
3447,3,"[1123, 8267, 5745]",sim_dissim
3448,3,"[45, 4711, 3796]",random
3449,3,"[1049, 337, 4486]",half_random
3450,3,"[5602, 5883, 4684]",sim_dissim
3451,3,"[710, 8326, 1053]",random
3452,3,"[2544, 7365, 3089]",half_random
3453,3,"[3715, 6389, 5036]",sim_dissim
3454,3,"[8039, 8035, 4413]",random
3455,3,"[4549, 3800, 5606]",half_random
3456,3,"[5510, 1800, 4001]",sim_dissim
3457,3,"[5154, 4583, 4352]",random
3458,3,"[5846, 2996, 848]",half_random
3459,3,"[5502, 7750, 1444]",sim_dissim
3460,3,"[7270, 7072, 1818]",random
3461,3,"[4679, 5117, 1684]",half_random
3462,3,"[8212, 6564, 1127]",sim_dissim
3463,3,"[4680, 2161, 2211]",random
3464,3,"[7673, 5515, 5632]",half_random
3465,3,"[8389, 3181, 3325]",sim_dissim
3466,3,"[7980, 5889, 1214]",random
3467,3,"[7759, 1727, 598]",half_random
3468,3,"[2003, 7867, 4712]",sim_dissim
3469,3,"[3574, 6987, 1296]",random
3470,3,"[3672, 4801, 6692]",half_random
3471,3,"[6962, 2656, 4336]",sim_dissim
3472,3,"[4513, 934, 5810]",random
3473,3,"[560, 7722, 3453]",half_random
3474,3,"[137, 4255, 6619]",sim_dissim
3475,3,"[2325, 86, 835]",random
3476,3,"[8227, 8321, 5520]",half_random
3477,3,"[563, 435, 340]",sim_dissim
3478,3,"[5021, 6985, 6862]",random
3479,3,"[7066, 4485, 811]",half_random
3480,3,"[1923, 6663, 2656]",sim_dissim
3481,3,"[1445, 2690, 8035]",random
3482,3,"[5772, 1537, 2927]",half_random
3483,3,"[5745, 3559, 7987]",sim_dissim
3484,3,"[5825, 4355, 6048]",random
3485,3,"[1070, 5572, 2511]",half_random
3486,3,"[896, 7222, 181]",sim_dissim
3487,3,"[6011, 6608, 2111]",random
3488,3,"[3886, 5996, 6119]",half_random
3489,3,"[3528, 2156, 3791]",sim_dissim
3490,3,"[8094, 3621, 4414]",random
3491,3,"[5387, 2580, 3579]",half_random
3492,3,"[220, 8135, 4514]",sim_dissim
3493,3,"[658, 6199, 2031]",random
3494,3,"[1406, 4894, 1283]",half_random
3495,3,"[1907, 1792, 6619]",sim_dissim
3496,3,"[5747, 4325, 7927]",random
3497,3,"[4087, 1707, 4245]",half_random
3498,3,"[3026, 6663, 1200]",sim_dissim
3499,3,"[6067, 3606, 5967]",random
3500,3,"[6360, 2930, 7746]",half_random
3501,3,"[243, 4463, 4921]",sim_dissim
3502,3,"[1478, 627, 3121]",random
3503,3,"[3012, 4379, 2030]",half_random
3504,3,"[4921, 364, 169]",sim_dissim
3505,3,"[2874, 7763, 5772]",random
3506,3,"[4587, 7073, 3389]",half_random
3507,3,"[181, 3111, 7920]",sim_dissim
3508,3,"[18, 6265, 5361]",random
3509,3,"[1853, 8057, 3335]",half_random
3510,3,"[1907, 1792, 5503]",sim_dissim
3511,3,"[48, 5230, 3913]",random
3512,3,"[2535, 3006, 4485]",half_random
3513,3,"[2156, 276, 4336]",sim_dissim
3514,3,"[858, 3660, 4171]",random
3515,3,"[728, 2748, 4493]",half_random
3516,3,"[2591, 5173, 3110]",sim_dissim
3517,3,"[6542, 5600, 2134]",random
3518,3,"[3198, 3362, 4001]",half_random
3519,3,"[3625, 1800, 340]",sim_dissim
3520,3,"[923, 3723, 5585]",random
3521,3,"[6555, 1187, 1375]",half_random
3522,3,"[1695, 447, 6528]",sim_dissim
3523,3,"[2427, 343, 1139]",random
3524,3,"[6326, 5502, 3572]",half_random
3525,3,"[8150, 7503, 2156]",sim_dissim
3526,3,"[1003, 3565, 4145]",random
3527,3,"[4221, 7992, 6800]",half_random
3528,3,"[5067, 6918, 4712]",sim_dissim
3529,3,"[1121, 930, 8135]",random
3530,3,"[6739, 187, 1266]",half_random
3531,3,"[8297, 5450, 4514]",sim_dissim
3532,3,"[441, 5762, 7057]",random
3533,3,"[3648, 4959, 8294]",half_random
3534,3,"[3559, 340, 5763]",sim_dissim
3535,3,"[703, 6459, 3638]",random
3536,3,"[5249, 3366, 1288]",half_random
3537,3,"[5502, 3463, 3761]",sim_dissim
3538,3,"[5680, 6974, 3658]",random
3539,3,"[4021, 6006, 2613]",half_random
3540,3,"[6180, 447, 3895]",sim_dissim
3541,3,"[1118, 3416, 324]",random
3542,3,"[7890, 1640, 3571]",half_random
3543,3,"[3669, 4514, 2401]",sim_dissim
3544,3,"[3238, 3465, 4464]",random
3545,3,"[5940, 5368, 4538]",half_random
3546,3,"[2156, 3768, 8227]",sim_dissim
3547,3,"[5494, 448, 2598]",random
3548,3,"[1447, 3090, 2291]",half_random
3549,3,"[6592, 7444, 6338]",sim_dissim
3550,3,"[350, 4, 447]",random
3551,3,"[4450, 2431, 1804]",half_random
3552,3,"[2156, 2591, 4463]",sim_dissim
3553,3,"[8052, 4177, 3089]",random
3554,3,"[2569, 936, 4965]",half_random
3555,3,"[6781, 692, 5302]",sim_dissim
3556,3,"[6307, 6612, 4999]",random
3557,3,"[3154, 5130, 7670]",half_random
3558,3,"[2805, 7444, 3987]",sim_dissim
3559,3,"[1108, 5336, 6304]",random
3560,3,"[348, 1646, 4980]",half_random
3561,3,"[181, 2299, 7091]",sim_dissim
3562,3,"[2550, 6151, 4018]",random
3563,3,"[4536, 6115, 2929]",half_random
3564,3,"[5023, 3382, 5139]",sim_dissim
3565,3,"[7578, 7455, 6446]",random
3566,3,"[8063, 2936, 8284]",half_random
3567,3,"[3813, 4514, 886]",sim_dissim
3568,3,"[4465, 7913, 8091]",random
3569,3,"[193, 6724, 7141]",half_random
3570,3,"[2313, 3895, 4921]",sim_dissim
3571,3,"[6739, 8262, 5893]",random
3572,3,"[2397, 6916, 6295]",half_random
3573,3,"[1758, 5228, 369]",sim_dissim
3574,3,"[6367, 4320, 3255]",random
3575,3,"[8151, 3298, 6611]",half_random
3576,3,"[3974, 181, 8267]",sim_dissim
3577,3,"[5033, 5916, 74]",random
3578,3,"[7220, 3870, 4286]",half_random
3579,3,"[6548, 5302, 3542]",sim_dissim
3580,3,"[4687, 1016, 1460]",random
3581,3,"[4531, 393, 3280]",half_random
3582,3,"[3325, 3428, 2401]",sim_dissim
3583,3,"[7421, 6706, 438]",random
3584,3,"[7000, 3550, 1794]",half_random
3585,3,"[5878, 3613, 466]",sim_dissim
3586,3,"[704, 8037, 5990]",random
3587,3,"[6138, 2247, 7815]",half_random
3588,3,"[1883, 7444, 6378]",sim_dissim
3589,3,"[6999, 3025, 1860]",random
3590,3,"[1503, 2175, 4055]",half_random
3591,3,"[1250, 6338, 5640]",sim_dissim
3592,3,"[6935, 3765, 1879]",random
3593,3,"[4883, 2291, 1742]",half_random
3594,3,"[4449, 5555, 5502]",sim_dissim
3595,3,"[3144, 1258, 7658]",random
3596,3,"[4215, 796, 7144]",half_random
3597,3,"[4622, 1127, 3342]",sim_dissim
3598,3,"[8013, 6200, 1536]",random
3599,3,"[177, 2634, 3984]",half_random
3600,3,"[7544, 447, 5728]",sim_dissim
3601,3,"[620, 3633, 2092]",random
3602,3,"[5481, 6530, 7721]",half_random
3603,3,"[297, 3470, 5502]",sim_dissim
3604,3,"[3214, 3266, 176]",random
3605,3,"[7018, 1447, 120]",half_random
3606,3,"[5502, 8267, 3974]",sim_dissim
3607,3,"[7975, 5327, 5094]",random
3608,3,"[6724, 8211, 463]",half_random
3609,3,"[1883, 3715, 6378]",sim_dissim
3610,3,"[4075, 6442, 4769]",random
3611,3,"[6173, 1382, 6932]",half_random
3612,3,"[3715, 209, 6389]",sim_dissim
3613,3,"[5322, 4608, 1049]",random
3614,3,"[368, 7009, 578]",half_random
3615,3,"[8325, 7444, 2319]",sim_dissim
3616,3,"[7750, 1908, 205]",random
3617,3,"[3267, 3623, 3424]",half_random
3618,3,"[3382, 3111, 5139]",sim_dissim
3619,3,"[4164, 1429, 928]",random
3620,3,"[3100, 8126, 857]",half_random
3621,3,"[7444, 266, 2879]",sim_dissim
3622,3,"[7841, 7853, 7812]",random
3623,3,"[7606, 1081, 369]",half_random
3624,3,"[3376, 3110, 1678]",sim_dissim
3625,3,"[5762, 3615, 1275]",random
3626,3,"[4230, 6944, 5302]",half_random
3627,3,"[5657, 564, 5173]",sim_dissim
3628,3,"[7919, 2243, 6883]",random
3629,3,"[6692, 17, 1113]",half_random
3630,3,"[3528, 3318, 4259]",sim_dissim
3631,3,"[6917, 580, 967]",random
3632,3,"[8222, 3647, 8154]",half_random
3633,3,"[2591, 7444, 7629]",sim_dissim
3634,3,"[6520, 3269, 2995]",random
3635,3,"[4331, 3613, 4208]",half_random
3636,3,"[7222, 896, 3715]",sim_dissim
3637,3,"[3240, 3542, 4665]",random
3638,3,"[4534, 7276, 4578]",half_random
3639,3,"[5240, 4208, 5139]",sim_dissim
3640,3,"[4464, 4900, 6605]",random
3641,3,"[731, 5964, 3455]",half_random
3642,3,"[2319, 181, 2641]",sim_dissim
3643,3,"[8131, 1132, 7818]",random
3644,3,"[1550, 7749, 509]",half_random
3645,3,"[4712, 1791, 852]",sim_dissim
3646,3,"[2064, 1787, 7040]",random
3647,3,"[471, 6353, 3064]",half_random
3648,3,"[1043, 4730, 1737]",sim_dissim
3649,3,"[3144, 453, 5963]",random
3650,3,"[4940, 5629, 1335]",half_random
3651,3,"[181, 1916, 306]",sim_dissim
3652,3,"[1202, 675, 2084]",random
3653,3,"[4845, 1171, 103]",half_random
3654,3,"[8132, 4207, 5502]",sim_dissim
3655,3,"[3990, 3491, 6144]",random
3656,3,"[3768, 5076, 6633]",half_random
3657,3,"[1123, 5745, 7640]",sim_dissim
3658,3,"[5132, 6371, 1483]",random
3659,3,"[7191, 91, 1359]",half_random
3660,3,"[6338, 8393, 4874]",sim_dissim
3661,3,"[6029, 1935, 3597]",random
3662,3,"[8268, 2302, 2451]",half_random
3663,3,"[2451, 3987, 7444]",sim_dissim
3664,3,"[1846, 3317, 1546]",random
3665,3,"[7153, 5128, 7968]",half_random
3666,3,"[5139, 6389, 2461]",sim_dissim
3667,3,"[473, 6830, 3170]",random
3668,3,"[1658, 2289, 6095]",half_random
3669,3,"[8212, 3116, 137]",sim_dissim
3670,3,"[2030, 2390, 1383]",random
3671,3,"[902, 554, 7844]",half_random
3672,3,"[3382, 1907, 3111]",sim_dissim
3673,3,"[2040, 2287, 722]",random
3674,3,"[8168, 4797, 377]",half_random
3675,3,"[2156, 4003, 7893]",sim_dissim
3676,3,"[70, 8329, 3016]",random
3677,3,"[8146, 3937, 3384]",half_random
3678,3,"[7752, 5139, 5450]",sim_dissim
3679,3,"[2817, 3473, 7612]",random
3680,3,"[858, 4262, 7378]",half_random
3681,3,"[1800, 5510, 4146]",sim_dissim
3682,3,"[2476, 1372, 1289]",random
3683,3,"[668, 6376, 7529]",half_random
3684,3,"[8026, 8132, 5502]",sim_dissim
3685,3,"[8187, 4250, 4375]",random
3686,3,"[7517, 6533, 7900]",half_random
3687,3,"[3895, 3325, 2313]",sim_dissim
3688,3,"[333, 7563, 6051]",random
3689,3,"[2043, 5299, 1784]",half_random
3690,3,"[4868, 3598, 5883]",sim_dissim
3691,3,"[1218, 6508, 7398]",random
3692,3,"[7373, 4655, 4244]",half_random
3693,3,"[7444, 5763, 5310]",sim_dissim
3694,3,"[1381, 583, 2387]",random
3695,3,"[3087, 3004, 8301]",half_random
3696,3,"[1444, 2752, 5260]",sim_dissim
3697,3,"[6476, 7446, 3764]",random
3698,3,"[1959, 7986, 1054]",half_random
3699,3,"[8289, 4874, 2003]",sim_dissim
3700,3,"[7284, 5252, 7796]",random
3701,3,"[1710, 3733, 3109]",half_random
3702,3,"[6564, 657, 4146]",sim_dissim
3703,3,"[2226, 7452, 7437]",random
3704,3,"[5275, 718, 8302]",half_random
3705,3,"[1792, 181, 693]",sim_dissim
3706,3,"[2464, 3184, 1350]",random
3707,3,"[3398, 7262, 8192]",half_random
3708,3,"[8135, 4514, 1638]",sim_dissim
3709,3,"[3975, 5464, 4538]",random
3710,3,"[921, 727, 6610]",half_random
3711,3,"[8096, 4254, 5630]",sim_dissim
3712,3,"[555, 2711, 2922]",random
3713,3,"[6968, 1806, 5960]",half_random
3714,3,"[5603, 7817, 6767]",sim_dissim
3715,3,"[8062, 3985, 1235]",random
3716,3,"[4848, 2735, 2667]",half_random
3717,3,"[959, 1062, 7222]",sim_dissim
3718,3,"[453, 1792, 7370]",random
3719,3,"[329, 8093, 6440]",half_random
3720,3,"[564, 4255, 5067]",sim_dissim
3721,3,"[590, 2334, 3438]",random
3722,3,"[1190, 2535, 7430]",half_random
3723,3,"[4606, 1346, 2783]",sim_dissim
3724,3,"[1566, 7045, 458]",random
3725,3,"[1517, 7659, 7603]",half_random
3726,3,"[3089, 3715, 209]",sim_dissim
3727,3,"[4081, 4031, 4543]",random
3728,3,"[2152, 5925, 8202]",half_random
3729,3,"[5818, 369, 4514]",sim_dissim
3730,3,"[661, 6137, 5671]",random
3731,3,"[8314, 1230, 5245]",half_random
3732,3,"[5173, 8026, 4278]",sim_dissim
3733,3,"[7339, 2675, 956]",random
3734,3,"[2237, 5478, 4430]",half_random
3735,3,"[2716, 4138, 959]",sim_dissim
3736,3,"[304, 1853, 6330]",random
3737,3,"[3574, 2559, 5923]",half_random
3738,3,"[3715, 4463, 1678]",sim_dissim
3739,3,"[8093, 1628, 8255]",random
3740,3,"[8261, 119, 8116]",half_random
3741,3,"[7346, 1483, 3914]",sim_dissim
3742,3,"[5945, 4236, 5520]",random
3743,3,"[6774, 3470, 3503]",half_random
3744,3,"[4712, 6014, 3093]",sim_dissim
3745,3,"[7873, 1486, 3907]",random
3746,3,"[3161, 6191, 1501]",half_random
3747,3,"[4463, 2156, 1678]",sim_dissim
3748,3,"[5395, 2413, 5972]",random
3749,3,"[747, 6855, 1401]",half_random
3750,3,"[5173, 4868, 5878]",sim_dissim
3751,3,"[6372, 6387, 5306]",random
3752,3,"[5371, 7833, 840]",half_random
3753,3,"[3715, 886, 762]",sim_dissim
3754,3,"[4685, 3241, 974]",random
3755,3,"[3980, 7279, 2888]",half_random
3756,3,"[3613, 5763, 3559]",sim_dissim
3757,3,"[6651, 1910, 4305]",random
3758,3,"[4021, 2282, 7477]",half_random
3759,3,"[3715, 3093, 1417]",sim_dissim
3760,3,"[280, 132, 225]",random
3761,3,"[2057, 6728, 3182]",half_random
3762,3,"[5640, 3554, 6592]",sim_dissim
3763,3,"[4724, 8270, 3333]",random
3764,3,"[5474, 2776, 5231]",half_random
3765,3,"[5936, 5924, 5326]",sim_dissim
3766,3,"[8303, 6179, 1469]",random
3767,3,"[7675, 5711, 2699]",half_random
3768,3,"[1127, 4152, 4514]",sim_dissim
3769,3,"[4276, 1006, 5357]",random
3770,3,"[8283, 6650, 3316]",half_random
3771,3,"[2451, 2156, 2149]",sim_dissim
3772,3,"[794, 224, 3732]",random
3773,3,"[5353, 193, 6547]",half_random
3774,3,"[1164, 8142, 3046]",sim_dissim
3775,3,"[213, 6305, 6235]",random
3776,3,"[1970, 8355, 3870]",half_random
3777,3,"[5502, 4449, 4336]",sim_dissim
3778,3,"[4556, 7147, 2086]",random
3779,3,"[6542, 5644, 2206]",half_random
3780,3,"[3026, 276, 4255]",sim_dissim
3781,3,"[5430, 8367, 4929]",random
3782,3,"[945, 1507, 3897]",half_random
3783,3,"[5290, 5687, 4336]",sim_dissim
3784,3,"[790, 661, 4205]",random
3785,3,"[7128, 7756, 5443]",half_random
3786,3,"[1737, 6767, 4730]",sim_dissim
3787,3,"[4124, 8147, 5307]",random
3788,3,"[1152, 5857, 1781]",half_random
3789,3,"[4255, 1678, 3554]",sim_dissim
3790,3,"[87, 7676, 1527]",random
3791,3,"[5364, 5155, 8155]",half_random
3792,3,"[564, 5067, 5173]",sim_dissim
3793,3,"[1335, 4422, 6306]",random
3794,3,"[7868, 1031, 3561]",half_random
3795,3,"[7849, 6378, 1907]",sim_dissim
3796,3,"[1839, 7374, 3101]",random
3797,3,"[1840, 7629, 1667]",half_random
3798,3,"[7622, 5863, 5326]",sim_dissim
3799,3,"[2274, 2324, 4105]",random
3800,3,"[2725, 777, 8095]",half_random
3801,3,"[8009, 7752, 7444]",sim_dissim
3802,3,"[7829, 1631, 2111]",random
3803,3,"[2403, 1680, 5830]",half_random
3804,3,"[237, 7849, 959]",sim_dissim
3805,3,"[1395, 6746, 1744]",random
3806,3,"[6679, 7505, 3684]",half_random
3807,3,"[1213, 4463, 7444]",sim_dissim
3808,3,"[5159, 3256, 3648]",random
3809,3,"[2992, 3065, 4814]",half_random
3810,3,"[4606, 1338, 4514]",sim_dissim
3811,3,"[4972, 3471, 2487]",random
3812,3,"[3005, 3397, 7669]",half_random
3813,3,"[3318, 1695, 3479]",sim_dissim
3814,3,"[2078, 612, 1825]",random
3815,3,"[1231, 5000, 3162]",half_random
3816,3,"[6767, 5603, 1737]",sim_dissim
3817,3,"[1812, 3967, 4840]",random
3818,3,"[7634, 4470, 1971]",half_random
3819,3,"[2003, 4712, 4606]",sim_dissim
3820,3,"[874, 4774, 2361]",random
3821,3,"[1082, 4863, 7592]",half_random
3822,3,"[6110, 3318, 4152]",sim_dissim
3823,3,"[422, 6816, 4198]",random
3824,3,"[2318, 7452, 395]",half_random
3825,3,"[7808, 7920, 5326]",sim_dissim
3826,3,"[5016, 3246, 2008]",random
3827,3,"[181, 2422, 8315]",half_random
3828,3,"[4255, 1461, 7346]",sim_dissim
3829,3,"[7606, 4517, 7791]",random
3830,3,"[332, 7609, 2863]",half_random
3831,3,"[4278, 4921, 4207]",sim_dissim
3832,3,"[2336, 2694, 6392]",random
3833,3,"[4967, 3398, 679]",half_random
3834,3,"[237, 4514, 4029]",sim_dissim
3835,3,"[5908, 8359, 3857]",random
3836,3,"[5449, 7208, 7147]",half_random
3837,3,"[2591, 181, 4463]",sim_dissim
3838,3,"[7020, 89, 1177]",random
3839,3,"[1518, 2738, 7317]",half_random
3840,3,"[1472, 7503, 8150]",sim_dissim
3841,3,"[6920, 7664, 4564]",random
3842,3,"[5839, 7938, 48]",half_random
3843,3,"[5502, 3046, 657]",sim_dissim
3844,3,"[2240, 2800, 5852]",random
3845,3,"[2292, 5935, 5376]",half_random
3846,3,"[5502, 5763, 4927]",sim_dissim
3847,3,"[7312, 1258, 6392]",random
3848,3,"[8364, 7224, 7538]",half_random
3849,3,"[1945, 6503, 6767]",sim_dissim
3850,3,"[5623, 4168, 8295]",random
3851,3,"[4074, 2737, 6566]",half_random
3852,3,"[2752, 8150, 7356]",sim_dissim
3853,3,"[2999, 4744, 7095]",random
3854,3,"[5606, 3249, 5502]",half_random
3855,3,"[7218, 7817, 6767]",sim_dissim
3856,3,"[110, 5697, 1833]",random
3857,3,"[3279, 6964, 6388]",half_random
3858,3,"[8289, 2003, 2783]",sim_dissim
3859,3,"[6459, 8025, 2641]",random
3860,3,"[5562, 6724, 1312]",half_random
3861,3,"[5564, 5139, 1564]",sim_dissim
3862,3,"[7371, 5262, 4349]",random
3863,3,"[6626, 3397, 2635]",half_random
3864,3,"[6564, 78, 5745]",sim_dissim
3865,3,"[8084, 7399, 4916]",random
3866,3,"[1250, 3920, 1400]",half_random
3867,3,"[5173, 4073, 3087]",sim_dissim
3868,3,"[250, 4059, 5643]",random
3869,3,"[2995, 7655, 3841]",half_random
3870,3,"[5173, 271, 4889]",sim_dissim
3871,3,"[1277, 3385, 4275]",random
3872,3,"[2834, 4317, 6285]",half_random
3873,3,"[4514, 1791, 762]",sim_dissim
3874,3,"[6217, 7881, 3580]",random
3875,3,"[1614, 2851, 2491]",half_random
3876,3,"[3118, 564, 4712]",sim_dissim
3877,3,"[4420, 3696, 935]",random
3878,3,"[5495, 2118, 612]",half_random
3879,3,"[2319, 3838, 181]",sim_dissim
3880,3,"[2029, 561, 4516]",random
3881,3,"[1621, 2337, 1919]",half_random
3882,3,"[181, 1678, 6338]",sim_dissim
3883,3,"[4217, 1746, 1446]",random
3884,3,"[3314, 5400, 2938]",half_random
3885,3,"[6767, 7218, 5502]",sim_dissim
3886,3,"[6283, 2599, 7247]",random
3887,3,"[1434, 3772, 2664]",half_random
3888,3,"[7444, 3110, 6592]",sim_dissim
3889,3,"[8172, 109, 5659]",random
3890,3,"[3629, 2835, 6837]",half_random
3891,3,"[4684, 6548, 7441]",sim_dissim
3892,3,"[5036, 2984, 8237]",random
3893,3,"[8, 6671, 4958]",half_random
3894,3,"[181, 2591, 3110]",sim_dissim
3895,3,"[7100, 1938, 4473]",random
3896,3,"[1425, 6414, 7340]",half_random
3897,3,"[4275, 7444, 1250]",sim_dissim
3898,3,"[6250, 2980, 4644]",random
3899,3,"[3598, 4134, 5629]",half_random
3900,3,"[237, 7444, 7849]",sim_dissim
3901,3,"[7567, 4405, 6569]",random
3902,3,"[958, 6582, 2293]",half_random
3903,3,"[5260, 1444, 5502]",sim_dissim
3904,3,"[3034, 4234, 263]",random
3905,3,"[3665, 4904, 6287]",half_random
3906,3,"[181, 3428, 4899]",sim_dissim
3907,3,"[5412, 919, 8197]",random
3908,3,"[4084, 7451, 5314]",half_random
3909,3,"[306, 1916, 4255]",sim_dissim
3910,3,"[7544, 2811, 3313]",random
3911,3,"[2348, 6117, 8034]",half_random
3912,3,"[3116, 1792, 2156]",sim_dissim
3913,3,"[7090, 5203, 1040]",random
3914,3,"[6145, 6761, 3877]",half_random
3915,3,"[181, 8148, 4889]",sim_dissim
3916,3,"[3956, 5782, 1277]",random
3917,3,"[8214, 7608, 2473]",half_random
3918,3,"[3542, 7588, 6548]",sim_dissim
3919,3,"[132, 3852, 349]",random
3920,3,"[2412, 2989, 7021]",half_random
3921,3,"[1737, 1800, 563]",sim_dissim
3922,3,"[2991, 5608, 7091]",random
3923,3,"[2142, 423, 52]",half_random
3924,3,"[4029, 1907, 3111]",sim_dissim
3925,3,"[6063, 2306, 1222]",random
3926,3,"[4971, 3678, 2604]",half_random
3927,3,"[959, 4454, 4003]",sim_dissim
3928,3,"[6902, 5764, 5413]",random
3929,3,"[3404, 3602, 5244]",half_random
3930,3,"[4874, 8393, 3554]",sim_dissim
3931,3,"[5772, 7446, 2745]",random
3932,3,"[5823, 1192, 8328]",half_random
3933,3,"[8212, 5818, 3496]",sim_dissim
3934,3,"[2597, 725, 2532]",random
3935,3,"[5345, 8123, 7878]",half_random
3936,3,"[181, 2299, 6970]",sim_dissim
3937,3,"[5914, 2663, 4296]",random
3938,3,"[5126, 3009, 3980]",half_random
3939,3,"[5630, 2156, 8096]",sim_dissim
3940,3,"[8135, 6513, 3589]",random
3941,3,"[1339, 6430, 1192]",half_random
3942,3,"[2156, 8267, 7987]",sim_dissim
3943,3,"[5269, 4615, 7651]",random
3944,3,"[2500, 7456, 8034]",half_random
3945,3,"[3463, 181, 4238]",sim_dissim
3946,3,"[7114, 454, 713]",random
3947,3,"[2288, 989, 7040]",half_random
3948,3,"[3089, 1758, 5228]",sim_dissim
3949,3,"[5860, 2809, 7348]",random
3950,3,"[1031, 881, 6293]",half_random
3951,3,"[5023, 4029, 5326]",sim_dissim
3952,3,"[1162, 1902, 7603]",random
3953,3,"[5326, 2380, 2547]",half_random
3954,3,"[5228, 3715, 6389]",sim_dissim
3955,3,"[0, 1299, 5119]",random
3956,3,"[4418, 828, 1627]",half_random
3957,3,"[7893, 3093, 181]",sim_dissim
3958,3,"[3317, 475, 7865]",random
3959,3,"[3422, 2095, 2536]",half_random
3960,3,"[5863, 1498, 4921]",sim_dissim
3961,3,"[7300, 5586, 5238]",random
3962,3,"[3660, 2112, 1229]",half_random
3963,3,"[1127, 3342, 4622]",sim_dissim
3964,3,"[4039, 4075, 2469]",random
3965,3,"[4362, 5663, 854]",half_random
3966,3,"[7444, 7195, 8316]",sim_dissim
3967,3,"[3953, 3555, 6914]",random
3968,3,"[5985, 236, 1256]",half_random
3969,3,"[2156, 3182, 3813]",sim_dissim
3970,3,"[289, 5479, 5524]",random
3971,3,"[7707, 6676, 352]",half_random
3972,3,"[2299, 3325, 6970]",sim_dissim
3973,3,"[3038, 4263, 7280]",random
3974,3,"[7223, 1791, 2962]",half_random
3975,3,"[1123, 4927, 5745]",sim_dissim
3976,3,"[2995, 5578, 6117]",random
3977,3,"[2884, 7886, 3899]",half_random
3978,3,"[2156, 1213, 8088]",sim_dissim
3979,3,"[3197, 8178, 4003]",random
3980,3,"[2939, 4880, 6009]",half_random
3981,3,"[3895, 2313, 3318]",sim_dissim
3982,3,"[4953, 5234, 7054]",random
3983,3,"[571, 382, 5773]",half_random
3984,3,"[2477, 4514, 30]",sim_dissim
3985,3,"[2759, 6457, 1976]",random
3986,3,"[7640, 888, 3734]",half_random
3987,3,"[8009, 1150, 4514]",sim_dissim
3988,3,"[975, 321, 7194]",random
3989,3,"[6475, 1403, 3739]",half_random
3990,3,"[1444, 7222, 1472]",sim_dissim
3991,3,"[3214, 1130, 5402]",random
3992,3,"[1682, 4727, 8191]",half_random
3993,3,"[3768, 3325, 8389]",sim_dissim
3994,3,"[6295, 1377, 3688]",random
3995,3,"[6859, 6700, 7728]",half_random
3996,3,"[1123, 5502, 4927]",sim_dissim
3997,3,"[6892, 1196, 7591]",random
3998,3,"[6586, 57, 3061]",half_random
3999,3,"[2156, 6619, 1916]",sim_dissim
4000,3,"[7085, 1763, 4858]",random
4001,3,"[2984, 6974, 4248]",half_random
4002,3,"[3813, 886, 2156]",sim_dissim
4003,3,"[7432, 600, 4824]",random
4004,3,"[1442, 1066, 6639]",half_random
4005,3,"[5543, 1907, 3116]",sim_dissim
4006,3,"[5102, 4579, 2797]",random
4007,3,"[245, 6983, 1916]",half_random
4008,3,"[4921, 2561, 2521]",sim_dissim
4009,3,"[629, 4546, 4892]",random
4010,3,"[3433, 7258, 4406]",half_random
4011,3,"[6418, 8096, 181]",sim_dissim
4012,3,"[4945, 3991, 7953]",random
4013,3,"[252, 5554, 3673]",half_random
4014,3,"[181, 7243, 5603]",sim_dissim
4015,3,"[1194, 1745, 4656]",random
4016,3,"[7846, 4672, 6428]",half_random
4017,3,"[5630, 8150, 1472]",sim_dissim
4018,3,"[2940, 8333, 602]",random
4019,3,"[5081, 6149, 6272]",half_random
4020,3,"[340, 5510, 1800]",sim_dissim
4021,3,"[884, 302, 4215]",random
4022,3,"[7268, 5517, 1914]",half_random
4023,3,"[3761, 340, 7603]",sim_dissim
4024,3,"[229, 6585, 6653]",random
4025,3,"[5184, 2404, 4551]",half_random
4026,3,"[7745, 5502, 2299]",sim_dissim
4027,3,"[5897, 1063, 3652]",random
4028,3,"[1170, 4673, 6356]",half_random
4029,3,"[7444, 2792, 5228]",sim_dissim
4030,3,"[2900, 3700, 7793]",random
4031,3,"[2028, 1976, 815]",half_random
4032,3,"[186, 124, 669]",sim_dissim
4033,3,"[6798, 127, 7410]",random
4034,3,"[6899, 485, 3698]",half_random
4035,3,"[4255, 3987, 6660]",sim_dissim
4036,3,"[2660, 2964, 5108]",random
4037,3,"[3132, 2498, 1112]",half_random
4038,3,"[6962, 3026, 1200]",sim_dissim
4039,3,"[7978, 4619, 1749]",random
4040,3,"[6240, 7258, 5982]",half_random
4041,3,"[7931, 564, 2156]",sim_dissim
4042,3,"[7382, 5545, 2067]",random
4043,3,"[2259, 7720, 7582]",half_random
4044,3,"[4275, 1250, 2156]",sim_dissim
4045,3,"[2384, 661, 1727]",random
4046,3,"[7140, 2202, 8291]",half_random
4047,3,"[181, 266, 1373]",sim_dissim
4048,3,"[6153, 6931, 6686]",random
4049,3,"[8308, 303, 1908]",half_random
4050,3,"[181, 4138, 4003]",sim_dissim
4051,3,"[2304, 2368, 4999]",random
4052,3,"[2556, 7036, 5357]",half_random
4053,3,"[2156, 8148, 7985]",sim_dissim
4054,3,"[7331, 3256, 3273]",random
4055,3,"[1908, 370, 6410]",half_random
4056,3,"[3376, 1678, 3110]",sim_dissim
4057,3,"[268, 4590, 6489]",random
4058,3,"[4977, 7959, 222]",half_random
4059,3,"[5502, 4876, 276]",sim_dissim
4060,3,"[6173, 7048, 5289]",random
4061,3,"[7355, 6084, 3634]",half_random
4062,3,"[5310, 7987, 3613]",sim_dissim
4063,3,"[7294, 7964, 4555]",random
4064,3,"[6488, 3613, 4875]",half_random
4065,3,"[186, 124, 2156]",sim_dissim
4066,3,"[1120, 7708, 126]",random
4067,3,"[5797, 4221, 6792]",half_random
4068,3,"[4622, 2270, 8142]",sim_dissim
4069,3,"[327, 5213, 2331]",random
4070,3,"[5597, 5326, 2269]",half_random
4071,3,"[6528, 1695, 463]",sim_dissim
4072,3,"[7104, 2261, 7202]",random
4073,3,"[3928, 3765, 2707]",half_random
4074,3,"[5310, 181, 5763]",sim_dissim
4075,3,"[5426, 7175, 4738]",random
4076,3,"[3488, 2865, 499]",half_random
4077,3,"[3376, 3554, 8393]",sim_dissim
4078,3,"[3750, 1520, 2187]",random
4079,3,"[7385, 4014, 2204]",half_random
4080,3,"[8026, 8132, 5502]",sim_dissim
4081,3,"[1982, 977, 5561]",random
4082,3,"[481, 1569, 5817]",half_random
4083,3,"[1695, 1892, 5502]",sim_dissim
4084,3,"[519, 8085, 6064]",random
4085,3,"[2175, 8282, 3941]",half_random
4086,3,"[3318, 3181, 7087]",sim_dissim
4087,3,"[933, 667, 4301]",random
4088,3,"[964, 4334, 6411]",half_random
4089,3,"[7975, 4146, 4323]",sim_dissim
4090,3,"[610, 5461, 3636]",random
4091,3,"[3984, 210, 1216]",half_random
4092,3,"[762, 7444, 886]",sim_dissim
4093,3,"[5286, 265, 1367]",random
4094,3,"[372, 2463, 5274]",half_random
4095,3,"[8181, 4874, 8297]",sim_dissim
4096,3,"[7982, 1830, 3217]",random
4097,3,"[277, 8351, 5590]",half_random
4098,3,"[4514, 30, 8135]",sim_dissim
4099,3,"[4570, 6224, 1026]",random
4100,3,"[7670, 6780, 434]",half_random
4101,3,"[6244, 5139, 1498]",sim_dissim
4102,3,"[1667, 7104, 4907]",random
4103,3,"[2082, 3800, 7739]",half_random
4104,3,"[4712, 762, 5840]",sim_dissim
4105,3,"[5890, 2052, 3778]",random
4106,3,"[674, 5846, 3060]",half_random
4107,3,"[2156, 5818, 3089]",sim_dissim
4108,3,"[6681, 3554, 1946]",random
4109,3,"[7036, 7028, 8110]",half_random
4110,3,"[5728, 7544, 2722]",sim_dissim
4111,3,"[6756, 2430, 2893]",random
4112,3,"[4741, 689, 993]",half_random
4113,3,"[8212, 6965, 1564]",sim_dissim
4114,3,"[7638, 1522, 7437]",random
4115,3,"[1420, 131, 6529]",half_random
4116,3,"[2842, 4467, 5173]",sim_dissim
4117,3,"[1066, 7379, 285]",random
4118,3,"[211, 5878, 5586]",half_random
4119,3,"[7091, 1843, 3669]",sim_dissim
4120,3,"[3022, 1084, 3431]",random
4121,3,"[6045, 8069, 2052]",half_random
4122,3,"[8316, 7195, 5447]",sim_dissim
4123,3,"[6129, 389, 635]",random
4124,3,"[4857, 3815, 8068]",half_random
4125,3,"[1213, 3110, 5173]",sim_dissim
4126,3,"[6238, 1550, 6155]",random
4127,3,"[1292, 710, 7476]",half_random
4128,3,"[2156, 364, 169]",sim_dissim
4129,3,"[4316, 6135, 4992]",random
4130,3,"[8026, 6573, 3682]",half_random
4131,3,"[7444, 4736, 6619]",sim_dissim
4132,3,"[2428, 2751, 3263]",random
4133,3,"[6434, 1509, 4302]",half_random
4134,3,"[1444, 7444, 5260]",sim_dissim
4135,3,"[841, 2955, 2427]",random
4136,3,"[2029, 2452, 1015]",half_random
4137,3,"[3559, 5745, 3974]",sim_dissim
4138,3,"[5151, 6405, 901]",random
4139,3,"[5652, 2368, 3438]",half_random
4140,3,"[6503, 1945, 1043]",sim_dissim
4141,3,"[5071, 7663, 331]",random
4142,3,"[4563, 6776, 7734]",half_random
4143,3,"[7444, 30, 8135]",sim_dissim
4144,3,"[7999, 8050, 4853]",random
4145,3,"[6229, 5907, 3778]",half_random
4146,3,"[7346, 1461, 4921]",sim_dissim
4147,3,"[3779, 7559, 3675]",random
4148,3,"[746, 2238, 7147]",half_random
4149,3,"[137, 3116, 4514]",sim_dissim
4150,3,"[6173, 633, 2780]",random
4151,3,"[2361, 2849, 4302]",half_random
4152,3,"[5173, 4696, 3470]",sim_dissim
4153,3,"[855, 7923, 5981]",random
4154,3,"[2699, 7149, 1614]",half_random
4155,3,"[6976, 7337, 4921]",sim_dissim
4156,3,"[7404, 8013, 1872]",random
4157,3,"[3993, 2250, 2797]",half_random
4158,3,"[4730, 3542, 1043]",sim_dissim
4159,3,"[5390, 7439, 759]",random
4160,3,"[7275, 7442, 6138]",half_random
4161,3,"[6962, 4912, 186]",sim_dissim
4162,3,"[6036, 1500, 323]",random
4163,3,"[5956, 5842, 2232]",half_random
4164,3,"[7444, 7490, 1415]",sim_dissim
4165,3,"[7457, 2554, 7138]",random
4166,3,"[3201, 7435, 2478]",half_random
4167,3,"[8135, 692, 1638]",sim_dissim
4168,3,"[2505, 817, 1856]",random
4169,3,"[1580, 7487, 8181]",half_random
4170,3,"[8389, 2313, 5502]",sim_dissim
4171,3,"[991, 1506, 3947]",random
4172,3,"[4927, 965, 5597]",half_random
4173,3,"[5883, 7588, 3598]",sim_dissim
4174,3,"[5831, 1995, 243]",random
4175,3,"[4305, 2279, 4317]",half_random
4176,3,"[3813, 7444, 3182]",sim_dissim
4177,3,"[3487, 3319, 6860]",random
4178,3,"[3384, 6471, 3609]",half_random
4179,3,"[5502, 276, 5555]",sim_dissim
4180,3,"[2608, 3795, 3471]",random
4181,3,"[4851, 7428, 3552]",half_random
4182,3,"[5447, 680, 6418]",sim_dissim
4183,3,"[5140, 4591, 168]",random
4184,3,"[3235, 6822, 148]",half_random
4185,3,"[2842, 4467, 4921]",sim_dissim
4186,3,"[4408, 1792, 3084]",random
4187,3,"[8370, 1691, 7649]",half_random
4188,3,"[5564, 2783, 5672]",sim_dissim
4189,3,"[3510, 1832, 4696]",random
4190,3,"[7987, 113, 3893]",half_random
4191,3,"[5510, 1060, 435]",sim_dissim
4192,3,"[358, 1332, 2402]",random
4193,3,"[204, 4428, 1955]",half_random
4194,3,"[2879, 4514, 220]",sim_dissim
4195,3,"[1117, 6946, 6290]",random
4196,3,"[7333, 716, 3613]",half_random
4197,3,"[1638, 3715, 7490]",sim_dissim
4198,3,"[810, 6251, 4995]",random
4199,3,"[5902, 1641, 7051]",half_random
4200,4,"[7195, 959, 4254, 6418]",sim_dissim
4201,4,"[1725, 852, 2253, 8233]",random
4202,4,"[6766, 3190, 8261, 2468]",half_random
4203,4,"[3325, 7931, 4712, 564]",sim_dissim
4204,4,"[3251, 146, 4226, 6173]",random
4205,4,"[6468, 4638, 5576, 5916]",half_random
4206,4,"[6804, 886, 181, 2156]",sim_dissim
4207,4,"[4775, 920, 5452, 2627]",random
4208,4,"[1865, 6884, 5339, 5204]",half_random
4209,4,"[4868, 5745, 5173, 5883]",sim_dissim
4210,4,"[5241, 7117, 4018, 4440]",random
4211,4,"[8148, 500, 3518, 6512]",half_random
4212,4,"[357, 5502, 3613, 2087]",sim_dissim
4213,4,"[7396, 47, 2286, 5868]",random
4214,4,"[6759, 2829, 7901, 4144]",half_random
4215,4,"[6918, 4254, 3376, 5067]",sim_dissim
4216,4,"[5943, 653, 3198, 1079]",random
4217,4,"[2656, 4410, 6344, 258]",half_random
4218,4,"[3181, 4921, 8389, 669]",sim_dissim
4219,4,"[1189, 6357, 7425, 4648]",random
4220,4,"[2515, 77, 5659, 6170]",half_random
4221,4,"[3542, 6548, 3613, 466]",sim_dissim
4222,4,"[1195, 2472, 4450, 5815]",random
4223,4,"[2791, 5145, 5084, 4417]",half_random
4224,4,"[6592, 4255, 3110, 2156]",sim_dissim
4225,4,"[3525, 1511, 1268, 3987]",random
4226,4,"[5956, 2653, 1091, 116]",half_random
4227,4,"[3613, 181, 5603, 626]",sim_dissim
4228,4,"[5039, 1329, 568, 2970]",random
4229,4,"[2916, 3564, 5330, 8130]",half_random
4230,4,"[6548, 5745, 3598, 4868]",sim_dissim
4231,4,"[7935, 2165, 4771, 4598]",random
4232,4,"[1229, 1288, 5032, 2912]",half_random
4233,4,"[7222, 1472, 3898, 8302]",sim_dissim
4234,4,"[2789, 4880, 6560, 7249]",random
4235,4,"[7045, 1776, 1422, 3793]",half_random
4236,4,"[4259, 5335, 3613, 3325]",sim_dissim
4237,4,"[2752, 658, 7612, 8237]",random
4238,4,"[685, 4361, 2072, 6865]",half_random
4239,4,"[3111, 7444, 4029, 5326]",sim_dissim
4240,4,"[3211, 6579, 3280, 6001]",random
4241,4,"[5004, 6702, 7122, 2657]",half_random
4242,4,"[4463, 4222, 5173, 4255]",sim_dissim
4243,4,"[4176, 5910, 6701, 2137]",random
4244,4,"[7995, 3691, 1954, 7638]",half_random
4245,4,"[5173, 762, 1791, 3715]",sim_dissim
4246,4,"[3256, 3182, 1514, 7928]",random
4247,4,"[3768, 3077, 193, 2728]",half_random
4248,4,"[3898, 4514, 1883, 3111]",sim_dissim
4249,4,"[287, 5500, 2336, 5451]",random
4250,4,"[5897, 7185, 5981, 370]",half_random
4251,4,"[186, 3470, 5502, 463]",sim_dissim
4252,4,"[4020, 6369, 7433, 5493]",random
4253,4,"[1421, 3140, 328, 7872]",half_random
4254,4,"[5282, 4921, 5447, 8132]",sim_dissim
4255,4,"[5419, 6041, 530, 2679]",random
4256,4,"[8355, 1288, 2360, 7893]",half_random
4257,4,"[5502, 4467, 7444, 8026]",sim_dissim
4258,4,"[7992, 5655, 3425, 3538]",random
4259,4,"[869, 7008, 1645, 924]",half_random
4260,4,"[4514, 3116, 7444, 4736]",sim_dissim
4261,4,"[5869, 4309, 3493, 1467]",random
4262,4,"[4771, 4299, 55, 2328]",half_random
4263,4,"[2752, 7750, 1547, 3898]",sim_dissim
4264,4,"[7801, 774, 1554, 6194]",random
4265,4,"[2483, 2702, 5025, 1424]",half_random
4266,4,"[1800, 2463, 4001, 340]",sim_dissim
4267,4,"[6355, 6424, 6275, 1115]",random
4268,4,"[5994, 981, 4332, 3231]",half_random
4269,4,"[2313, 669, 3895, 3325]",sim_dissim
4270,4,"[7509, 1686, 1497, 8318]",random
4271,4,"[3735, 3654, 4130, 5934]",half_random
4272,4,"[4255, 6619, 137, 1907]",sim_dissim
4273,4,"[306, 8067, 7091, 4959]",random
4274,4,"[5423, 4821, 4561, 1849]",half_random
4275,4,"[7441, 3598, 6548, 5302]",sim_dissim
4276,4,"[2206, 1861, 3988, 2229]",random
4277,4,"[4397, 376, 5588, 1636]",half_random
4278,4,"[3325, 364, 4323, 5173]",sim_dissim
4279,4,"[2754, 5973, 896, 5370]",random
4280,4,"[5338, 1348, 170, 3575]",half_random
4281,4,"[5603, 6767, 7817, 5745]",sim_dissim
4282,4,"[6384, 183, 3723, 6862]",random
4283,4,"[5900, 6453, 8241, 3703]",half_random
4284,4,"[8148, 4921, 7985, 4146]",sim_dissim
4285,4,"[2541, 334, 8245, 7890]",random
4286,4,"[3347, 911, 7063, 3573]",half_random
4287,4,"[7622, 6244, 5447, 181]",sim_dissim
4288,4,"[8077, 8257, 4812, 6376]",random
4289,4,"[5644, 1883, 2832, 1995]",half_random
4290,4,"[243, 7629, 959, 4921]",sim_dissim
4291,4,"[5605, 1261, 1711, 7495]",random
4292,4,"[677, 2599, 2913, 4442]",half_random
4293,4,"[3613, 181, 3559, 3974]",sim_dissim
4294,4,"[1356, 2942, 852, 4013]",random
4295,4,"[7988, 5292, 5941, 1801]",half_random
4296,4,"[3181, 8389, 669, 181]",sim_dissim
4297,4,"[3395, 6573, 2779, 7637]",random
4298,4,"[3362, 5091, 5496, 3626]",half_random
4299,4,"[2716, 2945, 6014, 181]",sim_dissim
4300,4,"[3070, 2883, 4253, 6986]",random
4301,4,"[7775, 656, 16, 5741]",half_random
4302,4,"[209, 4514, 3496, 4712]",sim_dissim
4303,4,"[3255, 5548, 1529, 3611]",random
4304,4,"[2629, 4267, 2580, 3271]",half_random
4305,4,"[3974, 2156, 5502, 3559]",sim_dissim
4306,4,"[2945, 5821, 6220, 866]",random
4307,4,"[5643, 2719, 1369, 162]",half_random
4308,4,"[7588, 2095, 6619, 5602]",sim_dissim
4309,4,"[3601, 2185, 6293, 5373]",random
4310,4,"[1941, 6695, 4252, 3153]",half_random
4311,4,"[4463, 4255, 2969, 2156]",sim_dissim
4312,4,"[7402, 5730, 679, 1277]",random
4313,4,"[7932, 5076, 35, 8059]",half_random
4314,4,"[7752, 4514, 5447, 8009]",sim_dissim
4315,4,"[3906, 3111, 427, 7555]",random
4316,4,"[2881, 3239, 4764, 3627]",half_random
4317,4,"[4712, 564, 4255, 3087]",sim_dissim
4318,4,"[2520, 5394, 298, 5050]",random
4319,4,"[4831, 6219, 1665, 310]",half_random
4320,4,"[563, 2619, 435, 1737]",sim_dissim
4321,4,"[3676, 7578, 2346, 2948]",random
4322,4,"[3134, 7798, 6430, 7014]",half_random
4323,4,"[7750, 959, 3715, 8302]",sim_dissim
4324,4,"[2865, 7883, 5406, 6355]",random
4325,4,"[4546, 188, 3390, 5920]",half_random
4326,4,"[2156, 5886, 4514, 2591]",sim_dissim
4327,4,"[5902, 6788, 417, 3182]",random
4328,4,"[1841, 8210, 6702, 6464]",half_random
4329,4,"[30, 5745, 1373, 692]",sim_dissim
4330,4,"[2321, 43, 3463, 1757]",random
4331,4,"[523, 1095, 6309, 5575]",half_random
4332,4,"[657, 4146, 5898, 5745]",sim_dissim
4333,4,"[1882, 542, 5193, 2444]",random
4334,4,"[6569, 5983, 5055, 5392]",half_random
4335,4,"[6619, 3598, 3542, 4684]",sim_dissim
4336,4,"[6977, 3765, 1287, 3914]",random
4337,4,"[7055, 5924, 4526, 2852]",half_random
4338,4,"[692, 181, 30, 1373]",sim_dissim
4339,4,"[4771, 8368, 2932, 695]",random
4340,4,"[2990, 2583, 7708, 3137]",half_random
4341,4,"[5968, 463, 297, 5502]",sim_dissim
4342,4,"[4799, 3661, 3526, 6494]",random
4343,4,"[4745, 3699, 159, 6331]",half_random
4344,4,"[1638, 4514, 692, 7490]",sim_dissim
4345,4,"[1858, 1799, 946, 4847]",random
4346,4,"[4281, 2918, 7339, 1348]",half_random
4347,4,"[2759, 5173, 4921, 6660]",sim_dissim
4348,4,"[5366, 902, 5653, 7525]",random
4349,4,"[4550, 7191, 4530, 4524]",half_random
4350,4,"[3761, 3613, 7603, 340]",sim_dissim
4351,4,"[2444, 29, 4519, 7054]",random
4352,4,"[1463, 5567, 6414, 5105]",half_random
4353,4,"[5173, 4336, 1200, 5502]",sim_dissim
4354,4,"[5082, 4839, 6224, 3477]",random
4355,4,"[329, 2124, 5177, 4814]",half_random
4356,4,"[2722, 6528, 5476, 463]",sim_dissim
4357,4,"[7227, 7762, 1376, 3877]",random
4358,4,"[1490, 5288, 4014, 3327]",half_random
4359,4,"[5036, 3089, 4514, 5139]",sim_dissim
4360,4,"[5806, 5118, 3764, 2049]",random
4361,4,"[5471, 6034, 4264, 2465]",half_random
4362,4,"[1472, 5447, 5260, 1444]",sim_dissim
4363,4,"[5797, 5752, 3447, 7359]",random
4364,4,"[3279, 7328, 6575, 7390]",half_random
4365,4,"[8212, 3669, 5502, 7745]",sim_dissim
4366,4,"[7028, 6169, 509, 2501]",random
4367,4,"[3087, 5950, 396, 3395]",half_random
4368,4,"[4514, 4146, 4323, 2319]",sim_dissim
4369,4,"[3116, 3517, 5576, 2885]",random
4370,4,"[6754, 2068, 4100, 3565]",half_random
4371,4,"[6564, 78, 1164, 5502]",sim_dissim
4372,4,"[2514, 5859, 3779, 2813]",random
4373,4,"[3658, 4830, 2336, 6799]",half_random
4374,4,"[6804, 1758, 2156, 4208]",sim_dissim
4375,4,"[6066, 2476, 2608, 8021]",random
4376,4,"[2171, 8196, 5382, 2596]",half_random
4377,4,"[2008, 3318, 6962, 297]",sim_dissim
4378,4,"[5405, 1933, 238, 7218]",random
4379,4,"[1259, 2579, 8172, 2841]",half_random
4380,4,"[3791, 1892, 2156, 4353]",sim_dissim
4381,4,"[4989, 7233, 4260, 2670]",random
4382,4,"[5699, 7664, 3193, 7343]",half_random
4383,4,"[447, 4259, 1892, 2156]",sim_dissim
4384,4,"[2918, 1907, 2630, 1749]",random
4385,4,"[2121, 5167, 2362, 3398]",half_random
4386,4,"[5502, 3898, 5260, 8302]",sim_dissim
4387,4,"[6294, 1718, 3085, 5638]",random
4388,4,"[5568, 330, 845, 5330]",half_random
4389,4,"[1250, 4874, 3376, 8088]",sim_dissim
4390,4,"[4834, 4458, 2105, 2075]",random
4391,4,"[5863, 7959, 3669, 2401]",half_random
4392,4,"[5502, 2156, 124, 2013]",sim_dissim
4393,4,"[6221, 7061, 7798, 538]",random
4394,4,"[515, 2578, 1915, 7493]",half_random
4395,4,"[3325, 1843, 2299, 7745]",sim_dissim
4396,4,"[2719, 6714, 5386, 622]",random
4397,4,"[992, 3758, 6549, 2746]",half_random
4398,4,"[5228, 2792, 3147, 5139]",sim_dissim
4399,4,"[4950, 3652, 7317, 7688]",random
4400,4,"[1464, 5467, 6603, 6269]",half_random
4401,4,"[959, 7808, 5326, 7920]",sim_dissim
4402,4,"[2793, 4313, 4107, 4374]",random
4403,4,"[4258, 2249, 7377, 4494]",half_random
4404,4,"[6110, 2270, 1164, 5898]",sim_dissim
4405,4,"[54, 2713, 7595, 8277]",random
4406,4,"[4214, 1389, 7275, 6776]",half_random
4407,4,"[6265, 5555, 276, 181]",sim_dissim
4408,4,"[6481, 1978, 1824, 2621]",random
4409,4,"[2725, 4291, 7167, 6516]",half_random
4410,4,"[3715, 7444, 6965, 8297]",sim_dissim
4411,4,"[6514, 3362, 6674, 1466]",random
4412,4,"[2115, 4461, 8128, 4394]",half_random
4413,4,"[959, 8088, 4255, 1213]",sim_dissim
4414,4,"[2605, 2841, 6193, 3017]",random
4415,4,"[2606, 4760, 6304, 3602]",half_random
4416,4,"[6338, 1678, 959, 4514]",sim_dissim
4417,4,"[163, 6956, 5985, 1719]",random
4418,4,"[7066, 3516, 2895, 2513]",half_random
4419,4,"[2561, 7444, 2521, 3325]",sim_dissim
4420,4,"[7269, 2336, 912, 640]",random
4421,4,"[3134, 2334, 2768, 6142]",half_random
4422,4,"[4278, 3325, 959, 4207]",sim_dissim
4423,4,"[503, 860, 475, 5419]",random
4424,4,"[4577, 4747, 3928, 3146]",half_random
4425,4,"[4514, 657, 4152, 7444]",sim_dissim
4426,4,"[5000, 2527, 4866, 1690]",random
4427,4,"[8217, 1314, 2082, 3733]",half_random
4428,4,"[6110, 3318, 5898, 2270]",sim_dissim
4429,4,"[8133, 7254, 3064, 7695]",random
4430,4,"[1563, 2987, 6331, 2732]",half_random
4431,4,"[2783, 3089, 4712, 209]",sim_dissim
4432,4,"[1191, 1008, 5447, 3494]",random
4433,4,"[5625, 4129, 6845, 6040]",half_random
4434,4,"[4684, 7441, 6781, 3613]",sim_dissim
4435,4,"[6720, 4585, 4184, 2408]",random
4436,4,"[4662, 568, 5390, 8273]",half_random
4437,4,"[7444, 181, 8325, 1211]",sim_dissim
4438,4,"[5175, 5514, 1611, 6375]",random
4439,4,"[6945, 1058, 6248, 2345]",half_random
4440,4,"[3571, 5447, 181, 7622]",sim_dissim
4441,4,"[7564, 179, 3408, 4870]",random
4442,4,"[169, 5303, 4201, 7039]",half_random
4443,4,"[2156, 4255, 4449, 5555]",sim_dissim
4444,4,"[4511, 3884, 5543, 5647]",random
4445,4,"[3015, 7863, 2653, 8299]",half_random
4446,4,"[5745, 7444, 3974, 8267]",sim_dissim
4447,4,"[6615, 1082, 4589, 2960]",random
4448,4,"[2686, 824, 7394, 4458]",half_random
4449,4,"[3715, 7444, 1444, 7980]",sim_dissim
4450,4,"[6565, 3016, 234, 1158]",random
4451,4,"[7088, 1513, 6116, 8057]",half_random
4452,4,"[4889, 3463, 340, 3613]",sim_dissim
4453,4,"[1744, 6538, 3235, 5015]",random
4454,4,"[1485, 8236, 1480, 1889]",half_random
4455,4,"[5173, 2319, 4255, 8325]",sim_dissim
4456,4,"[1774, 8366, 768, 6784]",random
4457,4,"[4051, 2158, 5419, 7334]",half_random
4458,4,"[4712, 3093, 3715, 7893]",sim_dissim
4459,4,"[8037, 2632, 7105, 554]",random
4460,4,"[5950, 4222, 1947, 6318]",half_random
4461,4,"[181, 3761, 4146, 7603]",sim_dissim
4462,4,"[1514, 4815, 81, 1097]",random
4463,4,"[2203, 1191, 7347, 5898]",half_random
4464,4,"[6808, 7441, 6014, 959]",sim_dissim
4465,4,"[1464, 1483, 7959, 4395]",random
4466,4,"[2954, 3087, 7464, 2470]",half_random
4467,4,"[237, 1907, 3715, 1883]",sim_dissim
4468,4,"[244, 6653, 221, 2827]",random
4469,4,"[293, 358, 6252, 6396]",half_random
4470,4,"[3898, 7715, 896, 5502]",sim_dissim
4471,4,"[125, 2967, 7621, 1886]",random
4472,4,"[564, 8395, 5894, 1151]",half_random
4473,4,"[7444, 3093, 4931, 4138]",sim_dissim
4474,4,"[3988, 7646, 7675, 2179]",random
4475,4,"[4905, 2046, 4578, 5568]",half_random
4476,4,"[3318, 2013, 5968, 4353]",sim_dissim
4477,4,"[6831, 8006, 1213, 1917]",random
4478,4,"[1411, 1228, 3430, 6092]",half_random
4479,4,"[5863, 2156, 5326, 2123]",sim_dissim
4480,4,"[5671, 5019, 4423, 4396]",random
4481,4,"[8283, 6445, 7636, 4092]",half_random
4482,4,"[181, 8227, 6180, 5173]",sim_dissim
4483,4,"[6734, 1681, 8322, 1547]",random
4484,4,"[5415, 293, 109, 2103]",half_random
4485,4,"[8297, 5450, 4514, 1907]",sim_dissim
4486,4,"[5331, 7383, 6939, 8245]",random
4487,4,"[8301, 6041, 3848, 1828]",half_random
4488,4,"[2156, 3470, 4353, 4696]",sim_dissim
4489,4,"[2169, 2899, 6858, 7407]",random
4490,4,"[5630, 7815, 3873, 6773]",half_random
4491,4,"[1758, 7745, 1592, 4712]",sim_dissim
4492,4,"[8189, 4625, 1072, 801]",random
4493,4,"[947, 6689, 7043, 3531]",half_random
4494,4,"[2722, 3479, 1695, 2156]",sim_dissim
4495,4,"[8209, 7374, 8256, 4303]",random
4496,4,"[7994, 6956, 2741, 5655]",half_random
4497,4,"[543, 6767, 5603, 5745]",sim_dissim
4498,4,"[6794, 4527, 3082, 4583]",random
4499,4,"[3184, 1412, 3186, 7577]",half_random
4500,4,"[6592, 181, 4463, 5640]",sim_dissim
4501,4,"[408, 8148, 8235, 8060]",random
4502,4,"[5642, 3309, 4355, 7652]",half_random
4503,4,"[4001, 7110, 2270, 3625]",sim_dissim
4504,4,"[1759, 7835, 6225, 5203]",random
4505,4,"[6417, 3492, 1173, 1040]",half_random
4506,4,"[4730, 1043, 5745, 2619]",sim_dissim
4507,4,"[2113, 7091, 2982, 597]",random
4508,4,"[3886, 1192, 3198, 7578]",half_random
4509,4,"[4514, 4712, 7091, 3428]",sim_dissim
4510,4,"[4414, 2636, 4446, 873]",random
4511,4,"[3739, 3058, 6357, 5631]",half_random
4512,4,"[5139, 2123, 181, 5863]",sim_dissim
4513,4,"[951, 5329, 3972, 3628]",random
4514,4,"[7453, 8383, 2417, 6051]",half_random
4515,4,"[3613, 2095, 6781, 4684]",sim_dissim
4516,4,"[7115, 5960, 8180, 3682]",random
4517,4,"[5410, 734, 895, 5443]",half_random
4518,4,"[3613, 8148, 4255, 3761]",sim_dissim
4519,4,"[113, 867, 6073, 6852]",random
4520,4,"[6884, 4200, 4976, 3576]",half_random
4521,4,"[5450, 4514, 7752, 8212]",sim_dissim
4522,4,"[357, 5096, 911, 5003]",random
4523,4,"[1384, 808, 1001, 8231]",half_random
4524,4,"[4514, 237, 1883, 1907]",sim_dissim
4525,4,"[7984, 3385, 6910, 6841]",random
4526,4,"[1827, 4805, 6263, 431]",half_random
4527,4,"[7893, 3093, 5502, 2156]",sim_dissim
4528,4,"[6941, 5795, 2918, 2988]",random
4529,4,"[6652, 3796, 3739, 3442]",half_random
4530,4,"[4845, 3715, 4712, 1338]",sim_dissim
4531,4,"[6391, 2945, 6626, 6915]",random
4532,4,"[752, 2544, 7135, 7277]",half_random
4533,4,"[4845, 4083, 5326, 7444]",sim_dissim
4534,4,"[5440, 1590, 6432, 3256]",random
4535,4,"[2670, 7266, 3586, 5999]",half_random
4536,4,"[4921, 7444, 8096, 7503]",sim_dissim
4537,4,"[1622, 4964, 2650, 7722]",random
4538,4,"[2524, 7209, 6434, 7976]",half_random
4539,4,"[4889, 3463, 181, 7089]",sim_dissim
4540,4,"[6077, 2880, 4518, 2998]",random
4541,4,"[3271, 1803, 7834, 5741]",half_random
4542,4,"[657, 5898, 7444, 2270]",sim_dissim
4543,4,"[2088, 4648, 1322, 5662]",random
4544,4,"[1907, 4202, 3968, 243]",half_random
4545,4,"[4514, 7444, 5503, 1916]",sim_dissim
4546,4,"[7278, 5200, 4110, 7112]",random
4547,4,"[4735, 6237, 4692, 5706]",half_random
4548,4,"[3118, 3325, 6918, 3376]",sim_dissim
4549,4,"[5994, 6769, 8341, 3086]",random
4550,4,"[3335, 3157, 3111, 6123]",half_random
4551,4,"[2561, 959, 4278, 4921]",sim_dissim
4552,4,"[4548, 2666, 887, 6862]",random
4553,4,"[3001, 6118, 5984, 4591]",half_random
4554,4,"[1211, 169, 181, 4146]",sim_dissim
4555,4,"[543, 8094, 1444, 187]",random
4556,4,"[5532, 4738, 6288, 8112]",half_random
4557,4,"[5883, 2095, 692, 466]",sim_dissim
4558,4,"[8048, 7618, 6189, 229]",random
4559,4,"[5973, 6995, 6481, 6482]",half_random
4560,4,"[959, 4255, 6338, 8393]",sim_dissim
4561,4,"[1227, 6520, 4592, 8327]",random
4562,4,"[5175, 143, 8248, 4523]",half_random
4563,4,"[5447, 181, 7356, 594]",sim_dissim
4564,4,"[6209, 1372, 6228, 1659]",random
4565,4,"[1548, 2581, 7098, 3677]",half_random
4566,4,"[7808, 5326, 7849, 7444]",sim_dissim
4567,4,"[6832, 3450, 3223, 5907]",random
4568,4,"[7191, 2916, 7045, 2202]",half_random
4569,4,"[4921, 3791, 3528, 3613]",sim_dissim
4570,4,"[2202, 3395, 1693, 1911]",random
4571,4,"[3849, 1233, 2888, 4787]",half_random
4572,4,"[8212, 3325, 1592, 2401]",sim_dissim
4573,4,"[805, 1425, 14, 8187]",random
4574,4,"[40, 7556, 150, 2781]",half_random
4575,4,"[1695, 5173, 1892, 4353]",sim_dissim
4576,4,"[1554, 4539, 1868, 8289]",random
4577,4,"[4685, 5810, 7404, 1334]",half_random
4578,4,"[886, 6804, 2156, 4514]",sim_dissim
4579,4,"[5286, 327, 7943, 4569]",random
4580,4,"[7947, 2481, 4687, 1833]",half_random
4581,4,"[5326, 1564, 6965, 5139]",sim_dissim
4582,4,"[5209, 7817, 2869, 7969]",random
4583,4,"[7891, 7065, 6327, 3288]",half_random
4584,4,"[1923, 276, 2156, 6962]",sim_dissim
4585,4,"[6745, 3422, 347, 3030]",random
4586,4,"[6899, 7165, 6886, 1226]",half_random
4587,4,"[3325, 8227, 6180, 3318]",sim_dissim
4588,4,"[2387, 2706, 1139, 3794]",random
4589,4,"[2755, 8024, 4109, 5332]",half_random
4590,4,"[1638, 3715, 8135, 7444]",sim_dissim
4591,4,"[4777, 4116, 5188, 3307]",random
4592,4,"[6788, 4202, 6556, 6691]",half_random
4593,4,"[181, 6374, 2156, 8026]",sim_dissim
4594,4,"[5440, 2652, 6284, 400]",random
4595,4,"[8212, 7774, 521, 394]",half_random
4596,4,"[3528, 2156, 5476, 4353]",sim_dissim
4597,4,"[5793, 5947, 386, 7737]",random
4598,4,"[3881, 8072, 3029, 1310]",half_random
4599,4,"[3243, 5326, 2156, 827]",sim_dissim
4600,4,"[1736, 7642, 5852, 975]",random
4601,4,"[2054, 57, 4044, 7682]",half_random
4602,4,"[5447, 5260, 1444, 3715]",sim_dissim
4603,4,"[5303, 5700, 2206, 7490]",random
4604,4,"[7338, 8180, 5855, 6038]",half_random
4605,4,"[3243, 7349, 181, 5640]",sim_dissim
4606,4,"[6950, 6634, 4153, 2161]",random
4607,4,"[5966, 353, 215, 5901]",half_random
4608,4,"[4514, 2969, 4275, 2156]",sim_dissim
4609,4,"[4554, 2765, 1410, 8014]",random
4610,4,"[3746, 4549, 5984, 2420]",half_random
4611,4,"[2619, 5502, 1800, 563]",sim_dissim
4612,4,"[1707, 1085, 4399, 302]",random
4613,4,"[938, 955, 6577, 6639]",half_random
4614,4,"[3987, 181, 1866, 7444]",sim_dissim
4615,4,"[3715, 6270, 1213, 3751]",random
4616,4,"[6510, 8278, 674, 7139]",half_random
4617,4,"[5139, 2792, 3147, 5036]",sim_dissim
4618,4,"[2978, 3933, 1708, 7663]",random
4619,4,"[5077, 733, 1300, 3248]",half_random
4620,4,"[3850, 2270, 2463, 4146]",sim_dissim
4621,4,"[590, 7169, 2087, 5108]",random
4622,4,"[7683, 1367, 4719, 4329]",half_random
4623,4,"[4514, 3376, 2969, 4275]",sim_dissim
4624,4,"[6148, 7925, 2728, 3144]",random
4625,4,"[7665, 886, 480, 2069]",half_random
4626,4,"[2270, 657, 1164, 3046]",sim_dissim
4627,4,"[4808, 4653, 629, 174]",random
4628,4,"[6806, 8206, 3279, 5483]",half_random
4629,4,"[3559, 7089, 5502, 5763]",sim_dissim
4630,4,"[4068, 7807, 7632, 1304]",random
4631,4,"[7464, 3060, 6845, 7790]",half_random
4632,4,"[5502, 1444, 959, 7222]",sim_dissim
4633,4,"[3654, 6841, 2538, 1208]",random
4634,4,"[3490, 550, 6026, 6912]",half_random
4635,4,"[3089, 5818, 1758, 8212]",sim_dissim
4636,4,"[3761, 8084, 3282, 3928]",random
4637,4,"[4451, 2780, 5011, 5658]",half_random
4638,4,"[2463, 543, 3850, 2270]",sim_dissim
4639,4,"[7649, 3935, 4657, 7331]",random
4640,4,"[5480, 5618, 2610, 5022]",half_random
4641,4,"[4152, 5502, 1164, 8142]",sim_dissim
4642,4,"[420, 1685, 1834, 2857]",random
4643,4,"[5615, 2115, 7742, 3267]",half_random
4644,4,"[6660, 1483, 5173, 4921]",sim_dissim
4645,4,"[5434, 3399, 4872, 6631]",random
4646,4,"[2065, 3500, 2620, 2696]",half_random
4647,4,"[1758, 8212, 3669, 6970]",sim_dissim
4648,4,"[6672, 557, 727, 180]",random
4649,4,"[7234, 2803, 782, 104]",half_random
4650,4,"[959, 6592, 181, 3110]",sim_dissim
4651,4,"[4964, 7683, 7040, 3792]",random
4652,4,"[1486, 6374, 4409, 5996]",half_random
4653,4,"[2087, 5745, 626, 2619]",sim_dissim
4654,4,"[1341, 4770, 4691, 5348]",random
4655,4,"[7198, 5854, 6863, 4157]",half_random
4656,4,"[4606, 4083, 4514, 5139]",sim_dissim
4657,4,"[4049, 1446, 6514, 169]",random
4658,4,"[4955, 5459, 4847, 6370]",half_random
4659,4,"[7346, 959, 3914, 1461]",sim_dissim
4660,4,"[1498, 1139, 5305, 2551]",random
4661,4,"[5569, 7944, 946, 2071]",half_random
4662,4,"[7110, 5502, 3625, 543]",sim_dissim
4663,4,"[1435, 3106, 7235, 2149]",random
4664,4,"[8342, 2389, 7419, 2506]",half_random
4665,4,"[5863, 5139, 181, 7622]",sim_dissim
4666,4,"[2868, 345, 2317, 6373]",random
4667,4,"[1102, 2833, 4681, 6494]",half_random
4668,4,"[6014, 6808, 4712, 181]",sim_dissim
4669,4,"[3313, 308, 5911, 5713]",random
4670,4,"[3759, 2853, 5060, 3117]",half_random
4671,4,"[5883, 466, 3613, 7441]",sim_dissim
4672,4,"[2257, 697, 7756, 3827]",random
4673,4,"[4445, 7325, 4326, 1371]",half_random
4674,4,"[1758, 5139, 2792, 5036]",sim_dissim
4675,4,"[4862, 6795, 2011, 6606]",random
4676,4,"[6139, 1274, 81, 1424]",half_random
4677,4,"[6014, 181, 2716, 2945]",sim_dissim
4678,4,"[6681, 5650, 890, 5207]",random
4679,4,"[1177, 1875, 6002, 733]",half_random
4680,4,"[181, 8267, 1123, 7444]",sim_dissim
4681,4,"[1783, 424, 6094, 669]",random
4682,4,"[5310, 5585, 4496, 4609]",half_random
4683,4,"[3325, 8389, 669, 4259]",sim_dissim
4684,4,"[3773, 1580, 4327, 54]",random
4685,4,"[2305, 1684, 994, 8275]",half_random
4686,4,"[181, 3613, 5310, 3974]",sim_dissim
4687,4,"[3365, 5408, 7105, 5045]",random
4688,4,"[5430, 5965, 4407, 4298]",half_random
4689,4,"[5447, 4514, 7622, 3571]",sim_dissim
4690,4,"[2385, 6406, 1375, 546]",random
4691,4,"[2907, 1271, 4189, 1265]",half_random
4692,4,"[5657, 4254, 2156, 4073]",sim_dissim
4693,4,"[5929, 5785, 5129, 5761]",random
4694,4,"[882, 6167, 8110, 2225]",half_random
4695,4,"[2299, 6970, 1758, 4712]",sim_dissim
4696,4,"[1939, 4981, 1448, 363]",random
4697,4,"[4923, 3959, 5870, 7483]",half_random
4698,4,"[5728, 3318, 3791, 447]",sim_dissim
4699,4,"[3561, 8067, 206, 7424]",random
4700,4,"[1787, 3254, 7395, 4245]",half_random
4701,4,"[2156, 7337, 6976, 340]",sim_dissim
4702,4,"[139, 3315, 4005, 1278]",random
4703,4,"[1678, 3613, 4633, 184]",half_random
4704,4,"[2759, 7346, 7444, 3914]",sim_dissim
4705,4,"[3671, 3691, 8051, 7234]",random
4706,4,"[8233, 5649, 6965, 2622]",half_random
4707,4,"[7441, 3613, 5878, 7588]",sim_dissim
4708,4,"[4414, 8014, 4209, 6834]",random
4709,4,"[5375, 2860, 115, 4181]",half_random
4710,4,"[2722, 669, 2013, 2008]",sim_dissim
4711,4,"[4491, 2396, 2893, 6148]",random
4712,4,"[1737, 3138, 5545, 4791]",half_random
4713,4,"[1800, 4024, 2619, 340]",sim_dissim
4714,4,"[7730, 7402, 7664, 2665]",random
4715,4,"[3648, 6907, 2907, 4723]",half_random
4716,4,"[3182, 2156, 852, 1758]",sim_dissim
4717,4,"[4776, 3981, 7562, 158]",random
4718,4,"[7480, 7319, 4637, 812]",half_random
4719,4,"[669, 2270, 4912, 186]",sim_dissim
4720,4,"[3307, 6610, 1645, 6729]",random
4721,4,"[3074, 7188, 2407, 4147]",half_random
4722,4,"[181, 3087, 564, 5173]",sim_dissim
4723,4,"[6647, 2320, 8129, 2718]",random
4724,4,"[7508, 6666, 5147, 4410]",half_random
4725,4,"[3325, 4712, 1592, 7745]",sim_dissim
4726,4,"[4448, 6785, 4285, 2401]",random
4727,4,"[5941, 3596, 5512, 3470]",half_random
4728,4,"[5173, 181, 2313, 3895]",sim_dissim
4729,4,"[677, 3131, 3946, 6592]",random
4730,4,"[2061, 3237, 5310, 6596]",half_random
4731,4,"[4712, 181, 5067, 564]",sim_dissim
4732,4,"[2416, 1385, 4984, 1091]",random
4733,4,"[4975, 286, 444, 1050]",half_random
4734,4,"[1907, 3715, 1883, 3111]",sim_dissim
4735,4,"[5483, 2746, 3353, 1514]",random
4736,4,"[730, 4659, 2394, 5467]",half_random
4737,4,"[181, 1916, 2156, 306]",sim_dissim
4738,4,"[1286, 870, 4446, 1389]",random
4739,4,"[3058, 3406, 1279, 6407]",half_random
4740,4,"[3715, 5503, 5543, 2156]",sim_dissim
4741,4,"[4449, 3520, 5438, 6698]",random
4742,4,"[4652, 2213, 6979, 5880]",half_random
4743,4,"[2619, 7110, 2463, 5502]",sim_dissim
4744,4,"[452, 5464, 7157, 5924]",random
4745,4,"[352, 354, 3558, 6899]",half_random
4746,4,"[7629, 4874, 1213, 5173]",sim_dissim
4747,4,"[159, 4324, 6503, 2454]",random
4748,4,"[241, 7243, 5680, 6064]",half_random
4749,4,"[4029, 7444, 7808, 3715]",sim_dissim
4750,4,"[61, 2974, 5968, 686]",random
4751,4,"[4320, 8380, 7622, 5636]",half_random
4752,4,"[4622, 8212, 2270, 657]",sim_dissim
4753,4,"[4333, 3289, 1357, 7084]",random
4754,4,"[3283, 1647, 3957, 2824]",half_random
4755,4,"[3046, 5745, 78, 3318]",sim_dissim
4756,4,"[1749, 1580, 958, 358]",random
4757,4,"[6305, 7924, 5558, 1676]",half_random
4758,4,"[4255, 3761, 3463, 4146]",sim_dissim
4759,4,"[4806, 7561, 7512, 7172]",random
4760,4,"[3524, 200, 3871, 4336]",half_random
4761,4,"[7867, 5326, 1338, 1907]",sim_dissim
4762,4,"[3893, 8362, 3328, 5111]",random
4763,4,"[7218, 2193, 4764, 4084]",half_random
4764,4,"[4921, 7444, 1443, 827]",sim_dissim
4765,4,"[7277, 94, 8041, 2342]",random
4766,4,"[3241, 3777, 5, 4618]",half_random
4767,4,"[2156, 4921, 3528, 4259]",sim_dissim
4768,4,"[3535, 5543, 183, 2514]",random
4769,4,"[1198, 656, 1804, 2567]",half_random
4770,4,"[181, 169, 7444, 2319]",sim_dissim
4771,4,"[6155, 2002, 3862, 7398]",random
4772,4,"[2281, 8080, 2307, 8291]",half_random
4773,4,"[2319, 4514, 2641, 2156]",sim_dissim
4774,4,"[254, 318, 4232, 3676]",random
4775,4,"[6043, 8267, 1485, 6800]",half_random
4776,4,"[1213, 5886, 959, 4921]",sim_dissim
4777,4,"[5706, 2313, 8184, 7404]",random
4778,4,"[3159, 3807, 5863, 2559]",half_random
4779,4,"[5173, 6804, 3182, 3715]",sim_dissim
4780,4,"[2439, 3096, 752, 5083]",random
4781,4,"[5510, 6976, 4005, 6523]",half_random
4782,4,"[5173, 4463, 4874, 4222]",sim_dissim
4783,4,"[4926, 3408, 3161, 3968]",random
4784,4,"[5108, 4350, 1240, 6905]",half_random
4785,4,"[3376, 4254, 5067, 4073]",sim_dissim
4786,4,"[7858, 3042, 5472, 3956]",random
4787,4,"[7315, 5786, 6446, 7822]",half_random
4788,4,"[959, 6014, 6302, 7441]",sim_dissim
4789,4,"[8301, 6937, 6732, 1749]",random
4790,4,"[1169, 3561, 7004, 5700]",half_random
4791,4,"[181, 3118, 2156, 5588]",sim_dissim
4792,4,"[6289, 1922, 5808, 6034]",random
4793,4,"[4599, 6808, 2767, 986]",half_random
4794,4,"[6781, 5745, 3613, 5302]",sim_dissim
4795,4,"[5843, 6379, 8393, 895]",random
4796,4,"[7096, 3027, 1327, 6268]",half_random
4797,4,"[7444, 181, 5630, 594]",sim_dissim
4798,4,"[2053, 6426, 3454, 2570]",random
4799,4,"[824, 5410, 3325, 7516]",half_random
4800,4,"[2619, 563, 435, 340]",sim_dissim
4801,4,"[571, 2157, 3838, 8082]",random
4802,4,"[8030, 6293, 1476, 3030]",half_random
4803,4,"[6619, 4712, 4874, 137]",sim_dissim
4804,4,"[5402, 5229, 5046, 352]",random
4805,4,"[2718, 591, 7042, 4257]",half_random
4806,4,"[4606, 2783, 1346, 7444]",sim_dissim
4807,4,"[8067, 8252, 5806, 4158]",random
4808,4,"[330, 4907, 220, 8180]",half_random
4809,4,"[4001, 3625, 435, 1737]",sim_dissim
4810,4,"[3859, 3232, 6370, 2872]",random
4811,4,"[3084, 6839, 2752, 295]",half_random
4812,4,"[3325, 5173, 3768, 3895]",sim_dissim
4813,4,"[5049, 7330, 5743, 6642]",random
4814,4,"[403, 3771, 588, 7154]",half_random
4815,4,"[3715, 369, 7444, 5228]",sim_dissim
4816,4,"[5920, 4384, 4167, 1471]",random
4817,4,"[1371, 7250, 4535, 6326]",half_random
4818,4,"[237, 3382, 7444, 4514]",sim_dissim
4819,4,"[2121, 49, 3287, 6591]",random
4820,4,"[373, 2566, 2570, 5628]",half_random
4821,4,"[181, 1415, 959, 7490]",sim_dissim
4822,4,"[1182, 1121, 6284, 8315]",random
4823,4,"[8105, 370, 4211, 3717]",half_random
4824,4,"[7444, 2561, 4255, 4278]",sim_dissim
4825,4,"[288, 2376, 3707, 4745]",random
4826,4,"[6272, 891, 742, 550]",half_random
4827,4,"[7444, 6418, 8096, 4254]",sim_dissim
4828,4,"[1375, 739, 4835, 1584]",random
4829,4,"[3229, 6588, 4634, 5602]",half_random
4830,4,"[181, 2785, 7931, 3376]",sim_dissim
4831,4,"[1978, 1724, 1257, 2549]",random
4832,4,"[5366, 3164, 95, 1625]",half_random
4833,4,"[1213, 3376, 4874, 5886]",sim_dissim
4834,4,"[2704, 7818, 2063, 7308]",random
4835,4,"[6975, 1605, 2966, 5634]",half_random
4836,4,"[181, 1916, 2156, 693]",sim_dissim
4837,4,"[7295, 4335, 1227, 7322]",random
4838,4,"[6923, 8387, 4358, 740]",half_random
4839,4,"[7444, 7975, 4255, 4323]",sim_dissim
4840,4,"[6385, 3676, 370, 7394]",random
4841,4,"[4403, 1633, 5353, 235]",half_random
4842,4,"[3715, 6965, 1564, 1907]",sim_dissim
4843,4,"[2062, 5096, 4434, 2450]",random
4844,4,"[3677, 5084, 1122, 6926]",half_random
4845,4,"[6014, 2156, 181, 2716]",sim_dissim
4846,4,"[2383, 3943, 5517, 6842]",random
4847,4,"[4855, 4548, 4439, 7109]",half_random
4848,4,"[4463, 243, 3376, 4514]",sim_dissim
4849,4,"[774, 5877, 4155, 8285]",random
4850,4,"[5235, 4386, 7595, 5009]",half_random
4851,4,"[1417, 6302, 2945, 5502]",sim_dissim
4852,4,"[7702, 2032, 4811, 1624]",random
4853,4,"[4875, 4078, 7022, 1625]",half_random
4854,4,"[5640, 2759, 2805, 4255]",sim_dissim
4855,4,"[6812, 6536, 5840, 2508]",random
4856,4,"[4604, 5420, 3087, 6058]",half_random
4857,4,"[2270, 5898, 3318, 1127]",sim_dissim
4858,4,"[1742, 5100, 6721, 5404]",random
4859,4,"[7533, 5151, 2975, 5497]",half_random
4860,4,"[1461, 5326, 7346, 5173]",sim_dissim
4861,4,"[1236, 2159, 5152, 607]",random
4862,4,"[1886, 8211, 3188, 3218]",half_random
4863,4,"[5883, 7441, 5602, 7588]",sim_dissim
4864,4,"[1689, 2261, 432, 8340]",random
4865,4,"[6295, 5056, 7270, 917]",half_random
4866,4,"[7622, 2156, 181, 3571]",sim_dissim
4867,4,"[348, 7199, 595, 2358]",random
4868,4,"[4539, 2283, 1503, 7612]",half_random
4869,4,"[8325, 181, 2156, 7975]",sim_dissim
4870,4,"[8297, 5288, 6111, 2355]",random
4871,4,"[4369, 1953, 2038, 6039]",half_random
4872,4,"[2156, 4921, 4222, 4463]",sim_dissim
4873,4,"[6481, 1864, 1452, 6851]",random
4874,4,"[2957, 4607, 5234, 5731]",half_random
4875,4,"[2783, 1791, 5173, 6804]",sim_dissim
4876,4,"[7184, 3449, 1882, 2060]",random
4877,4,"[7578, 6437, 1467, 2444]",half_random
4878,4,"[3761, 6976, 5502, 3613]",sim_dissim
4879,4,"[1975, 856, 7202, 699]",random
4880,4,"[5716, 6278, 3773, 1278]",half_random
4881,4,"[2879, 220, 5745, 2156]",sim_dissim
4882,4,"[2736, 174, 4244, 4315]",random
4883,4,"[6220, 1741, 5588, 5140]",half_random
4884,4,"[1338, 1907, 5936, 2783]",sim_dissim
4885,4,"[3006, 3447, 2333, 2114]",random
4886,4,"[3438, 3217, 4353, 5099]",half_random
4887,4,"[3046, 1164, 3342, 657]",sim_dissim
4888,4,"[172, 4180, 3717, 6154]",random
4889,4,"[3708, 6407, 6152, 757]",half_random
4890,4,"[1907, 2003, 4845, 5326]",sim_dissim
4891,4,"[7254, 4994, 5503, 4408]",random
4892,4,"[7183, 7637, 2738, 316]",half_random
4893,4,"[8026, 2156, 181, 8132]",sim_dissim
4894,4,"[4475, 7914, 2177, 3866]",random
4895,4,"[1204, 2035, 3964, 7286]",half_random
4896,4,"[3715, 6808, 7444, 4454]",sim_dissim
4897,4,"[5285, 442, 4876, 5573]",random
4898,4,"[4095, 4660, 2540, 3998]",half_random
4899,4,"[7987, 5502, 7444, 5310]",sim_dissim
4900,4,"[6944, 6641, 1506, 4521]",random
4901,4,"[6614, 1514, 6465, 4690]",half_random
4902,4,"[2087, 2619, 3542, 1043]",sim_dissim
4903,4,"[6513, 2315, 4353, 6915]",random
4904,4,"[4288, 7606, 7180, 190]",half_random
4905,4,"[186, 3318, 124, 5502]",sim_dissim
4906,4,"[4871, 6644, 2370, 3926]",random
4907,4,"[6320, 6034, 1487, 3348]",half_random
4908,4,"[4255, 4889, 3463, 5173]",sim_dissim
4909,4,"[2435, 3912, 4488, 6775]",random
4910,4,"[7131, 5895, 4663, 4590]",half_random
4911,4,"[5898, 8142, 5745, 8212]",sim_dissim
4912,4,"[1420, 4278, 7278, 4249]",random
4913,4,"[633, 1581, 324, 1765]",half_random
4914,4,"[959, 2656, 5502, 5555]",sim_dissim
4915,4,"[2670, 4138, 1686, 6369]",random
4916,4,"[3708, 205, 6588, 3093]",half_random
4917,4,"[1338, 2783, 5139, 4845]",sim_dissim
4918,4,"[2158, 4148, 3405, 3977]",random
4919,4,"[7500, 5374, 6649, 1739]",half_random
4920,4,"[5173, 4912, 6962, 297]",sim_dissim
4921,4,"[2964, 3942, 7717, 3269]",random
4922,4,"[6035, 1211, 2493, 5086]",half_random
4923,4,"[2156, 4254, 680, 7356]",sim_dissim
4924,4,"[7836, 4300, 1415, 93]",random
4925,4,"[1988, 6030, 1329, 6319]",half_random
4926,4,"[3898, 4029, 3715, 6378]",sim_dissim
4927,4,"[2822, 6783, 5196, 3896]",random
4928,4,"[4476, 3127, 2422, 4710]",half_random
4929,4,"[2516, 959, 7920, 237]",sim_dissim
4930,4,"[8224, 1290, 7918, 6993]",random
4931,4,"[5307, 4745, 5613, 6071]",half_random
4932,4,"[7975, 2641, 4514, 2156]",sim_dissim
4933,4,"[1873, 355, 373, 2571]",random
4934,4,"[1656, 268, 3550, 1803]",half_random
4935,4,"[3598, 4868, 6619, 3542]",sim_dissim
4936,4,"[1379, 7293, 308, 2244]",random
4937,4,"[6590, 3982, 1864, 833]",half_random
4938,4,"[4275, 959, 4514, 1678]",sim_dissim
4939,4,"[4897, 4739, 4651, 7555]",random
4940,4,"[4715, 4745, 1326, 4472]",half_random
4941,4,"[852, 5173, 181, 886]",sim_dissim
4942,4,"[4234, 8263, 6156, 3433]",random
4943,4,"[4507, 7331, 602, 6806]",half_random
4944,4,"[4514, 1415, 7490, 2156]",sim_dissim
4945,4,"[5916, 4599, 4290, 3076]",random
4946,4,"[4819, 5991, 5818, 3567]",half_random
4947,4,"[8393, 3376, 181, 3110]",sim_dissim
4948,4,"[3711, 3462, 6926, 3683]",random
4949,4,"[8310, 4019, 5913, 2291]",half_random
4950,4,"[7622, 827, 4514, 5640]",sim_dissim
4951,4,"[3448, 3656, 7219, 1994]",random
4952,4,"[5191, 4185, 6832, 3551]",half_random
4953,4,"[4514, 1498, 5640, 6244]",sim_dissim
4954,4,"[695, 6771, 6270, 71]",random
4955,4,"[7820, 4172, 3628, 2373]",half_random
4956,4,"[5630, 181, 7444, 680]",sim_dissim
4957,4,"[8358, 7166, 3121, 5773]",random
4958,4,"[5123, 749, 348, 8216]",half_random
4959,4,"[4514, 5139, 8297, 8181]",sim_dissim
4960,4,"[6984, 7838, 1643, 6715]",random
4961,4,"[4163, 6998, 5573, 2378]",half_random
4962,4,"[2783, 5139, 6804, 4208]",sim_dissim
4963,4,"[3924, 5139, 7244, 2211]",random
4964,4,"[2361, 4213, 816, 7272]",half_random
4965,4,"[827, 2123, 3715, 2156]",sim_dissim
4966,4,"[8088, 4316, 2602, 2493]",random
4967,4,"[5145, 6863, 7906, 5377]",half_random
4968,4,"[2156, 3243, 5863, 5326]",sim_dissim
4969,4,"[501, 4995, 7428, 1003]",random
4970,4,"[1076, 2182, 3808, 1369]",half_random
4971,4,"[3111, 959, 1883, 5326]",sim_dissim
4972,4,"[3704, 3487, 1035, 7895]",random
4973,4,"[7968, 7838, 6025, 4592]",half_random
4974,4,"[4921, 3318, 3528, 3791]",sim_dissim
4975,4,"[262, 7138, 7241, 6817]",random
4976,4,"[3485, 1578, 5635, 6906]",half_random
4977,4,"[3625, 6988, 3850, 4146]",sim_dissim
4978,4,"[8140, 7773, 6379, 4816]",random
4979,4,"[2633, 7386, 6660, 169]",half_random
4980,4,"[181, 5603, 2619, 6767]",sim_dissim
4981,4,"[4371, 5153, 4221, 8134]",random
4982,4,"[2670, 6117, 3740, 1536]",half_random
4983,4,"[4514, 5139, 3571, 1498]",sim_dissim
4984,4,"[4102, 6549, 7002, 8235]",random
4985,4,"[6882, 2720, 1256, 1797]",half_random
4986,4,"[8393, 4463, 5640, 3715]",sim_dissim
4987,4,"[3858, 8189, 6106, 5016]",random
4988,4,"[4587, 3797, 7925, 6424]",half_random
4989,4,"[5640, 1678, 4514, 3554]",sim_dissim
4990,4,"[7891, 3931, 7762, 7511]",random
4991,4,"[8096, 7849, 2679, 3321]",half_random
4992,4,"[6619, 8212, 181, 1916]",sim_dissim
4993,4,"[39, 4509, 1946, 348]",random
4994,4,"[2032, 3375, 6238, 3145]",half_random
4995,4,"[4876, 4255, 5687, 6663]",sim_dissim
4996,4,"[6531, 5102, 5632, 437]",random
4997,4,"[8346, 4538, 7007, 1810]",half_random
4998,4,"[1883, 5139, 237, 181]",sim_dissim
4999,4,"[685, 2797, 5496, 2091]",random
5000,4,"[1097, 219, 6778, 837]",half_random
5001,4,"[3376, 4252, 2641, 4255]",sim_dissim
5002,4,"[3085, 836, 6506, 7913]",random
5003,4,"[4319, 4616, 5883, 4039]",half_random
5004,4,"[1737, 3613, 6767, 2087]",sim_dissim
5005,4,"[6504, 3845, 2869, 1031]",random
5006,4,"[4332, 3949, 7718, 7355]",half_random
5007,4,"[2591, 5886, 5173, 4921]",sim_dissim
5008,4,"[4622, 8032, 2118, 6158]",random
5009,4,"[536, 253, 1379, 1268]",half_random
5010,4,"[4712, 3325, 3118, 2785]",sim_dissim
5011,4,"[7250, 3297, 6724, 6418]",random
5012,4,"[1572, 6848, 6329, 4356]",half_random
5013,4,"[2270, 463, 186, 124]",sim_dissim
5014,4,"[7097, 5574, 7937, 7758]",random
5015,4,"[7069, 6555, 8016, 3901]",half_random
5016,4,"[4083, 1907, 7867, 4514]",sim_dissim
5017,4,"[142, 8390, 5654, 7931]",random
5018,4,"[6379, 3530, 4567, 5000]",half_random
5019,4,"[4514, 4146, 3838, 2319]",sim_dissim
5020,4,"[4036, 4211, 4717, 4700]",random
5021,4,"[6878, 2090, 5297, 5186]",half_random
5022,4,"[5502, 5447, 8132, 2842]",sim_dissim
5023,4,"[472, 7979, 2558, 5653]",random
5024,4,"[2013, 6918, 3227, 3658]",half_random
5025,4,"[5139, 266, 3715, 8135]",sim_dissim
5026,4,"[6266, 2539, 3446, 190]",random
5027,4,"[4036, 2789, 1562, 369]",half_random
5028,4,"[4146, 3625, 5502, 435]",sim_dissim
5029,4,"[1553, 4894, 1804, 4942]",random
5030,4,"[3141, 1156, 2358, 416]",half_random
5031,4,"[4146, 1737, 5510, 6175]",sim_dissim
5032,4,"[6380, 7912, 345, 2649]",random
5033,4,"[1340, 6251, 2828, 5581]",half_random
5034,4,"[657, 5502, 8212, 4622]",sim_dissim
5035,4,"[362, 3994, 6884, 3066]",random
5036,4,"[2245, 5216, 909, 7602]",half_random
5037,4,"[5502, 2619, 2087, 6767]",sim_dissim
5038,4,"[3985, 1844, 6178, 6006]",random
5039,4,"[6260, 1726, 8132, 2513]",half_random
5040,4,"[5326, 6378, 4029, 5139]",sim_dissim
5041,4,"[503, 3646, 1796, 5192]",random
5042,4,"[4485, 5648, 2711, 7008]",half_random
5043,4,"[3898, 1547, 2752, 5260]",sim_dissim
5044,4,"[5232, 7273, 7555, 1059]",random
5045,4,"[3828, 5498, 6059, 5127]",half_random
5046,4,"[4712, 6389, 209, 3147]",sim_dissim
5047,4,"[6923, 5444, 4934, 1015]",random
5048,4,"[336, 6037, 3414, 2105]",half_random
5049,4,"[4514, 2156, 5886, 4222]",sim_dissim
5050,4,"[5529, 1788, 6084, 942]",random
5051,4,"[900, 187, 2898, 5931]",half_random
5052,4,"[1444, 7222, 181, 2156]",sim_dissim
5053,4,"[3770, 5631, 1708, 7294]",random
5054,4,"[2995, 2156, 3295, 3149]",half_random
5055,4,"[466, 5602, 5745, 6619]",sim_dissim
5056,4,"[3668, 3924, 1337, 517]",random
5057,4,"[4449, 1153, 2443, 6875]",half_random
5058,4,"[1695, 3528, 3613, 4921]",sim_dissim
5059,4,"[4021, 6679, 6478, 4504]",random
5060,4,"[2942, 898, 2563, 6756]",half_random
5061,4,"[6660, 2759, 959, 5326]",sim_dissim
5062,4,"[3712, 7680, 1125, 140]",random
5063,4,"[3261, 1860, 3429, 6968]",half_random
5064,4,"[4899, 3325, 7444, 6037]",sim_dissim
5065,4,"[6344, 3444, 171, 529]",random
5066,4,"[7632, 8187, 1435, 2048]",half_random
5067,4,"[896, 3898, 7715, 2752]",sim_dissim
5068,4,"[8304, 4480, 28, 1271]",random
5069,4,"[291, 4476, 6538, 5869]",half_random
5070,4,"[5173, 5745, 5302, 5878]",sim_dissim
5071,4,"[6112, 6480, 3597, 2123]",random
5072,4,"[3433, 2765, 3416, 5364]",half_random
5073,4,"[5139, 3147, 6389, 209]",sim_dissim
5074,4,"[3030, 4013, 6449, 2043]",random
5075,4,"[4848, 7797, 4182, 1923]",half_random
5076,4,"[4029, 7808, 5139, 4514]",sim_dissim
5077,4,"[1745, 3963, 3501, 4538]",random
5078,4,"[1318, 926, 5778, 8291]",half_random
5079,4,"[2785, 4921, 5173, 3087]",sim_dissim
5080,4,"[98, 7797, 4998, 3487]",random
5081,4,"[3682, 5487, 1495, 5020]",half_random
5082,4,"[8297, 5139, 3715, 5450]",sim_dissim
5083,4,"[381, 4042, 5855, 2356]",random
5084,4,"[5579, 6431, 2536, 7844]",half_random
5085,4,"[4138, 2156, 4003, 5502]",sim_dissim
5086,4,"[0, 3640, 5921, 2966]",random
5087,4,"[5919, 4726, 4985, 6259]",half_random
5088,4,"[5139, 2461, 369, 4514]",sim_dissim
5089,4,"[6256, 377, 6214, 1530]",random
5090,4,"[1120, 2884, 3018, 1677]",half_random
5091,4,"[4514, 8325, 7444, 364]",sim_dissim
5092,4,"[3118, 5331, 6430, 7470]",random
5093,4,"[1301, 6329, 5844, 4206]",half_random
5094,4,"[181, 5139, 7622, 7349]",sim_dissim
5095,4,"[5821, 7161, 7585, 3571]",random
5096,4,"[1337, 6501, 1566, 1242]",half_random
5097,4,"[4606, 5924, 5139, 4514]",sim_dissim
5098,4,"[7525, 3845, 1343, 7039]",random
5099,4,"[1818, 7797, 8159, 8099]",half_random
5100,4,"[6988, 5510, 4146, 7110]",sim_dissim
5101,4,"[7871, 6231, 6782, 6557]",random
5102,4,"[134, 2723, 3465, 2515]",half_random
5103,4,"[181, 7849, 5139, 7808]",sim_dissim
5104,4,"[4747, 4066, 3352, 7731]",random
5105,4,"[4387, 8313, 436, 2258]",half_random
5106,4,"[3715, 1150, 8212, 5564]",sim_dissim
5107,4,"[2880, 4465, 4573, 795]",random
5108,4,"[4652, 2829, 3804, 3817]",half_random
5109,4,"[2156, 6338, 6592, 3715]",sim_dissim
5110,4,"[4394, 1260, 5307, 3755]",random
5111,4,"[5391, 5892, 6134, 893]",half_random
5112,4,"[181, 2313, 2156, 8389]",sim_dissim
5113,4,"[6632, 227, 6593, 5652]",random
5114,4,"[2740, 342, 709, 449]",half_random
5115,4,"[6976, 5502, 4238, 5173]",sim_dissim
5116,4,"[489, 6700, 5364, 6369]",random
5117,4,"[3006, 451, 2197, 8395]",half_random
5118,4,"[3598, 466, 6781, 7441]",sim_dissim
5119,4,"[5120, 5697, 4918, 4598]",random
5120,4,"[4423, 4164, 4426, 6667]",half_random
5121,4,"[1373, 7444, 5745, 266]",sim_dissim
5122,4,"[345, 4311, 3687, 3969]",random
5123,4,"[415, 592, 5088, 395]",half_random
5124,4,"[3898, 1883, 2516, 5023]",sim_dissim
5125,4,"[4496, 1280, 3430, 3200]",random
5126,4,"[1993, 8085, 3498, 2003]",half_random
5127,4,"[3613, 2722, 3528, 5476]",sim_dissim
5128,4,"[6189, 356, 4690, 6058]",random
5129,4,"[459, 3468, 381, 6554]",half_random
5130,4,"[5290, 959, 2656, 4876]",sim_dissim
5131,4,"[1062, 538, 505, 2263]",random
5132,4,"[2003, 859, 3312, 7349]",half_random
5133,4,"[4874, 5936, 5447, 4083]",sim_dissim
5134,4,"[4650, 8060, 4022, 4238]",random
5135,4,"[3197, 3766, 1636, 7519]",half_random
5136,4,"[4222, 4921, 2156, 3110]",sim_dissim
5137,4,"[5247, 5752, 2500, 6157]",random
5138,4,"[2486, 5475, 7504, 4850]",half_random
5139,4,"[5863, 7622, 5640, 181]",sim_dissim
5140,4,"[1813, 882, 2624, 8159]",random
5141,4,"[7422, 3923, 1188, 3703]",half_random
5142,4,"[4921, 5173, 2521, 2561]",sim_dissim
5143,4,"[3440, 6704, 1944, 6127]",random
5144,4,"[4607, 5521, 5807, 5219]",half_random
5145,4,"[5687, 959, 181, 5555]",sim_dissim
5146,4,"[7326, 2480, 4372, 4898]",random
5147,4,"[7046, 7791, 7805, 7326]",half_random
5148,4,"[1373, 266, 692, 4514]",sim_dissim
5149,4,"[6158, 8261, 1140, 3954]",random
5150,4,"[323, 2460, 4737, 842]",half_random
5151,4,"[7091, 4712, 3428, 181]",sim_dissim
5152,4,"[4980, 2682, 7505, 6023]",random
5153,4,"[1880, 6196, 1855, 5495]",half_random
5154,4,"[4874, 8289, 5924, 4712]",sim_dissim
5155,4,"[4616, 399, 5146, 8288]",random
5156,4,"[5040, 2620, 781, 3399]",half_random
5157,4,"[7110, 2619, 6988, 2463]",sim_dissim
5158,4,"[6148, 648, 8130, 709]",random
5159,4,"[8172, 7370, 7199, 6444]",half_random
5160,4,"[4874, 5924, 4712, 4606]",sim_dissim
5161,4,"[1783, 6975, 227, 6893]",random
5162,4,"[1418, 2846, 244, 6615]",half_random
5163,4,"[4463, 2591, 4874, 2156]",sim_dissim
5164,4,"[5400, 5976, 4213, 2230]",random
5165,4,"[1535, 8159, 4340, 6147]",half_random
5166,4,"[4146, 6175, 4024, 340]",sim_dissim
5167,4,"[2649, 5117, 598, 6876]",random
5168,4,"[6570, 7299, 1886, 5454]",half_random
5169,4,"[5260, 1444, 1472, 3898]",sim_dissim
5170,4,"[4983, 1177, 6421, 3464]",random
5171,4,"[6138, 6919, 2949, 2754]",half_random
5172,4,"[563, 4146, 2270, 1800]",sim_dissim
5173,4,"[653, 788, 2165, 7935]",random
5174,4,"[4536, 621, 1102, 4404]",half_random
5175,4,"[6548, 466, 2095, 5173]",sim_dissim
5176,4,"[3690, 8205, 6706, 6307]",random
5177,4,"[7446, 821, 5900, 546]",half_random
5178,4,"[181, 2156, 4208, 5240]",sim_dissim
5179,4,"[3069, 3320, 3384, 7509]",random
5180,4,"[3291, 654, 1431, 1302]",half_random
5181,4,"[693, 4712, 181, 1916]",sim_dissim
5182,4,"[441, 6935, 3642, 4320]",random
5183,4,"[4881, 3720, 2238, 7992]",half_random
5184,4,"[3110, 3376, 4222, 4874]",sim_dissim
5185,4,"[2474, 6363, 8179, 347]",random
5186,4,"[7610, 3635, 2573, 1866]",half_random
5187,4,"[5745, 4622, 6110, 4146]",sim_dissim
5188,4,"[3467, 393, 1797, 1980]",random
5189,4,"[873, 5162, 1532, 456]",half_random
5190,4,"[4712, 3182, 181, 6804]",sim_dissim
5191,4,"[4877, 1537, 7944, 131]",random
5192,4,"[6706, 4946, 6847, 3952]",half_random
5193,4,"[1800, 1737, 5510, 4146]",sim_dissim
5194,4,"[1235, 4541, 6647, 3105]",random
5195,4,"[5400, 8086, 8320, 5561]",half_random
5196,4,"[5502, 5898, 3318, 6110]",sim_dissim
5197,4,"[8099, 1480, 7562, 1614]",random
5198,4,"[7131, 1588, 6627, 2763]",half_random
5199,4,"[6503, 543, 181, 7243]",sim_dissim
5200,4,"[4730, 4009, 1322, 3369]",random
5201,4,"[3536, 6477, 6491, 1796]",half_random
5202,4,"[5139, 852, 1791, 4514]",sim_dissim
5203,4,"[2768, 5685, 5622, 5117]",random
5204,4,"[8064, 4894, 7628, 3134]",half_random
5205,4,"[2123, 181, 5640, 3571]",sim_dissim
5206,4,"[2902, 253, 4675, 6839]",random
5207,4,"[5578, 1788, 6484, 5020]",half_random
5208,4,"[3559, 5745, 1123, 7089]",sim_dissim
5209,4,"[2930, 3470, 5365, 615]",random
5210,4,"[189, 4782, 2973, 4097]",half_random
5211,4,"[463, 4353, 3479, 1695]",sim_dissim
5212,4,"[7165, 1625, 6608, 2266]",random
5213,4,"[5818, 7821, 2046, 1258]",half_random
5214,4,"[4712, 2716, 7893, 181]",sim_dissim
5215,4,"[5662, 7240, 4358, 3686]",random
5216,4,"[533, 470, 5070, 5077]",half_random
5217,4,"[181, 5173, 1483, 2451]",sim_dissim
5218,4,"[8031, 570, 3201, 4497]",random
5219,4,"[2491, 3784, 675, 979]",half_random
5220,4,"[4912, 3318, 186, 4353]",sim_dissim
5221,4,"[5462, 3505, 5332, 1223]",random
5222,4,"[5421, 736, 5184, 1869]",half_random
5223,4,"[5447, 7349, 3715, 3243]",sim_dissim
5224,4,"[487, 6072, 8009, 3802]",random
5225,4,"[5872, 2192, 6478, 7331]",half_random
5226,4,"[692, 3715, 466, 6781]",sim_dissim
5227,4,"[6148, 5305, 7018, 4018]",random
5228,4,"[8342, 1360, 917, 5482]",half_random
5229,4,"[3325, 6180, 2156, 8389]",sim_dissim
5230,4,"[1717, 3852, 1964, 763]",random
5231,4,"[3022, 6066, 2191, 4561]",half_random
5232,4,"[1800, 543, 5502, 4024]",sim_dissim
5233,4,"[1739, 7223, 7647, 7718]",random
5234,4,"[665, 5110, 2785, 1632]",half_random
5235,4,"[2156, 4514, 3813, 886]",sim_dissim
5236,4,"[4223, 4650, 4892, 8294]",random
5237,4,"[1035, 5012, 1624, 5628]",half_random
5238,4,"[5502, 959, 6808, 6014]",sim_dissim
5239,4,"[7338, 4918, 2739, 399]",random
5240,4,"[2483, 5781, 4329, 2370]",half_random
5241,4,"[7356, 4921, 7195, 7444]",sim_dissim
5242,4,"[7071, 865, 3372, 3987]",random
5243,4,"[7699, 1386, 7878, 1213]",half_random
5244,4,"[4514, 2641, 2156, 1211]",sim_dissim
5245,4,"[7468, 4167, 7604, 6975]",random
5246,4,"[7721, 869, 5329, 2761]",half_random
5247,4,"[5564, 5326, 8297, 5447]",sim_dissim
5248,4,"[1984, 6438, 3622, 7367]",random
5249,4,"[7697, 7445, 2068, 3438]",half_random
5250,4,"[4001, 340, 5510, 1800]",sim_dissim
5251,4,"[8155, 6272, 190, 4188]",random
5252,4,"[5787, 3419, 6023, 7858]",half_random
5253,4,"[4353, 4912, 186, 3318]",sim_dissim
5254,4,"[7303, 6732, 128, 3088]",random
5255,4,"[5566, 1218, 4583, 58]",half_random
5256,4,"[1923, 6265, 4449, 6962]",sim_dissim
5257,4,"[5763, 7419, 5598, 3107]",random
5258,4,"[3796, 5073, 4571, 334]",half_random
5259,4,"[2156, 2716, 4138, 4931]",sim_dissim
5260,4,"[2783, 4836, 3382, 8232]",random
5261,4,"[5015, 517, 6898, 4730]",half_random
5262,4,"[5745, 266, 5139, 7490]",sim_dissim
5263,4,"[7575, 7797, 322, 7228]",random
5264,4,"[4361, 5160, 8082, 277]",half_random
5265,4,"[6244, 1498, 5139, 4514]",sim_dissim
5266,4,"[7197, 6265, 5201, 4366]",random
5267,4,"[7846, 709, 976, 5505]",half_random
5268,4,"[886, 2783, 6804, 7444]",sim_dissim
5269,4,"[7851, 1522, 1999, 7602]",random
5270,4,"[5762, 3799, 7743, 3321]",half_random
5271,4,"[4255, 4736, 3116, 1907]",sim_dissim
5272,4,"[6104, 5331, 5631, 8267]",random
5273,4,"[5194, 6457, 6967, 4529]",half_random
5274,4,"[2783, 6804, 886, 5139]",sim_dissim
5275,4,"[7119, 7094, 1103, 2726]",random
5276,4,"[4192, 8269, 1669, 7278]",half_random
5277,4,"[6918, 3118, 7444, 181]",sim_dissim
5278,4,"[5904, 2275, 7495, 251]",random
5279,4,"[5319, 5658, 6176, 3230]",half_random
5280,4,"[2591, 4463, 7444, 181]",sim_dissim
5281,4,"[6615, 6344, 2908, 7251]",random
5282,4,"[5559, 2135, 3887, 1554]",half_random
5283,4,"[4514, 5139, 852, 1791]",sim_dissim
5284,4,"[5394, 8086, 1141, 5814]",random
5285,4,"[8181, 7191, 7840, 2276]",half_random
5286,4,"[7849, 181, 6378, 3898]",sim_dissim
5287,4,"[677, 5819, 5785, 7779]",random
5288,4,"[4808, 2687, 6457, 4521]",half_random
5289,4,"[5630, 8150, 7444, 4921]",sim_dissim
5290,4,"[7370, 5893, 1889, 2912]",random
5291,4,"[1902, 4955, 872, 7344]",half_random
5292,4,"[4252, 3376, 4921, 3838]",sim_dissim
5293,4,"[133, 5184, 2732, 6426]",random
5294,4,"[2212, 7007, 6988, 4396]",half_random
5295,4,"[5476, 4353, 463, 3528]",sim_dissim
5296,4,"[5085, 4111, 1404, 404]",random
5297,4,"[7550, 3041, 5979, 7069]",half_random
5298,4,"[3111, 7849, 3898, 4514]",sim_dissim
5299,4,"[752, 2767, 2496, 3870]",random
5300,4,"[2787, 7037, 1650, 4484]",half_random
5301,4,"[4868, 5883, 7441, 5173]",sim_dissim
5302,4,"[2021, 6773, 3623, 3801]",random
5303,4,"[726, 8153, 4530, 133]",half_random
5304,4,"[4845, 4083, 5447, 4514]",sim_dissim
5305,4,"[5225, 4491, 8048, 1023]",random
5306,4,"[4759, 7263, 509, 6613]",half_random
5307,4,"[3318, 3528, 2722, 4259]",sim_dissim
5308,4,"[7551, 1159, 7938, 2798]",random
5309,4,"[8126, 6452, 495, 3518]",half_random
5310,4,"[2270, 7444, 4152, 78]",sim_dissim
5311,4,"[4179, 5989, 2865, 4327]",random
5312,4,"[4890, 4055, 5363, 4591]",half_random
5313,4,"[5173, 8088, 1250, 4921]",sim_dissim
5314,4,"[2575, 8137, 5213, 7726]",random
5315,4,"[6890, 1768, 1373, 5888]",half_random
5316,4,"[852, 4208, 7444, 181]",sim_dissim
5317,4,"[5434, 1955, 4977, 5501]",random
5318,4,"[2011, 3223, 8141, 980]",half_random
5319,4,"[4146, 657, 5745, 6564]",sim_dissim
5320,4,"[4085, 286, 4439, 1734]",random
5321,4,"[1554, 6261, 7903, 6282]",half_random
5322,4,"[7640, 7987, 340, 7089]",sim_dissim
5323,4,"[1221, 4254, 8175, 7224]",random
5324,4,"[3397, 6293, 3812, 7637]",half_random
5325,4,"[3715, 6619, 5173, 4684]",sim_dissim
5326,4,"[7806, 3125, 2438, 1770]",random
5327,4,"[6850, 1070, 1854, 7566]",half_random
5328,4,"[7444, 3087, 4073, 4921]",sim_dissim
5329,4,"[7458, 7130, 5475, 60]",random
5330,4,"[1366, 503, 3223, 4006]",half_random
5331,4,"[237, 5139, 7920, 5326]",sim_dissim
5332,4,"[2935, 202, 4524, 1398]",random
5333,4,"[6005, 5638, 4412, 6578]",half_random
5334,4,"[3087, 564, 4921, 4712]",sim_dissim
5335,4,"[6352, 8268, 3091, 4784]",random
5336,4,"[3224, 3838, 1150, 6797]",half_random
5337,4,"[8325, 4252, 4514, 2156]",sim_dissim
5338,4,"[6189, 870, 3322, 444]",random
5339,4,"[3731, 2634, 6093, 7825]",half_random
5340,4,"[3093, 4454, 7444, 181]",sim_dissim
5341,4,"[7863, 4785, 5560, 4939]",random
5342,4,"[1550, 2772, 2549, 236]",half_random
5343,4,"[4514, 8135, 959, 30]",sim_dissim
5344,4,"[5440, 2582, 2008, 4702]",random
5345,4,"[7936, 2006, 7613, 2159]",half_random
5346,4,"[1444, 2752, 959, 7715]",sim_dissim
5347,4,"[2263, 3559, 1030, 4165]",random
5348,4,"[1856, 6488, 7064, 1371]",half_random
5349,4,"[7808, 181, 3898, 1883]",sim_dissim
5350,4,"[5189, 6072, 6153, 991]",random
5351,4,"[6622, 5126, 2636, 6998]",half_random
5352,4,"[5260, 5447, 896, 1472]",sim_dissim
5353,4,"[2098, 5654, 7656, 5061]",random
5354,4,"[7734, 7535, 4232, 6634]",half_random
5355,4,"[4712, 1346, 4845, 3715]",sim_dissim
5356,4,"[236, 6906, 5740, 6400]",random
5357,4,"[1803, 1437, 6745, 3094]",half_random
5358,4,"[5173, 4259, 181, 7087]",sim_dissim
5359,4,"[5161, 6894, 7985, 5835]",random
5360,4,"[4270, 6976, 7506, 4291]",half_random
5361,4,"[357, 2619, 5603, 3542]",sim_dissim
5362,4,"[7844, 506, 6780, 7117]",random
5363,4,"[2371, 2747, 686, 148]",half_random
5364,4,"[7715, 2156, 2752, 1062]",sim_dissim
5365,4,"[2950, 7096, 7404, 1394]",random
5366,4,"[8249, 7629, 7886, 3060]",half_random
5367,4,"[3182, 4514, 4712, 6804]",sim_dissim
5368,4,"[1691, 4055, 2355, 5547]",random
5369,4,"[482, 5199, 7319, 2868]",half_random
5370,4,"[5502, 4259, 5728, 463]",sim_dissim
5371,4,"[1241, 3376, 413, 5381]",random
5372,4,"[1330, 1750, 1757, 2399]",half_random
5373,4,"[3542, 7444, 3974, 3559]",sim_dissim
5374,4,"[984, 956, 3244, 3419]",random
5375,4,"[2154, 7752, 1527, 1860]",half_random
5376,4,"[5502, 7664, 3559, 7089]",sim_dissim
5377,4,"[7859, 5282, 6342, 6197]",random
5378,4,"[3015, 2495, 4846, 541]",half_random
5379,4,"[7640, 7987, 7444, 5502]",sim_dissim
5380,4,"[6600, 4430, 875, 1263]",random
5381,4,"[759, 2627, 3932, 845]",half_random
5382,4,"[7441, 2156, 6014, 6808]",sim_dissim
5383,4,"[5057, 2425, 3175, 1087]",random
5384,4,"[112, 7203, 2719, 5970]",half_random
5385,4,"[543, 5502, 563, 3850]",sim_dissim
5386,4,"[7004, 145, 6598, 819]",random
5387,4,"[1191, 6327, 3578, 998]",half_random
5388,4,"[3554, 5640, 4874, 1250]",sim_dissim
5389,4,"[6475, 7853, 1111, 1802]",random
5390,4,"[638, 8003, 243, 3781]",half_random
5391,4,"[5502, 5968, 5173, 186]",sim_dissim
5392,4,"[4069, 1960, 4737, 4200]",random
5393,4,"[1417, 5098, 795, 3942]",half_random
5394,4,"[4254, 5588, 7931, 2156]",sim_dissim
5395,4,"[1079, 7309, 2398, 4518]",random
5396,4,"[2207, 1669, 2699, 5234]",half_random
5397,4,"[3715, 7750, 959, 1444]",sim_dissim
5398,4,"[5222, 3090, 7713, 7687]",random
5399,4,"[6041, 4793, 7289, 7770]",half_random
5400,4,"[4845, 4874, 4083, 5447]",sim_dissim
5401,4,"[3144, 2409, 3602, 7153]",random
5402,4,"[2140, 3595, 4071, 2389]",half_random
5403,4,"[4353, 5173, 4696, 5968]",sim_dissim
5404,4,"[6534, 1009, 6774, 6658]",random
5405,4,"[1771, 1492, 334, 7428]",half_random
5406,4,"[3838, 1211, 4514, 3376]",sim_dissim
5407,4,"[4156, 1369, 3604, 4389]",random
5408,4,"[4385, 7981, 112, 658]",half_random
5409,4,"[1737, 543, 2087, 7243]",sim_dissim
5410,4,"[8276, 2915, 5990, 521]",random
5411,4,"[4306, 1654, 1586, 6611]",half_random
5412,4,"[1123, 5310, 2156, 5502]",sim_dissim
5413,4,"[8229, 410, 6893, 7383]",random
5414,4,"[4103, 4508, 5230, 8241]",half_random
5415,4,"[2156, 2785, 3087, 4254]",sim_dissim
5416,4,"[4789, 3690, 1545, 2967]",random
5417,4,"[7724, 5737, 7683, 3011]",half_random
5418,4,"[7444, 5924, 5936, 5326]",sim_dissim
5419,4,"[2833, 1692, 5691, 6815]",random
5420,4,"[3252, 1322, 6111, 6989]",half_random
5421,4,"[4514, 3110, 7444, 4222]",sim_dissim
5422,4,"[4473, 2040, 7067, 1173]",random
5423,4,"[6733, 487, 214, 275]",half_random
5424,4,"[181, 7222, 2156, 1547]",sim_dissim
5425,4,"[431, 3794, 4996, 4120]",random
5426,4,"[7760, 1925, 2137, 6678]",half_random
5427,4,"[7089, 5502, 7985, 271]",sim_dissim
5428,4,"[4873, 25, 2675, 2122]",random
5429,4,"[6679, 1462, 4363, 833]",half_random
5430,4,"[7745, 1758, 3669, 1843]",sim_dissim
5431,4,"[5439, 1904, 5517, 551]",random
5432,4,"[3736, 5013, 6945, 2886]",half_random
5433,4,"[4323, 1211, 3325, 2156]",sim_dissim
5434,4,"[1259, 1834, 4130, 2436]",random
5435,4,"[6884, 4840, 678, 4074]",half_random
5436,4,"[3463, 2156, 4238, 4921]",sim_dissim
5437,4,"[4939, 4816, 7741, 968]",random
5438,4,"[6034, 188, 6759, 571]",half_random
5439,4,"[5602, 2095, 5302, 5883]",sim_dissim
5440,4,"[6970, 7688, 4600, 7178]",random
5441,4,"[1412, 758, 3493, 2230]",half_random
5442,4,"[8088, 1250, 7444, 181]",sim_dissim
5443,4,"[7661, 1243, 7632, 948]",random
5444,4,"[6617, 1373, 186, 8178]",half_random
5445,4,"[4931, 7893, 959, 3093]",sim_dissim
5446,4,"[1374, 6444, 1030, 3832]",random
5447,4,"[4985, 6274, 4359, 7454]",half_random
5448,4,"[7444, 5763, 4927, 5745]",sim_dissim
5449,4,"[2194, 4581, 391, 3545]",random
5450,4,"[4248, 4035, 5682, 6627]",half_random
5451,4,"[2752, 7750, 1547, 2156]",sim_dissim
5452,4,"[7933, 1344, 4336, 7569]",random
5453,4,"[3663, 7295, 6718, 1409]",half_random
5454,4,"[7544, 2156, 447, 5728]",sim_dissim
5455,4,"[5002, 3015, 1952, 6052]",random
5456,4,"[6718, 3804, 7682, 1430]",half_random
5457,4,"[1758, 2401, 2299, 7444]",sim_dissim
5458,4,"[1503, 4152, 2414, 5736]",random
5459,4,"[1916, 8023, 8070, 2841]",half_random
5460,4,"[5745, 8135, 2156, 1638]",sim_dissim
5461,4,"[7516, 5137, 7870, 3590]",random
5462,4,"[4080, 4644, 3257, 5260]",half_random
5463,4,"[896, 5502, 7750, 2156]",sim_dissim
5464,4,"[1281, 546, 3778, 100]",random
5465,4,"[8079, 2871, 2235, 870]",half_random
5466,4,"[2270, 2008, 669, 297]",sim_dissim
5467,4,"[4, 4284, 8223, 4883]",random
5468,4,"[3384, 3552, 4531, 4015]",half_random
5469,4,"[6037, 181, 6970, 1843]",sim_dissim
5470,4,"[5118, 4895, 574, 3619]",random
5471,4,"[752, 763, 2539, 393]",half_random
5472,4,"[2123, 5447, 6244, 5326]",sim_dissim
5473,4,"[916, 1977, 1813, 4033]",random
5474,4,"[2905, 1591, 5759, 21]",half_random
5475,4,"[2842, 4467, 4255, 2156]",sim_dissim
5476,4,"[7724, 1393, 3043, 7693]",random
5477,4,"[4592, 1227, 4253, 4200]",half_random
5478,4,"[2156, 6970, 1758, 1592]",sim_dissim
5479,4,"[6682, 4818, 3535, 3413]",random
5480,4,"[6753, 779, 6417, 6281]",half_random
5481,4,"[3715, 959, 1883, 6378]",sim_dissim
5482,4,"[7358, 3401, 3916, 7082]",random
5483,4,"[2297, 817, 2320, 7933]",half_random
5484,4,"[3147, 6389, 5139, 5036]",sim_dissim
5485,4,"[7809, 3365, 5345, 3212]",random
5486,4,"[3349, 5260, 3601, 7671]",half_random
5487,4,"[4927, 340, 5763, 2945]",sim_dissim
5488,4,"[5851, 7591, 7373, 764]",random
5489,4,"[5020, 4700, 2220, 4993]",half_random
5490,4,"[3669, 2156, 2401, 5502]",sim_dissim
5491,4,"[3055, 2078, 5910, 7883]",random
5492,4,"[2979, 969, 620, 5688]",half_random
5493,4,"[7622, 181, 7349, 5447]",sim_dissim
5494,4,"[2659, 2102, 3479, 8290]",random
5495,4,"[1562, 4930, 1142, 4377]",half_random
5496,4,"[181, 4736, 2156, 306]",sim_dissim
5497,4,"[5037, 5564, 5524, 4851]",random
5498,4,"[2160, 4505, 4235, 2532]",half_random
5499,4,"[4845, 5924, 2783, 5447]",sim_dissim
5500,4,"[3492, 417, 2772, 6694]",random
5501,4,"[6551, 117, 4031, 1366]",half_random
5502,4,"[959, 3715, 3093, 1417]",sim_dissim
5503,4,"[6656, 8097, 2628, 6529]",random
5504,4,"[1625, 6627, 3552, 4927]",half_random
5505,4,"[2783, 2461, 3496, 8212]",sim_dissim
5506,4,"[6547, 3545, 2843, 5957]",random
5507,4,"[3776, 669, 3383, 922]",half_random
5508,4,"[959, 30, 2477, 3715]",sim_dissim
5509,4,"[1483, 1291, 2502, 1536]",random
5510,4,"[6509, 6165, 8191, 7492]",half_random
5511,4,"[4222, 5173, 4514, 8088]",sim_dissim
5512,4,"[879, 668, 1501, 2379]",random
5513,4,"[1458, 1342, 7738, 3172]",half_random
5514,4,"[5173, 7544, 5502, 6528]",sim_dissim
5515,4,"[4091, 6045, 4205, 4757]",random
5516,4,"[1958, 670, 7425, 3169]",half_random
5517,4,"[5503, 2156, 137, 181]",sim_dissim
5518,4,"[6723, 2239, 7244, 1400]",random
5519,4,"[990, 1254, 6201, 6193]",half_random
5520,4,"[137, 693, 4255, 4712]",sim_dissim
5521,4,"[3643, 2933, 5910, 4988]",random
5522,4,"[7595, 5839, 3914, 409]",half_random
5523,4,"[7441, 2156, 1373, 266]",sim_dissim
5524,4,"[5708, 4738, 5901, 6376]",random
5525,4,"[3409, 7456, 7378, 2763]",half_random
5526,4,"[7893, 181, 959, 3093]",sim_dissim
5527,4,"[2416, 5533, 3965, 2867]",random
5528,4,"[2884, 7177, 7468, 2283]",half_random
5529,4,"[181, 3110, 1678, 959]",sim_dissim
5530,4,"[3826, 3723, 7654, 6573]",random
5531,4,"[2982, 5968, 5639, 2061]",half_random
5532,4,"[5326, 7349, 1443, 2156]",sim_dissim
5533,4,"[6975, 617, 7633, 4037]",random
5534,4,"[5587, 96, 4629, 4610]",half_random
5535,4,"[2461, 4712, 3496, 4514]",sim_dissim
5536,4,"[5170, 6729, 8314, 1954]",random
5537,4,"[4268, 4988, 7037, 7987]",half_random
5538,4,"[5502, 7444, 7664, 7640]",sim_dissim
5539,4,"[4376, 595, 6067, 7410]",random
5540,4,"[6365, 5895, 4284, 4026]",half_random
5541,4,"[8389, 2156, 447, 4259]",sim_dissim
5542,4,"[2236, 2239, 3644, 463]",random
5543,4,"[3031, 7361, 4552, 6967]",half_random
5544,4,"[181, 237, 4029, 5139]",sim_dissim
5545,4,"[132, 5447, 5817, 5522]",random
5546,4,"[5492, 3006, 5079, 4265]",half_random
5547,4,"[5510, 1737, 7110, 543]",sim_dissim
5548,4,"[8395, 4976, 4477, 4364]",random
5549,4,"[8370, 2102, 675, 2608]",half_random
5550,4,"[3110, 1213, 959, 181]",sim_dissim
5551,4,"[1975, 308, 6886, 760]",random
5552,4,"[6026, 7910, 2136, 5672]",half_random
5553,4,"[3325, 2641, 7975, 4146]",sim_dissim
5554,4,"[2022, 4815, 6729, 878]",random
5555,4,"[8370, 1799, 2312, 5481]",half_random
5556,4,"[2752, 7444, 7503, 8150]",sim_dissim
5557,4,"[1429, 1239, 1034, 382]",random
5558,4,"[1954, 1573, 1720, 113]",half_random
5559,4,"[3768, 5335, 3325, 669]",sim_dissim
5560,4,"[390, 7727, 254, 4318]",random
5561,4,"[6908, 6062, 3267, 8061]",half_random
5562,4,"[8316, 3898, 1472, 7195]",sim_dissim
5563,4,"[7793, 6167, 2001, 7629]",random
5564,4,"[2713, 7971, 7887, 4126]",half_random
5565,4,"[5640, 2149, 3914, 1866]",sim_dissim
5566,4,"[1661, 2683, 2636, 3477]",random
5567,4,"[31, 4738, 298, 1372]",half_random
5568,4,"[4138, 2156, 3715, 2716]",sim_dissim
5569,4,"[8091, 6301, 4994, 3216]",random
5570,4,"[163, 2812, 1072, 6387]",half_random
5571,4,"[220, 181, 7444, 8135]",sim_dissim
5572,4,"[7779, 3156, 2535, 7362]",random
5573,4,"[5982, 1118, 7146, 1147]",half_random
5574,4,"[7243, 3542, 5603, 3613]",sim_dissim
5575,4,"[6556, 5249, 3986, 359]",random
5576,4,"[7590, 3132, 6571, 237]",half_random
5577,4,"[4927, 7664, 7089, 5502]",sim_dissim
5578,4,"[1345, 3306, 5159, 3911]",random
5579,4,"[7761, 372, 1983, 4580]",half_random
5580,4,"[78, 8212, 2270, 4152]",sim_dissim
5581,4,"[3151, 6818, 5020, 3640]",random
5582,4,"[7170, 5041, 3853, 2590]",half_random
5583,4,"[5139, 1346, 4606, 4514]",sim_dissim
5584,4,"[1127, 3660, 7483, 5955]",random
5585,4,"[7221, 5057, 8182, 6450]",half_random
5586,4,"[181, 2156, 4467, 2842]",sim_dissim
5587,4,"[6662, 3916, 3067, 2851]",random
5588,4,"[8131, 8254, 4805, 7494]",half_random
5589,4,"[8135, 30, 7441, 2156]",sim_dissim
5590,4,"[5102, 1563, 6651, 631]",random
5591,4,"[5720, 1579, 6777, 7729]",half_random
5592,4,"[1678, 4463, 4874, 2156]",sim_dissim
5593,4,"[1385, 1197, 5120, 8016]",random
5594,4,"[4356, 4991, 4872, 6966]",half_random
5595,4,"[3613, 5745, 7664, 7640]",sim_dissim
5596,4,"[5778, 2488, 3160, 4120]",random
5597,4,"[6636, 3698, 694, 4373]",half_random
5598,4,"[2783, 7444, 5818, 3496]",sim_dissim
5599,4,"[536, 5358, 3382, 1867]",random
5600,4,"[2335, 8075, 5967, 4999]",half_random
5601,4,"[1945, 1043, 5603, 5745]",sim_dissim
5602,4,"[7807, 4751, 5184, 2783]",random
5603,4,"[147, 4321, 489, 750]",half_random
5604,4,"[6660, 4255, 7444, 3987]",sim_dissim
5605,4,"[622, 3311, 8002, 7937]",random
5606,4,"[52, 5446, 4084, 7844]",half_random
5607,4,"[5502, 7444, 7745, 1592]",sim_dissim
5608,4,"[7159, 3937, 7523, 6846]",random
5609,4,"[1649, 2661, 1881, 1566]",half_random
5610,4,"[2156, 6660, 2759, 4921]",sim_dissim
5611,4,"[281, 3937, 597, 6885]",random
5612,4,"[125, 5771, 4351, 6461]",half_random
5613,4,"[4912, 2270, 2156, 2013]",sim_dissim
5614,4,"[1923, 6889, 5487, 1189]",random
5615,4,"[8048, 3975, 3513, 7493]",half_random
5616,4,"[1250, 4874, 3110, 959]",sim_dissim
5617,4,"[7113, 6234, 750, 8148]",random
5618,4,"[8302, 7513, 4023, 1744]",half_random
5619,4,"[4514, 4712, 3496, 5036]",sim_dissim
5620,4,"[2986, 6578, 4763, 5637]",random
5621,4,"[1554, 5824, 3033, 5575]",half_random
5622,4,"[3093, 4454, 959, 5502]",sim_dissim
5623,4,"[3575, 4511, 518, 3446]",random
5624,4,"[3699, 3935, 7810, 335]",half_random
5625,4,"[4255, 271, 4146, 7337]",sim_dissim
5626,4,"[4639, 2585, 8226, 1501]",random
5627,4,"[7829, 4528, 3294, 3249]",half_random
5628,4,"[2156, 583, 5502, 3470]",sim_dissim
5629,4,"[7882, 2351, 5985, 425]",random
5630,4,"[5266, 5908, 5139, 3815]",half_random
5631,4,"[3613, 7640, 3974, 3542]",sim_dissim
5632,4,"[5055, 292, 4603, 7960]",random
5633,4,"[4887, 4814, 908, 360]",half_random
5634,4,"[4353, 5476, 3318, 6528]",sim_dissim
5635,4,"[3925, 6623, 4305, 8002]",random
5636,4,"[5113, 1121, 8379, 5299]",half_random
5637,4,"[5139, 7752, 5450, 4874]",sim_dissim
5638,4,"[3454, 6102, 5282, 3158]",random
5639,4,"[4132, 2980, 7815, 6949]",half_random
5640,4,"[8150, 7356, 7444, 181]",sim_dissim
5641,4,"[6673, 6747, 7646, 4813]",random
5642,4,"[835, 5050, 89, 1342]",half_random
5643,4,"[7817, 6767, 7218, 5502]",sim_dissim
5644,4,"[7699, 7459, 2942, 8212]",random
5645,4,"[7561, 6167, 3804, 5385]",half_random
5646,4,"[181, 6619, 4736, 7444]",sim_dissim
5647,4,"[7164, 1096, 3942, 5056]",random
5648,4,"[762, 7825, 2999, 7911]",half_random
5649,4,"[5476, 3479, 5502, 5173]",sim_dissim
5650,4,"[8237, 2596, 6572, 6141]",random
5651,4,"[5853, 2803, 7626, 150]",half_random
5652,4,"[7750, 1472, 8302, 959]",sim_dissim
5653,4,"[550, 616, 4620, 2560]",random
5654,4,"[1328, 2861, 5552, 3147]",half_random
5655,4,"[4514, 8212, 6619, 137]",sim_dissim
5656,4,"[3068, 3302, 595, 285]",random
5657,4,"[5478, 4140, 8189, 806]",half_random
5658,4,"[1678, 4874, 5640, 6338]",sim_dissim
5659,4,"[6086, 3728, 4056, 2233]",random
5660,4,"[3566, 666, 4249, 4064]",half_random
5661,4,"[1444, 1472, 2156, 7715]",sim_dissim
5662,4,"[7316, 1923, 177, 24]",random
5663,4,"[5324, 3898, 3203, 6641]",half_random
5664,4,"[7503, 1472, 2156, 680]",sim_dissim
5665,4,"[1801, 8372, 3227, 2660]",random
5666,4,"[7638, 3545, 3329, 1781]",half_random
5667,4,"[2752, 959, 7222, 1547]",sim_dissim
5668,4,"[5628, 8040, 4876, 5971]",random
5669,4,"[1875, 2100, 3000, 6708]",half_random
5670,4,"[463, 5502, 4696, 4912]",sim_dissim
5671,4,"[7128, 5768, 401, 3041]",random
5672,4,"[3436, 48, 5409, 6488]",half_random
5673,4,"[7444, 209, 4514, 3496]",sim_dissim
5674,4,"[3771, 1881, 6758, 1167]",random
5675,4,"[181, 5755, 4284, 7622]",half_random
5676,4,"[340, 4927, 2156, 7987]",sim_dissim
5677,4,"[743, 1452, 5028, 6258]",random
5678,4,"[4330, 1426, 3361, 6352]",half_random
5679,4,"[5503, 5543, 4514, 4712]",sim_dissim
5680,4,"[4438, 1595, 668, 2185]",random
5681,4,"[7556, 210, 6614, 6650]",half_random
5682,4,"[7444, 8181, 5672, 4514]",sim_dissim
5683,4,"[1537, 1606, 3660, 5943]",random
5684,4,"[5495, 6757, 2478, 1281]",half_random
5685,4,"[4514, 6378, 4029, 959]",sim_dissim
5686,4,"[5837, 3123, 4811, 805]",random
5687,4,"[6569, 1496, 6316, 949]",half_random
5688,4,"[3554, 4874, 7444, 8393]",sim_dissim
5689,4,"[5870, 8267, 4010, 1426]",random
5690,4,"[5311, 4391, 4723, 1576]",half_random
5691,4,"[1678, 5640, 3554, 181]",sim_dissim
5692,4,"[5169, 8010, 1317, 4322]",random
5693,4,"[8332, 1458, 6842, 7638]",half_random
5694,4,"[7893, 7444, 6302, 181]",sim_dissim
5695,4,"[1379, 9, 459, 1508]",random
5696,4,"[2507, 8020, 5229, 2928]",half_random
5697,4,"[2156, 3181, 181, 3895]",sim_dissim
5698,4,"[4127, 8387, 2359, 5560]",random
5699,4,"[7847, 2198, 6354, 3482]",half_random
5700,4,"[1737, 2619, 6175, 3625]",sim_dissim
5701,4,"[6250, 5325, 6242, 109]",random
5702,4,"[5393, 1760, 588, 1944]",half_random
5703,4,"[2641, 7975, 4514, 3376]",sim_dissim
5704,4,"[5913, 7434, 879, 2079]",random
5705,4,"[7641, 5607, 346, 2851]",half_random
5706,4,"[5602, 6619, 7441, 4684]",sim_dissim
5707,4,"[24, 5783, 8362, 7001]",random
5708,4,"[734, 6099, 6746, 4518]",half_random
5709,4,"[4255, 5640, 1678, 6338]",sim_dissim
5710,4,"[1113, 6512, 592, 5799]",random
5711,4,"[2152, 282, 5091, 763]",half_random
5712,4,"[5745, 5763, 7089, 3559]",sim_dissim
5713,4,"[1013, 8022, 6677, 244]",random
5714,4,"[8201, 3366, 3509, 7159]",half_random
5715,4,"[181, 4259, 3318, 8389]",sim_dissim
5716,4,"[3554, 4127, 114, 4244]",random
5717,4,"[864, 4725, 5516, 3452]",half_random
5718,4,"[181, 4736, 5503, 4712]",sim_dissim
5719,4,"[4858, 4357, 6846, 3347]",random
5720,4,"[4720, 4959, 818, 2579]",half_random
5721,4,"[5335, 669, 3768, 5502]",sim_dissim
5722,4,"[5137, 6531, 1602, 6085]",random
5723,4,"[2906, 3528, 8141, 3558]",half_random
5724,4,"[1564, 5564, 7444, 4874]",sim_dissim
5725,4,"[3683, 7492, 7083, 1003]",random
5726,4,"[1241, 3995, 1465, 8229]",half_random
5727,4,"[1758, 852, 4712, 3182]",sim_dissim
5728,4,"[863, 5762, 4365, 7226]",random
5729,4,"[661, 7485, 4521, 6247]",half_random
5730,4,"[4874, 6965, 7444, 1564]",sim_dissim
5731,4,"[5591, 5100, 4848, 5802]",random
5732,4,"[4086, 1704, 5525, 1870]",half_random
5733,4,"[1564, 5447, 4874, 5450]",sim_dissim
5734,4,"[1924, 2099, 2225, 8061]",random
5735,4,"[5862, 6883, 2720, 455]",half_random
5736,4,"[959, 243, 4874, 8088]",sim_dissim
5737,4,"[3148, 7342, 3967, 6615]",random
5738,4,"[5771, 5729, 7991, 2276]",half_random
5739,4,"[2561, 2521, 5173, 4255]",sim_dissim
5740,4,"[3706, 3152, 4782, 4007]",random
5741,4,"[3289, 5679, 3944, 7916]",half_random
5742,4,"[3479, 4259, 5173, 2722]",sim_dissim
5743,4,"[3150, 189, 4556, 5933]",random
5744,4,"[8239, 124, 7858, 2821]",half_random
5745,4,"[2008, 186, 463, 6962]",sim_dissim
5746,4,"[4894, 3241, 3377, 2567]",random
5747,4,"[961, 7244, 6504, 2354]",half_random
5748,4,"[4336, 6265, 6962, 276]",sim_dissim
5749,4,"[3259, 1043, 7924, 6908]",random
5750,4,"[838, 4334, 8108, 5667]",half_random
5751,4,"[4622, 3318, 4514, 78]",sim_dissim
5752,4,"[1809, 6099, 6880, 475]",random
5753,4,"[8116, 3517, 6447, 1882]",half_random
5754,4,"[4275, 4514, 8393, 7444]",sim_dissim
5755,4,"[7808, 1414, 1204, 7911]",random
5756,4,"[3128, 1140, 1608, 6197]",half_random
5757,4,"[4921, 4467, 5173, 8026]",sim_dissim
5758,4,"[3672, 7552, 7692, 4288]",random
5759,4,"[3958, 2255, 6932, 7157]",half_random
5760,4,"[4259, 8389, 181, 5173]",sim_dissim
5761,4,"[1877, 7681, 3768, 3921]",random
5762,4,"[6393, 1901, 4915, 3665]",half_random
5763,4,"[4259, 4921, 2156, 5728]",sim_dissim
5764,4,"[7740, 528, 5478, 7019]",random
5765,4,"[5393, 603, 6933, 1295]",half_random
5766,4,"[5502, 2561, 7444, 4278]",sim_dissim
5767,4,"[7815, 1279, 4102, 7264]",random
5768,4,"[2831, 560, 2616, 2046]",half_random
5769,4,"[4514, 7444, 3110, 1678]",sim_dissim
5770,4,"[6530, 7810, 1849, 6478]",random
5771,4,"[6849, 5327, 7431, 5778]",half_random
5772,4,"[3813, 4514, 4208, 2156]",sim_dissim
5773,4,"[2995, 6027, 1311, 4416]",random
5774,4,"[2617, 6124, 7705, 5662]",half_random
5775,4,"[6014, 959, 2716, 3715]",sim_dissim
5776,4,"[8210, 5212, 2994, 7034]",random
5777,4,"[3015, 1434, 1259, 3412]",half_random
5778,4,"[7503, 5447, 8150, 2752]",sim_dissim
5779,4,"[3089, 7238, 4031, 5863]",random
5780,4,"[3165, 1918, 1099, 5141]",half_random
5781,4,"[564, 5657, 3325, 2156]",sim_dissim
5782,4,"[7715, 409, 4675, 8293]",random
5783,4,"[6755, 744, 4337, 1600]",half_random
5784,4,"[4353, 4259, 6528, 3318]",sim_dissim
5785,4,"[121, 4169, 1062, 1325]",random
5786,4,"[5468, 5725, 3010, 1439]",half_random
5787,4,"[3046, 7444, 3342, 78]",sim_dissim
5788,4,"[1700, 2758, 3773, 6406]",random
5789,4,"[1769, 3969, 1231, 2198]",half_random
5790,4,"[7444, 181, 8393, 3110]",sim_dissim
5791,4,"[2145, 1301, 2926, 4750]",random
5792,4,"[6095, 6932, 8237, 2217]",half_random
5793,4,"[959, 181, 2521, 4207]",sim_dissim
5794,4,"[5566, 418, 7646, 3301]",random
5795,4,"[6793, 7351, 3119, 6428]",half_random
5796,4,"[2561, 6374, 181, 5447]",sim_dissim
5797,4,"[7020, 1993, 52, 4119]",random
5798,4,"[4740, 3136, 4738, 7281]",half_random
5799,4,"[30, 3715, 2477, 2156]",sim_dissim
5800,4,"[5612, 485, 4316, 6663]",random
5801,4,"[4303, 5844, 1936, 4846]",half_random
5802,4,"[2561, 181, 2521, 5173]",sim_dissim
5803,4,"[2708, 2141, 4830, 625]",random
5804,4,"[2462, 946, 3143, 738]",half_random
5805,4,"[6528, 3613, 5502, 7544]",sim_dissim
5806,4,"[143, 4842, 7926, 5688]",random
5807,4,"[1491, 3197, 6125, 8315]",half_random
5808,4,"[2299, 4712, 6970, 3325]",sim_dissim
5809,4,"[6813, 4, 6878, 1168]",random
5810,4,"[3693, 210, 1442, 3582]",half_random
5811,4,"[7444, 2792, 5818, 3147]",sim_dissim
5812,4,"[1275, 2619, 630, 7996]",random
5813,4,"[2848, 8258, 2069, 6390]",half_random
5814,4,"[5228, 3147, 6389, 8212]",sim_dissim
5815,4,"[1827, 627, 1395, 3625]",random
5816,4,"[1974, 686, 6936, 6781]",half_random
5817,4,"[5968, 5502, 186, 2156]",sim_dissim
5818,4,"[2993, 2018, 7153, 5427]",random
5819,4,"[8146, 7781, 3175, 7647]",half_random
5820,4,"[181, 2156, 896, 5260]",sim_dissim
5821,4,"[8109, 4345, 5708, 6163]",random
5822,4,"[4587, 1548, 1984, 8314]",half_random
5823,4,"[5173, 4921, 3895, 6180]",sim_dissim
5824,4,"[4128, 6858, 3211, 2316]",random
5825,4,"[3865, 4173, 8165, 5423]",half_random
5826,4,"[6976, 7337, 181, 3613]",sim_dissim
5827,4,"[2634, 4628, 5645, 6471]",random
5828,4,"[6079, 6802, 3407, 2530]",half_random
5829,4,"[4899, 2299, 5502, 2156]",sim_dissim
5830,4,"[5885, 290, 2181, 7296]",random
5831,4,"[4341, 197, 3467, 354]",half_random
5832,4,"[5883, 5302, 5745, 692]",sim_dissim
5833,4,"[5238, 1577, 8177, 3946]",random
5834,4,"[7498, 1162, 6419, 933]",half_random
5835,4,"[3087, 4255, 2156, 2785]",sim_dissim
5836,4,"[6116, 67, 1516, 3130]",random
5837,4,"[5328, 1374, 4483, 1592]",half_random
5838,4,"[5173, 466, 5745, 5883]",sim_dissim
5839,4,"[7783, 4469, 5294, 7222]",random
5840,4,"[8058, 6480, 8135, 2844]",half_random
5841,4,"[7243, 7817, 181, 2087]",sim_dissim
5842,4,"[6318, 1870, 2599, 6013]",random
5843,4,"[980, 3516, 7620, 6720]",half_random
5844,4,"[3376, 3110, 1250, 4874]",sim_dissim
5845,4,"[7086, 5992, 8028, 7287]",random
5846,4,"[3827, 4038, 3799, 4910]",half_random
5847,4,"[5173, 1866, 1461, 4255]",sim_dissim
5848,4,"[406, 5038, 2788, 4247]",random
5849,4,"[2046, 6130, 5134, 6138]",half_random
5850,4,"[3147, 2156, 369, 5228]",sim_dissim
5851,4,"[1339, 879, 8211, 66]",random
5852,4,"[1100, 526, 8216, 6504]",half_random
5853,4,"[5447, 4874, 8181, 5672]",sim_dissim
5854,4,"[5353, 6026, 6655, 3512]",random
5855,4,"[6808, 4010, 5546, 5118]",half_random
5856,4,"[852, 181, 4712, 4208]",sim_dissim
5857,4,"[7210, 2591, 3250, 7892]",random
5858,4,"[5189, 886, 6138, 1973]",half_random
5859,4,"[5173, 3761, 6976, 5502]",sim_dissim
5860,4,"[6228, 7329, 3907, 2814]",random
5861,4,"[4480, 5383, 5686, 6010]",half_random
5862,4,"[1758, 886, 6804, 7444]",sim_dissim
5863,4,"[8023, 592, 2231, 6014]",random
5864,4,"[5087, 7951, 1599, 2542]",half_random
5865,4,"[2451, 5326, 2156, 1461]",sim_dissim
5866,4,"[408, 7522, 1739, 2519]",random
5867,4,"[3474, 2238, 7042, 2349]",half_random
5868,4,"[297, 4912, 6962, 2156]",sim_dissim
5869,4,"[2261, 3450, 1778, 5583]",random
5870,4,"[1845, 523, 2548, 1961]",half_random
5871,4,"[7444, 2516, 4029, 6378]",sim_dissim
5872,4,"[6041, 6013, 7620, 1201]",random
5873,4,"[4098, 3241, 6403, 8201]",half_random
5874,4,"[2123, 7349, 3715, 7444]",sim_dissim
5875,4,"[321, 2570, 1760, 7159]",random
5876,4,"[711, 1952, 4420, 1328]",half_random
5877,4,"[5023, 4029, 181, 3898]",sim_dissim
5878,4,"[1537, 3822, 6388, 2862]",random
5879,4,"[1137, 2125, 1712, 2748]",half_random
5880,4,"[2619, 6767, 5745, 7218]",sim_dissim
5881,4,"[1844, 1747, 7450, 84]",random
5882,4,"[3578, 1672, 500, 1860]",half_random
5883,4,"[30, 8135, 3715, 959]",sim_dissim
5884,4,"[3731, 7272, 3638, 1215]",random
5885,4,"[5213, 6909, 7059, 6377]",half_random
5886,4,"[3715, 137, 4712, 693]",sim_dissim
5887,4,"[7740, 1955, 6241, 4948]",random
5888,4,"[4137, 6928, 7973, 3807]",half_random
5889,4,"[3987, 2156, 2451, 4255]",sim_dissim
5890,4,"[3895, 581, 8040, 8259]",random
5891,4,"[3856, 778, 8333, 207]",half_random
5892,4,"[2008, 5502, 583, 5173]",sim_dissim
5893,4,"[7782, 7059, 2204, 5613]",random
5894,4,"[6600, 6206, 6462, 7811]",half_random
5895,4,"[886, 762, 7444, 1758]",sim_dissim
5896,4,"[3270, 3052, 5423, 4593]",random
5897,4,"[7413, 7549, 3342, 7826]",half_random
5898,4,"[8393, 7444, 3110, 4255]",sim_dissim
5899,4,"[5078, 336, 6814, 8121]",random
5900,4,"[8389, 4873, 3347, 3271]",half_random
5901,4,"[3898, 594, 7503, 1472]",sim_dissim
5902,4,"[3831, 4860, 6539, 7986]",random
5903,4,"[3014, 840, 1096, 1286]",half_random
5904,4,"[1638, 5745, 692, 2879]",sim_dissim
5905,4,"[8347, 5839, 4688, 3522]",random
5906,4,"[7255, 3851, 1123, 776]",half_random
5907,4,"[2156, 6962, 5687, 4876]",sim_dissim
5908,4,"[5916, 3025, 1512, 5101]",random
5909,4,"[868, 4187, 4885, 1466]",half_random
5910,4,"[7931, 7444, 564, 4254]",sim_dissim
5911,4,"[1543, 1388, 181, 3056]",random
5912,4,"[1213, 2574, 4326, 948]",half_random
5913,4,"[5602, 4868, 6548, 7441]",sim_dissim
5914,4,"[5873, 4585, 6935, 1660]",random
5915,4,"[2514, 3809, 2538, 2580]",half_random
5916,4,"[4146, 3325, 1211, 169]",sim_dissim
5917,4,"[3962, 179, 6829, 1415]",random
5918,4,"[149, 5162, 5222, 5810]",half_random
5919,4,"[827, 2123, 4921, 2156]",sim_dissim
5920,4,"[5290, 5965, 7676, 1543]",random
5921,4,"[5380, 5582, 5741, 6208]",half_random
5922,4,"[5968, 583, 6962, 3318]",sim_dissim
5923,4,"[2710, 6757, 1448, 1356]",random
5924,4,"[1298, 8152, 5404, 143]",half_random
5925,4,"[3026, 2156, 276, 5290]",sim_dissim
5926,4,"[4885, 6180, 7881, 1338]",random
5927,4,"[603, 2049, 3983, 997]",half_random
5928,4,"[8181, 3715, 5447, 8297]",sim_dissim
5929,4,"[1978, 3704, 2080, 3940]",random
5930,4,"[5860, 2436, 7013, 1457]",half_random
5931,4,"[6528, 447, 5173, 3791]",sim_dissim
5932,4,"[5294, 4373, 232, 5485]",random
5933,4,"[1657, 7785, 828, 5190]",half_random
5934,4,"[2270, 124, 5173, 4696]",sim_dissim
5935,4,"[6002, 7269, 1343, 553]",random
5936,4,"[2442, 7225, 1292, 1188]",half_random
5937,4,"[4514, 3571, 7444, 1498]",sim_dissim
5938,4,"[7398, 3708, 4623, 3553]",random
5939,4,"[7168, 3397, 2522, 7775]",half_random
5940,4,"[7089, 7664, 5745, 4927]",sim_dissim
5941,4,"[2609, 6381, 1144, 7114]",random
5942,4,"[2, 3312, 6755, 409]",half_random
5943,4,"[6338, 4874, 2156, 1678]",sim_dissim
5944,4,"[6588, 6256, 8151, 3290]",random
5945,4,"[6020, 4405, 8031, 7390]",half_random
5946,4,"[2299, 2401, 2156, 3325]",sim_dissim
5947,4,"[949, 5197, 1195, 6075]",random
5948,4,"[635, 1519, 6206, 2104]",half_random
5949,4,"[4899, 4712, 1592, 5502]",sim_dissim
5950,4,"[4519, 1839, 6766, 8261]",random
5951,4,"[6213, 4173, 4120, 1960]",half_random
5952,4,"[3715, 369, 8212, 209]",sim_dissim
5953,4,"[5543, 1365, 4372, 5937]",random
5954,4,"[1451, 6250, 4677, 2494]",half_random
5955,4,"[7444, 8135, 1638, 181]",sim_dissim
5956,4,"[529, 46, 2959, 7956]",random
5957,4,"[2746, 2862, 4591, 2139]",half_random
5958,4,"[7218, 7817, 1737, 1043]",sim_dissim
5959,4,"[2308, 2084, 7524, 4511]",random
5960,4,"[7877, 3255, 16, 6035]",half_random
5961,4,"[2716, 4931, 2945, 4138]",sim_dissim
5962,4,"[3378, 4535, 5925, 3669]",random
5963,4,"[3719, 6425, 2088, 6574]",half_random
5964,4,"[181, 7745, 3669, 8212]",sim_dissim
5965,4,"[1819, 6906, 4110, 3465]",random
5966,4,"[5396, 7404, 2863, 1041]",half_random
5967,4,"[7867, 5924, 7444, 2783]",sim_dissim
5968,4,"[8201, 6595, 927, 6]",random
5969,4,"[5631, 1318, 999, 2915]",half_random
5970,4,"[30, 7490, 692, 4514]",sim_dissim
5971,4,"[3914, 6267, 5086, 6191]",random
5972,4,"[2768, 4065, 7362, 862]",half_random
5973,4,"[237, 2516, 7849, 7444]",sim_dissim
5974,4,"[7009, 4940, 1423, 54]",random
5975,4,"[7522, 7276, 7719, 860]",half_random
5976,4,"[5260, 896, 1472, 3898]",sim_dissim
5977,4,"[3913, 7804, 4269, 5903]",random
5978,4,"[4789, 1635, 8234, 5054]",half_random
5979,4,"[4712, 3118, 564, 4255]",sim_dissim
5980,4,"[6077, 6971, 6209, 1279]",random
5981,4,"[5765, 5529, 3114, 5909]",half_random
5982,4,"[6808, 4931, 2945, 4454]",sim_dissim
5983,4,"[3825, 1729, 2620, 5262]",random
5984,4,"[7154, 7572, 8090, 8119]",half_random
5985,4,"[8212, 2461, 3147, 3496]",sim_dissim
5986,4,"[7541, 1167, 4908, 7325]",random
5987,4,"[2278, 5862, 157, 5351]",half_random
5988,4,"[5728, 4353, 1695, 5173]",sim_dissim
5989,4,"[4104, 180, 4770, 31]",random
5990,4,"[7974, 2604, 6826, 5828]",half_random
5991,4,"[3325, 1843, 7745, 6037]",sim_dissim
5992,4,"[6816, 5167, 6810, 4275]",random
5993,4,"[4242, 3497, 3934, 1500]",half_random
5994,4,"[2156, 4259, 2722, 1892]",sim_dissim
5995,4,"[6604, 4972, 4543, 240]",random
5996,4,"[3723, 85, 2691, 4069]",half_random
5997,4,"[5840, 1758, 7444, 3813]",sim_dissim
5998,4,"[1172, 8165, 3883, 326]",random
5999,4,"[5509, 2469, 4686, 5503]",half_random
6000,4,"[3914, 7346, 959, 2759]",sim_dissim
6001,4,"[4745, 7461, 4599, 4889]",random
6002,4,"[5645, 7430, 2827, 7831]",half_random
6003,4,"[4868, 6548, 3542, 5173]",sim_dissim
6004,4,"[4706, 2951, 3537, 8360]",random
6005,4,"[1267, 3302, 224, 7866]",half_random
6006,4,"[563, 5502, 4001, 3850]",sim_dissim
6007,4,"[6452, 5763, 3424, 864]",random
6008,4,"[5225, 7737, 2894, 144]",half_random
6009,4,"[2879, 220, 692, 5745]",sim_dissim
6010,4,"[3656, 3799, 4829, 433]",random
6011,4,"[7232, 6119, 7758, 7401]",half_random
6012,4,"[3715, 6592, 3376, 4463]",sim_dissim
6013,4,"[5383, 6381, 1742, 3645]",random
6014,4,"[5534, 1970, 1613, 404]",half_random
6015,4,"[2156, 5228, 1758, 3089]",sim_dissim
6016,4,"[2342, 5657, 2927, 8110]",random
6017,4,"[7672, 5412, 7957, 7895]",half_random
6018,4,"[5818, 5139, 3089, 4514]",sim_dissim
6019,4,"[7731, 2938, 5199, 5082]",random
6020,4,"[6905, 1163, 6406, 2678]",half_random
6021,4,"[181, 5173, 4449, 4876]",sim_dissim
6022,4,"[7919, 5408, 5513, 5617]",random
6023,4,"[3775, 254, 5776, 6747]",half_random
6024,4,"[5240, 3715, 5139, 1791]",sim_dissim
6025,4,"[3171, 5082, 1895, 5113]",random
6026,4,"[818, 6354, 1450, 4827]",half_random
6027,4,"[4899, 2299, 7444, 5502]",sim_dissim
6028,4,"[6193, 2939, 1849, 856]",random
6029,4,"[27, 2500, 6287, 791]",half_random
6030,4,"[1060, 2463, 435, 5502]",sim_dissim
6031,4,"[5387, 8238, 3935, 4203]",random
6032,4,"[2078, 2302, 6566, 6152]",half_random
6033,4,"[5502, 7444, 6374, 2561]",sim_dissim
6034,4,"[4985, 5701, 2606, 1456]",random
6035,4,"[7291, 2337, 5284, 6045]",half_random
6036,4,"[4255, 6976, 3613, 3761]",sim_dissim
6037,4,"[3829, 567, 467, 2863]",random
6038,4,"[5396, 7238, 7617, 838]",half_random
6039,4,"[626, 5603, 1737, 1945]",sim_dissim
6040,4,"[4004, 1952, 6502, 3115]",random
6041,4,"[3062, 1198, 4807, 6574]",half_random
6042,4,"[5878, 5745, 3598, 4684]",sim_dissim
6043,4,"[1696, 2213, 2459, 7209]",random
6044,4,"[502, 3082, 2828, 1967]",half_random
6045,4,"[3838, 7975, 4146, 4514]",sim_dissim
6046,4,"[7417, 6693, 585, 5851]",random
6047,4,"[6999, 3267, 5468, 3742]",half_random
6048,4,"[4146, 1211, 8325, 4255]",sim_dissim
6049,4,"[2993, 6749, 1479, 4069]",random
6050,4,"[7788, 6633, 85, 1678]",half_random
6051,4,"[3026, 6265, 4449, 4255]",sim_dissim
6052,4,"[5866, 2587, 3459, 2766]",random
6053,4,"[4827, 3240, 6185, 1924]",half_random
6054,4,"[7893, 2156, 4931, 6302]",sim_dissim
6055,4,"[1598, 2490, 2380, 7386]",random
6056,4,"[5361, 752, 7199, 6249]",half_random
6057,4,"[7588, 3613, 3542, 5883]",sim_dissim
6058,4,"[1785, 6899, 3357, 1163]",random
6059,4,"[8232, 7549, 3718, 3194]",half_random
6060,4,"[4874, 3376, 1250, 5886]",sim_dissim
6061,4,"[949, 411, 4526, 5061]",random
6062,4,"[4932, 1936, 4073, 7830]",half_random
6063,4,"[4252, 4514, 3838, 2156]",sim_dissim
6064,4,"[7679, 2433, 1440, 5528]",random
6065,4,"[4201, 5432, 6263, 2349]",half_random
6066,4,"[7087, 3613, 447, 3768]",sim_dissim
6067,4,"[5391, 6022, 4846, 2955]",random
6068,4,"[1642, 4400, 8032, 7497]",half_random
6069,4,"[5502, 8267, 1123, 2156]",sim_dissim
6070,4,"[6968, 1176, 2541, 4492]",random
6071,4,"[5418, 2510, 7725, 5158]",half_random
6072,4,"[827, 5447, 4514, 1498]",sim_dissim
6073,4,"[6891, 841, 6713, 2268]",random
6074,4,"[2967, 6464, 4228, 6016]",half_random
6075,4,"[3613, 7087, 3181, 4921]",sim_dissim
6076,4,"[1786, 4478, 4264, 2898]",random
6077,4,"[7649, 6577, 972, 6496]",half_random
6078,4,"[7444, 4463, 3715, 8393]",sim_dissim
6079,4,"[7536, 6964, 190, 6260]",random
6080,4,"[7078, 8162, 2272, 896]",half_random
6081,4,"[4259, 8227, 447, 3318]",sim_dissim
6082,4,"[1881, 7003, 6719, 3176]",random
6083,4,"[4274, 4744, 6312, 1540]",half_random
6084,4,"[5326, 1338, 8289, 5139]",sim_dissim
6085,4,"[1025, 4880, 2042, 6689]",random
6086,4,"[8361, 2115, 87, 1156]",half_random
6087,4,"[2461, 1758, 4712, 3089]",sim_dissim
6088,4,"[361, 4884, 505, 5869]",random
6089,4,"[4703, 4545, 7024, 7577]",half_random
6090,4,"[7664, 5310, 7444, 5745]",sim_dissim
6091,4,"[6064, 3903, 1741, 3386]",random
6092,4,"[7921, 5001, 786, 5923]",half_random
6093,4,"[8135, 7444, 1638, 4514]",sim_dissim
6094,4,"[4327, 6128, 5095, 3403]",random
6095,4,"[3001, 8187, 1773, 3395]",half_random
6096,4,"[8297, 2783, 8181, 5447]",sim_dissim
6097,4,"[5377, 8116, 2487, 3828]",random
6098,4,"[5535, 3623, 1085, 2847]",half_random
6099,4,"[7444, 3118, 4254, 5588]",sim_dissim
6100,4,"[860, 3219, 2460, 2092]",random
6101,4,"[5849, 5596, 1146, 615]",half_random
6102,4,"[5564, 4874, 1150, 7444]",sim_dissim
6103,4,"[3494, 41, 2928, 7765]",random
6104,4,"[4433, 1505, 4159, 3470]",half_random
6105,4,"[5924, 4514, 7444, 4845]",sim_dissim
6106,4,"[8148, 8061, 2749, 5402]",random
6107,4,"[2957, 7402, 4636, 4554]",half_random
6108,4,"[2156, 4278, 5282, 5502]",sim_dissim
6109,4,"[1157, 4157, 8327, 1822]",random
6110,4,"[1200, 4022, 136, 4125]",half_random
6111,4,"[3463, 4255, 4146, 4889]",sim_dissim
6112,4,"[3839, 973, 4488, 6404]",random
6113,4,"[5038, 2699, 8314, 3046]",half_random
6114,4,"[5924, 5936, 4514, 1907]",sim_dissim
6115,4,"[4828, 1479, 1475, 4287]",random
6116,4,"[7849, 7969, 3660, 5224]",half_random
6117,4,"[2785, 181, 5067, 5173]",sim_dissim
6118,4,"[1044, 3848, 2262, 7544]",random
6119,4,"[131, 2738, 5455, 8222]",half_random
6120,4,"[6110, 3046, 3318, 3342]",sim_dissim
6121,4,"[5017, 4284, 6448, 4442]",random
6122,4,"[706, 4204, 7210, 1754]",half_random
6123,4,"[7745, 3428, 181, 2156]",sim_dissim
6124,4,"[3815, 117, 7044, 2145]",random
6125,4,"[3394, 75, 6089, 1267]",half_random
6126,4,"[3715, 4868, 5602, 6548]",sim_dissim
6127,4,"[3360, 1131, 2961, 2239]",random
6128,4,"[520, 2226, 7852, 2398]",half_random
6129,4,"[5863, 7444, 181, 1498]",sim_dissim
6130,4,"[1125, 59, 2269, 6443]",random
6131,4,"[3921, 833, 167, 479]",half_random
6132,4,"[2156, 5886, 4874, 4222]",sim_dissim
6133,4,"[7139, 4672, 5453, 641]",random
6134,4,"[6818, 5245, 872, 6072]",half_random
6135,4,"[959, 7441, 266, 2477]",sim_dissim
6136,4,"[1288, 6321, 3310, 8348]",random
6137,4,"[3461, 1736, 3610, 8093]",half_random
6138,4,"[4323, 2319, 7444, 4255]",sim_dissim
6139,4,"[2249, 7078, 7568, 5895]",random
6140,4,"[2663, 849, 3550, 3376]",half_random
6141,4,"[6037, 181, 2401, 1843]",sim_dissim
6142,4,"[1817, 415, 4024, 98]",random
6143,4,"[3814, 3400, 2100, 7864]",half_random
6144,4,"[827, 1498, 5139, 181]",sim_dissim
6145,4,"[6130, 1148, 590, 4864]",random
6146,4,"[3474, 2985, 8143, 5154]",half_random
6147,4,"[3715, 6302, 959, 4138]",sim_dissim
6148,4,"[4193, 2057, 1151, 2820]",random
6149,4,"[223, 153, 8138, 6789]",half_random
6150,4,"[2156, 1123, 5310, 5502]",sim_dissim
6151,4,"[924, 1732, 4582, 6914]",random
6152,4,"[356, 8034, 5222, 6322]",half_random
6153,4,"[7444, 7622, 5326, 7349]",sim_dissim
6154,4,"[7392, 7829, 6025, 6567]",random
6155,4,"[5721, 6743, 3967, 953]",half_random
6156,4,"[7490, 1638, 3715, 7444]",sim_dissim
6157,4,"[2078, 3455, 456, 8350]",random
6158,4,"[3288, 2566, 1946, 6454]",half_random
6159,4,"[30, 4514, 959, 1373]",sim_dissim
6160,4,"[1536, 1819, 7735, 5005]",random
6161,4,"[8108, 1099, 1206, 3663]",half_random
6162,4,"[5502, 8227, 3768, 3613]",sim_dissim
6163,4,"[1772, 5718, 1560, 3570]",random
6164,4,"[4789, 800, 1908, 4215]",half_random
6165,4,"[2516, 3898, 4029, 7808]",sim_dissim
6166,4,"[2304, 8053, 2938, 7036]",random
6167,4,"[4594, 2978, 8366, 5126]",half_random
6168,4,"[1592, 8212, 5502, 7091]",sim_dissim
6169,4,"[1438, 6841, 3639, 4584]",random
6170,4,"[5997, 6221, 4322, 5144]",half_random
6171,4,"[4876, 959, 2656, 5502]",sim_dissim
6172,4,"[3208, 492, 7707, 81]",random
6173,4,"[2295, 7354, 7554, 2658]",half_random
6174,4,"[4514, 4146, 169, 1211]",sim_dissim
6175,4,"[4866, 277, 4172, 2483]",random
6176,4,"[1710, 3701, 8078, 730]",half_random
6177,4,"[3325, 8389, 6180, 3613]",sim_dissim
6178,4,"[7088, 1674, 6681, 2774]",random
6179,4,"[3533, 4581, 4048, 2278]",half_random
6180,4,"[1483, 2156, 2451, 3914]",sim_dissim
6181,4,"[2713, 2339, 3675, 1595]",random
6182,4,"[1431, 563, 2131, 64]",half_random
6183,4,"[4514, 2003, 5447, 7867]",sim_dissim
6184,4,"[16, 512, 174, 154]",random
6185,4,"[8006, 7650, 2100, 3184]",half_random
6186,4,"[4921, 7544, 5173, 5728]",sim_dissim
6187,4,"[1017, 2130, 999, 3434]",random
6188,4,"[4931, 8112, 247, 3]",half_random
6189,4,"[8150, 1472, 5630, 7444]",sim_dissim
6190,4,"[6278, 6077, 5248, 380]",random
6191,4,"[6749, 5648, 64, 4603]",half_random
6192,4,"[4255, 169, 1211, 5173]",sim_dissim
6193,4,"[431, 193, 7832, 5068]",random
6194,4,"[5810, 7498, 1857, 4257]",half_random
6195,4,"[4514, 7444, 886, 3813]",sim_dissim
6196,4,"[2706, 787, 5647, 5155]",random
6197,4,"[5673, 8109, 2189, 5887]",half_random
6198,4,"[306, 7444, 1916, 3715]",sim_dissim
6199,4,"[6841, 7203, 5650, 100]",random
6200,4,"[1003, 1724, 2747, 5368]",half_random
6201,4,"[1547, 181, 5260, 2156]",sim_dissim
6202,4,"[2409, 4957, 7573, 5989]",random
6203,4,"[3763, 3521, 3681, 5577]",half_random
6204,4,"[1737, 6767, 2619, 6503]",sim_dissim
6205,4,"[6881, 1181, 5999, 6537]",random
6206,4,"[4301, 5843, 7734, 1273]",half_random
6207,4,"[1498, 3715, 5139, 6244]",sim_dissim
6208,4,"[1189, 288, 4517, 2943]",random
6209,4,"[2222, 895, 7110, 4212]",half_random
6210,4,"[5326, 1907, 5023, 3382]",sim_dissim
6211,4,"[2930, 3860, 145, 70]",random
6212,4,"[1324, 5253, 1351, 4372]",half_random
6213,4,"[543, 5502, 7218, 626]",sim_dissim
6214,4,"[7965, 585, 5333, 1489]",random
6215,4,"[4458, 4712, 151, 4804]",half_random
6216,4,"[2156, 5476, 6528, 5502]",sim_dissim
6217,4,"[2250, 3618, 3466, 199]",random
6218,4,"[4780, 771, 1086, 1250]",half_random
6219,4,"[2156, 4003, 4138, 181]",sim_dissim
6220,4,"[4832, 6253, 7860, 5333]",random
6221,4,"[2981, 754, 6232, 1158]",half_random
6222,4,"[1211, 3838, 4921, 3376]",sim_dissim
6223,4,"[1902, 8120, 6911, 6550]",random
6224,4,"[3237, 6160, 4606, 3859]",half_random
6225,4,"[7444, 8150, 4254, 5630]",sim_dissim
6226,4,"[914, 5273, 750, 2825]",random
6227,4,"[3458, 4236, 3107, 143]",half_random
6228,4,"[6389, 1758, 5139, 2461]",sim_dissim
6229,4,"[702, 4164, 3486, 4530]",random
6230,4,"[2422, 2698, 7988, 2478]",half_random
6231,4,"[1945, 5745, 4730, 7243]",sim_dissim
6232,4,"[7200, 3549, 5966, 6871]",random
6233,4,"[5298, 7919, 5723, 5929]",half_random
6234,4,"[5450, 4514, 8297, 1907]",sim_dissim
6235,4,"[4328, 7278, 7175, 2284]",random
6236,4,"[6671, 7053, 3969, 4138]",half_random
6237,4,"[1127, 5502, 7444, 5898]",sim_dissim
6238,4,"[8281, 7930, 921, 6857]",random
6239,4,"[4251, 7257, 4348, 4804]",half_random
6240,4,"[5672, 5564, 5447, 3715]",sim_dissim
6241,4,"[2609, 6158, 3557, 7463]",random
6242,4,"[7909, 1298, 8051, 5307]",half_random
6243,4,"[463, 447, 3528, 1695]",sim_dissim
6244,4,"[2170, 4880, 6666, 1450]",random
6245,4,"[5876, 199, 5670, 5610]",half_random
6246,4,"[1164, 3046, 8142, 5502]",sim_dissim
6247,4,"[4511, 1252, 3938, 2115]",random
6248,4,"[40, 1978, 2606, 6073]",half_random
6249,4,"[6781, 3542, 692, 5302]",sim_dissim
6250,4,"[4544, 190, 3431, 2194]",random
6251,4,"[5264, 7197, 838, 435]",half_random
6252,4,"[3813, 4712, 1791, 4514]",sim_dissim
6253,4,"[706, 6811, 6173, 1590]",random
6254,4,"[1010, 244, 3595, 6016]",half_random
6255,4,"[4238, 271, 5173, 4255]",sim_dissim
6256,4,"[854, 6067, 6207, 5459]",random
6257,4,"[5343, 452, 8389, 7349]",half_random
6258,4,"[6962, 5687, 3026, 6663]",sim_dissim
6259,4,"[671, 750, 6855, 2332]",random
6260,4,"[463, 1773, 687, 2517]",half_random
6261,4,"[5886, 4514, 2591, 3376]",sim_dissim
6262,4,"[391, 6631, 6366, 893]",random
6263,4,"[2070, 5544, 8390, 6462]",half_random
6264,4,"[6804, 1758, 5139, 4208]",sim_dissim
6265,4,"[6974, 4451, 2796, 7363]",random
6266,4,"[5333, 452, 1017, 5450]",half_random
6267,4,"[7089, 7640, 7664, 5502]",sim_dissim
6268,4,"[189, 4012, 7839, 1409]",random
6269,4,"[7290, 7900, 5753, 7378]",half_random
6270,4,"[4921, 5173, 6660, 1461]",sim_dissim
6271,4,"[3971, 954, 8037, 3519]",random
6272,4,"[4711, 5513, 239, 1651]",half_random
6273,4,"[7091, 3428, 181, 8212]",sim_dissim
6274,4,"[4180, 6582, 1025, 4560]",random
6275,4,"[2874, 7114, 3009, 7027]",half_random
6276,4,"[7750, 1547, 5447, 2752]",sim_dissim
6277,4,"[5711, 6129, 6075, 4652]",random
6278,4,"[5079, 3958, 7359, 5269]",half_random
6279,4,"[4336, 276, 2156, 4255]",sim_dissim
6280,4,"[1388, 8243, 7007, 1040]",random
6281,4,"[5683, 8398, 326, 6696]",half_random
6282,4,"[5510, 340, 1800, 4146]",sim_dissim
6283,4,"[167, 3318, 6807, 3772]",random
6284,4,"[3715, 833, 5275, 4807]",half_random
6285,4,"[2156, 2561, 181, 8132]",sim_dissim
6286,4,"[6991, 1236, 3302, 624]",random
6287,4,"[7886, 80, 129, 7101]",half_random
6288,4,"[1737, 2619, 563, 7110]",sim_dissim
6289,4,"[5263, 4571, 7359, 1888]",random
6290,4,"[1992, 8278, 4604, 2456]",half_random
6291,4,"[7444, 5502, 657, 4622]",sim_dissim
6292,4,"[5090, 6880, 6881, 635]",random
6293,4,"[4809, 7285, 1956, 183]",half_random
6294,4,"[8227, 4921, 669, 3768]",sim_dissim
6295,4,"[5922, 2469, 3437, 6047]",random
6296,4,"[7374, 3201, 3333, 5677]",half_random
6297,4,"[181, 7444, 6804, 4208]",sim_dissim
6298,4,"[7478, 6462, 2339, 7744]",random
6299,4,"[7352, 2205, 6523, 6251]",half_random
6300,5,"[1758, 2401, 2156, 2299, 2299]",sim_dissim
6301,5,"[1160, 4633, 6542, 645, 7692]",random
6302,5,"[6762, 6844, 2800, 837, 7333]",half_random
6303,5,"[2156, 4255, 1211, 3838, 8325]",sim_dissim
6304,5,"[7243, 7971, 5428, 381, 6467]",random
6305,5,"[3239, 1915, 6228, 2656, 6879]",half_random
6306,5,"[7222, 7222, 1547, 3715, 7444]",sim_dissim
6307,5,"[543, 3739, 854, 230, 3900]",random
6308,5,"[3939, 4247, 949, 7029, 2779]",half_random
6309,5,"[1907, 1564, 8181, 8009, 5326]",sim_dissim
6310,5,"[2610, 8313, 1937, 4514, 131]",random
6311,5,"[2602, 6169, 6989, 618, 2517]",half_random
6312,5,"[5023, 5139, 4029, 7849, 2516]",sim_dissim
6313,5,"[5839, 4502, 3440, 8336, 1251]",random
6314,5,"[4377, 7087, 2812, 6478, 4706]",half_random
6315,5,"[1338, 2003, 4606, 5326, 7444]",sim_dissim
6316,5,"[8029, 575, 7298, 7089, 6005]",random
6317,5,"[1765, 2994, 4978, 4654, 6170]",half_random
6318,5,"[2270, 6564, 1127, 78, 4146]",sim_dissim
6319,5,"[3466, 7607, 5717, 5902, 256]",random
6320,5,"[4462, 7807, 3236, 7112, 7954]",half_random
6321,5,"[5326, 5447, 8289, 4845, 1338]",sim_dissim
6322,5,"[4023, 1696, 4902, 3548, 6301]",random
6323,5,"[3835, 4278, 1209, 5084, 7262]",half_random
6324,5,"[8132, 4207, 5502, 4278, 5447]",sim_dissim
6325,5,"[2928, 2172, 1358, 3707, 7229]",random
6326,5,"[296, 7063, 879, 2061, 6646]",half_random
6327,5,"[3613, 5763, 3559, 7664, 5502]",sim_dissim
6328,5,"[1490, 8012, 5476, 1248, 4106]",random
6329,5,"[1460, 1496, 7110, 6469, 638]",half_random
6330,5,"[4208, 852, 5240, 2783, 5173]",sim_dissim
6331,5,"[1329, 5227, 7496, 4607, 3147]",random
6332,5,"[2275, 4702, 1688, 3862, 7118]",half_random
6333,5,"[7444, 4207, 8132, 4278, 181]",sim_dissim
6334,5,"[7632, 1540, 6352, 3512, 8165]",random
6335,5,"[8074, 816, 8319, 7688, 122]",half_random
6336,5,"[4073, 4254, 2156, 5067, 2785]",sim_dissim
6337,5,"[3942, 7505, 7536, 6440, 164]",random
6338,5,"[3404, 1641, 1224, 2963, 7852]",half_random
6339,5,"[4876, 5687, 1200, 2156, 4255]",sim_dissim
6340,5,"[2148, 7785, 2368, 3191, 4896]",random
6341,5,"[3045, 6869, 3746, 7337, 1722]",half_random
6342,5,"[4146, 3325, 3838, 7975, 364]",sim_dissim
6343,5,"[6422, 7899, 2759, 2206, 516]",random
6344,5,"[4739, 6198, 1882, 5240, 5213]",half_random
6345,5,"[8088, 4463, 4222, 4255, 959]",sim_dissim
6346,5,"[1346, 7597, 4861, 988, 6972]",random
6347,5,"[3115, 407, 5609, 5540, 2956]",half_random
6348,5,"[1638, 30, 8135, 959, 181]",sim_dissim
6349,5,"[3035, 8303, 1755, 5003, 4168]",random
6350,5,"[199, 6146, 5247, 3842, 3925]",half_random
6351,5,"[8181, 1907, 5672, 8009, 4874]",sim_dissim
6352,5,"[5670, 6088, 7836, 886, 4818]",random
6353,5,"[1580, 6552, 705, 1409, 2601]",half_random
6354,5,"[181, 1907, 137, 306, 4736]",sim_dissim
6355,5,"[1473, 7644, 1331, 2963, 8133]",random
6356,5,"[1740, 3232, 1466, 54, 3811]",half_random
6357,5,"[4514, 4712, 1791, 4208, 3813]",sim_dissim
6358,5,"[2878, 2409, 2795, 6772, 6121]",random
6359,5,"[3540, 748, 3427, 7263, 4923]",half_random
6360,5,"[7640, 4927, 3613, 5502, 3974]",sim_dissim
6361,5,"[5028, 3619, 1123, 59, 6883]",random
6362,5,"[4785, 2950, 7717, 323, 6350]",half_random
6363,5,"[6302, 4003, 5502, 7444, 1417]",sim_dissim
6364,5,"[2660, 7706, 7421, 5196, 5107]",random
6365,5,"[794, 1004, 1841, 2067, 1211]",half_random
6366,5,"[463, 4696, 5968, 4353, 583]",sim_dissim
6367,5,"[3259, 1554, 5053, 6584, 7359]",random
6368,5,"[1283, 3520, 7657, 4818, 1737]",half_random
6369,5,"[209, 8212, 2461, 1758, 369]",sim_dissim
6370,5,"[3179, 1967, 6159, 3424, 1085]",random
6371,5,"[6352, 4024, 3884, 2707, 1283]",half_random
6372,5,"[1472, 7356, 7503, 5447, 680]",sim_dissim
6373,5,"[38, 4859, 5046, 1355, 5611]",random
6374,5,"[3996, 1166, 7437, 7367, 2681]",half_random
6375,5,"[3838, 7444, 181, 2319, 4323]",sim_dissim
6376,5,"[2310, 1786, 6108, 6552, 1187]",random
6377,5,"[900, 2557, 5458, 1186, 8338]",half_random
6378,5,"[8096, 5630, 594, 2752, 7444]",sim_dissim
6379,5,"[7295, 1103, 1290, 8247, 786]",random
6380,5,"[7681, 7058, 6017, 6957, 2005]",half_random
6381,5,"[1123, 5502, 4927, 5763, 2945]",sim_dissim
6382,5,"[4177, 5374, 3253, 7055, 4872]",random
6383,5,"[7486, 2802, 6432, 1990, 2992]",half_random
6384,5,"[8302, 7750, 2752, 7750, 959]",sim_dissim
6385,5,"[483, 7501, 4423, 2835, 5419]",random
6386,5,"[7141, 6259, 4493, 4519, 4719]",half_random
6387,5,"[7349, 2156, 5326, 3243, 827]",sim_dissim
6388,5,"[1066, 5601, 4972, 6616, 1433]",random
6389,5,"[1843, 4202, 4957, 7329, 7850]",half_random
6390,5,"[3542, 6548, 5173, 5883, 5302]",sim_dissim
6391,5,"[2999, 6191, 6755, 5631, 7935]",random
6392,5,"[6069, 2539, 6428, 2599, 7509]",half_random
6393,5,"[2156, 3761, 6976, 4255, 3463]",sim_dissim
6394,5,"[7831, 2321, 740, 2440, 4844]",random
6395,5,"[5036, 6690, 2759, 98, 8143]",half_random
6396,5,"[1945, 2087, 1737, 2087, 7243]",sim_dissim
6397,5,"[8180, 4930, 3065, 3651, 1649]",random
6398,5,"[1091, 7107, 4055, 2428, 2461]",half_random
6399,5,"[1123, 4927, 7444, 7987, 181]",sim_dissim
6400,5,"[4585, 5269, 1519, 1154, 1371]",random
6401,5,"[792, 4568, 733, 6414, 8071]",half_random
6402,5,"[2783, 8289, 4083, 4845, 4712]",sim_dissim
6403,5,"[2714, 3387, 2381, 3389, 948]",random
6404,5,"[4022, 5918, 3703, 8291, 864]",half_random
6405,5,"[3669, 7745, 7444, 1758, 1592]",sim_dissim
6406,5,"[1694, 2311, 3603, 762, 3780]",random
6407,5,"[7281, 1889, 5718, 2327, 5943]",half_random
6408,5,"[6418, 594, 181, 2156, 680]",sim_dissim
6409,5,"[7974, 1696, 6081, 836, 3290]",random
6410,5,"[7650, 2445, 6949, 3537, 4591]",half_random
6411,5,"[5763, 3542, 3559, 1123, 7089]",sim_dissim
6412,5,"[7291, 5884, 1774, 6710, 2138]",random
6413,5,"[384, 2578, 4161, 8279, 5293]",half_random
6414,5,"[1592, 1758, 2299, 4899, 8212]",sim_dissim
6415,5,"[5267, 5232, 4802, 1599, 1457]",random
6416,5,"[4019, 1426, 7503, 2573, 350]",half_random
6417,5,"[357, 1945, 357, 7218, 5502]",sim_dissim
6418,5,"[6627, 2848, 6758, 1667, 4259]",random
6419,5,"[4832, 2160, 3801, 8288, 5861]",half_random
6420,5,"[8088, 4222, 4921, 4463, 959]",sim_dissim
6421,5,"[1469, 1683, 4374, 3680, 6232]",random
6422,5,"[102, 886, 8319, 5538, 3926]",half_random
6423,5,"[4449, 5502, 276, 1923, 2156]",sim_dissim
6424,5,"[6628, 5016, 5128, 136, 7093]",random
6425,5,"[1885, 6634, 8251, 354, 4065]",half_random
6426,5,"[2792, 3496, 8212, 2783, 5818]",sim_dissim
6427,5,"[2345, 1807, 3880, 441, 3362]",random
6428,5,"[5218, 3833, 1238, 6398, 4607]",half_random
6429,5,"[7444, 169, 4514, 364, 2641]",sim_dissim
6430,5,"[7505, 5905, 740, 4420, 3168]",random
6431,5,"[288, 7442, 514, 7974, 8216]",half_random
6432,5,"[2945, 181, 6014, 6014, 4003]",sim_dissim
6433,5,"[5519, 7150, 7119, 4774, 3269]",random
6434,5,"[8293, 4557, 578, 3073, 1996]",half_random
6435,5,"[7087, 4259, 5335, 181, 669]",sim_dissim
6436,5,"[3351, 4092, 5472, 3725, 5653]",random
6437,5,"[3440, 6940, 4009, 233, 2908]",half_random
6438,5,"[463, 447, 3791, 1892, 5728]",sim_dissim
6439,5,"[4314, 5504, 4305, 3658, 2802]",random
6440,5,"[2797, 6444, 7152, 3344, 5734]",half_random
6441,5,"[4238, 3463, 271, 2156, 4255]",sim_dissim
6442,5,"[6305, 7170, 2676, 6790, 5428]",random
6443,5,"[5688, 5403, 4782, 329, 7159]",half_random
6444,5,"[7622, 181, 2123, 5447, 7349]",sim_dissim
6445,5,"[249, 3457, 3318, 1755, 1589]",random
6446,5,"[3414, 6479, 958, 903, 1390]",half_random
6447,5,"[3850, 6175, 543, 1737, 5510]",sim_dissim
6448,5,"[4772, 1311, 3553, 5969, 2740]",random
6449,5,"[3899, 3952, 2980, 776, 2572]",half_random
6450,5,"[4712, 762, 3182, 3715, 852]",sim_dissim
6451,5,"[8262, 7519, 743, 5751, 6563]",random
6452,5,"[2560, 4993, 5828, 3592, 5426]",half_random
6453,5,"[3542, 5603, 6503, 1945, 357]",sim_dissim
6454,5,"[543, 5248, 2899, 6958, 4586]",random
6455,5,"[16, 6573, 3110, 3124, 2184]",half_random
6456,5,"[1923, 2156, 5687, 2656, 5290]",sim_dissim
6457,5,"[3517, 4003, 4267, 7308, 7884]",random
6458,5,"[3192, 32, 8105, 5744, 5378]",half_random
6459,5,"[5745, 1373, 2477, 266, 7444]",sim_dissim
6460,5,"[7654, 7224, 5549, 4332, 788]",random
6461,5,"[1704, 7976, 1, 3828, 4287]",half_random
6462,5,"[3715, 7588, 5878, 6781, 3598]",sim_dissim
6463,5,"[4373, 5352, 4592, 270, 4412]",random
6464,5,"[1159, 3403, 1346, 6721, 1267]",half_random
6465,5,"[3715, 3598, 7588, 6781, 466]",sim_dissim
6466,5,"[3896, 1254, 4389, 4315, 5597]",random
6467,5,"[4797, 1558, 8286, 8083, 4803]",half_random
6468,5,"[5745, 30, 266, 959, 8135]",sim_dissim
6469,5,"[6792, 4025, 3463, 3345, 1127]",random
6470,5,"[4505, 1127, 277, 8056, 377]",half_random
6471,5,"[5173, 5240, 181, 5240, 5840]",sim_dissim
6472,5,"[2773, 6826, 5066, 3253, 5364]",random
6473,5,"[3755, 2838, 5776, 2688, 4430]",half_random
6474,5,"[762, 3813, 4712, 1758, 5840]",sim_dissim
6475,5,"[4986, 764, 7977, 7871, 1324]",random
6476,5,"[3506, 78, 2104, 3087, 6689]",half_random
6477,5,"[3850, 5502, 3850, 4024, 543]",sim_dissim
6478,5,"[2067, 3203, 2719, 1139, 7175]",random
6479,5,"[697, 4650, 1887, 2995, 3021]",half_random
6480,5,"[6244, 827, 2123, 5139, 3715]",sim_dissim
6481,5,"[7132, 7443, 7630, 4337, 4646]",random
6482,5,"[2992, 2040, 1705, 7437, 6096]",half_random
6483,5,"[2156, 7664, 4927, 3974, 5745]",sim_dissim
6484,5,"[3637, 331, 3241, 3427, 6860]",random
6485,5,"[4958, 3462, 2411, 7296, 6543]",half_random
6486,5,"[271, 2156, 6976, 340, 7337]",sim_dissim
6487,5,"[1573, 1412, 8167, 3486, 4788]",random
6488,5,"[3388, 266, 3269, 3547, 1967]",half_random
6489,5,"[2156, 3479, 1695, 4921, 7544]",sim_dissim
6490,5,"[1830, 2726, 6379, 4695, 6236]",random
6491,5,"[5210, 6661, 4740, 3956, 4388]",half_random
6492,5,"[4449, 276, 6265, 3026, 5502]",sim_dissim
6493,5,"[414, 4453, 8044, 7364, 6862]",random
6494,5,"[2777, 3705, 810, 3686, 1697]",half_random
6495,5,"[7444, 2299, 181, 2401, 7091]",sim_dissim
6496,5,"[420, 5530, 8314, 5578, 5922]",random
6497,5,"[5951, 5233, 7136, 1239, 6798]",half_random
6498,5,"[2783, 6389, 7444, 2792, 5228]",sim_dissim
6499,5,"[4403, 6898, 4904, 4222, 2745]",random
6500,5,"[1762, 7889, 4007, 1127, 285]",half_random
6501,5,"[5745, 4927, 3613, 3974, 3559]",sim_dissim
6502,5,"[465, 4399, 1538, 1973, 2844]",random
6503,5,"[450, 3266, 4857, 4118, 7924]",half_random
6504,5,"[5640, 6592, 8393, 4463, 4255]",sim_dissim
6505,5,"[3410, 4531, 1118, 7467, 35]",random
6506,5,"[2094, 6601, 5590, 3100, 1242]",half_random
6507,5,"[7985, 181, 7603, 3613, 7985]",sim_dissim
6508,5,"[7216, 7192, 59, 2629, 2104]",random
6509,5,"[6036, 1020, 4325, 2190, 6922]",half_random
6510,5,"[1792, 4874, 1907, 1916, 693]",sim_dissim
6511,5,"[4169, 4216, 1679, 5464, 1449]",random
6512,5,"[528, 8247, 971, 2976, 7259]",half_random
6513,5,"[3715, 959, 1883, 7808, 4029]",sim_dissim
6514,5,"[4381, 4112, 1636, 1781, 3905]",random
6515,5,"[614, 6224, 2689, 1560, 2534]",half_random
6516,5,"[4868, 3542, 6548, 6781, 692]",sim_dissim
6517,5,"[6375, 8145, 4527, 3520, 7354]",random
6518,5,"[549, 2675, 3127, 8380, 1967]",half_random
6519,5,"[959, 4874, 5886, 2591, 5886]",sim_dissim
6520,5,"[5915, 2032, 8165, 5597, 1414]",random
6521,5,"[674, 7662, 3002, 4656, 2291]",half_random
6522,5,"[2156, 3768, 4921, 6180, 7087]",sim_dissim
6523,5,"[6188, 6252, 6858, 816, 2733]",random
6524,5,"[6509, 3834, 2301, 6102, 6804]",half_random
6525,5,"[1737, 435, 2463, 563, 1060]",sim_dissim
6526,5,"[2413, 94, 4993, 2079, 7576]",random
6527,5,"[4343, 7587, 2656, 2716, 150]",half_random
6528,5,"[181, 5139, 3382, 6378, 5023]",sim_dissim
6529,5,"[4988, 3235, 3330, 6522, 1354]",random
6530,5,"[512, 3077, 4379, 3170, 7774]",half_random
6531,5,"[5228, 2792, 2792, 2156, 3715]",sim_dissim
6532,5,"[5163, 5920, 2868, 769, 8248]",random
6533,5,"[3723, 5879, 5460, 3802, 6028]",half_random
6534,5,"[5067, 2785, 5657, 7444, 4254]",sim_dissim
6535,5,"[7224, 173, 4273, 7714, 4308]",random
6536,5,"[6035, 4140, 831, 357, 4293]",half_random
6537,5,"[181, 7089, 6976, 7985, 3463]",sim_dissim
6538,5,"[780, 1699, 5776, 7263, 7735]",random
6539,5,"[2006, 5291, 855, 819, 3217]",half_random
6540,5,"[7444, 6014, 6808, 2716, 181]",sim_dissim
6541,5,"[949, 5055, 5577, 3430, 275]",random
6542,5,"[6777, 5805, 4413, 5704, 6709]",half_random
6543,5,"[8132, 2561, 4255, 4207, 2156]",sim_dissim
6544,5,"[2515, 4075, 6162, 5921, 8144]",random
6545,5,"[5787, 7581, 734, 6575, 7383]",half_random
6546,5,"[2783, 2792, 7444, 5818, 5228]",sim_dissim
6547,5,"[4888, 2307, 3569, 7445, 6728]",random
6548,5,"[3480, 7413, 6890, 5248, 1121]",half_random
6549,5,"[2521, 5173, 5282, 3325, 6374]",sim_dissim
6550,5,"[635, 6296, 4554, 2571, 144]",random
6551,5,"[4127, 5385, 4720, 1826, 6908]",half_random
6552,5,"[3838, 2319, 1211, 4255, 5173]",sim_dissim
6553,5,"[3376, 2037, 3701, 7046, 73]",random
6554,5,"[1097, 4506, 618, 6201, 5485]",half_random
6555,5,"[4275, 7444, 8393, 4463, 4874]",sim_dissim
6556,5,"[8397, 1407, 499, 6839, 6284]",random
6557,5,"[3093, 1157, 499, 1222, 3721]",half_random
6558,5,"[3715, 5139, 852, 1791, 1791]",sim_dissim
6559,5,"[4884, 5510, 6992, 1586, 8232]",random
6560,5,"[658, 418, 5902, 5282, 6077]",half_random
6561,5,"[5502, 7243, 7817, 7218, 4730]",sim_dissim
6562,5,"[379, 2717, 2434, 6354, 4741]",random
6563,5,"[4040, 7859, 2793, 3932, 1908]",half_random
6564,5,"[4514, 6965, 8212, 1564, 8297]",sim_dissim
6565,5,"[2414, 7533, 7134, 7186, 2411]",random
6566,5,"[1338, 3457, 4762, 8327, 5950]",half_random
6567,5,"[5745, 1638, 8135, 30, 7444]",sim_dissim
6568,5,"[8238, 6883, 3474, 864, 6877]",random
6569,5,"[2617, 2339, 3580, 4600, 6164]",half_random
6570,5,"[1678, 6338, 3376, 4275, 181]",sim_dissim
6571,5,"[3104, 4274, 3097, 228, 603]",random
6572,5,"[565, 5564, 5775, 3247, 35]",half_random
6573,5,"[4259, 5502, 2156, 3181, 8389]",sim_dissim
6574,5,"[4849, 526, 3164, 1097, 1521]",random
6575,5,"[3610, 1774, 4592, 633, 2087]",half_random
6576,5,"[6374, 5447, 6374, 5502, 5282]",sim_dissim
6577,5,"[5890, 7972, 8389, 7790, 3962]",random
6578,5,"[6147, 831, 2716, 3910, 8358]",half_random
6579,5,"[4152, 4152, 5745, 78, 8212]",sim_dissim
6580,5,"[4710, 1993, 1655, 7479, 2738]",random
6581,5,"[3855, 7014, 5325, 4753, 5694]",half_random
6582,5,"[2783, 4845, 4083, 4606, 5139]",sim_dissim
6583,5,"[4595, 2257, 2079, 7271, 50]",random
6584,5,"[1615, 1387, 8120, 1570, 214]",half_random
6585,5,"[2805, 3987, 2451, 4921, 7444]",sim_dissim
6586,5,"[1791, 4812, 7315, 3443, 2463]",random
6587,5,"[4764, 7381, 3781, 1582, 508]",half_random
6588,5,"[8212, 8297, 8009, 7752, 4874]",sim_dissim
6589,5,"[4020, 7798, 2003, 5274, 7923]",random
6590,5,"[4545, 7372, 2352, 3064, 6131]",half_random
6591,5,"[7867, 3715, 4712, 7867, 4083]",sim_dissim
6592,5,"[5228, 1605, 1938, 6474, 6791]",random
6593,5,"[2505, 2233, 1177, 2381, 7575]",half_random
6594,5,"[3669, 3669, 3325, 2156, 7745]",sim_dissim
6595,5,"[7318, 722, 2793, 7156, 2287]",random
6596,5,"[482, 5234, 1905, 7611, 3289]",half_random
6597,5,"[3850, 563, 1737, 4001, 2463]",sim_dissim
6598,5,"[1810, 5723, 1312, 1557, 6578]",random
6599,5,"[7754, 6115, 2376, 4173, 1077]",half_random
6600,5,"[3479, 3791, 5502, 6528, 463]",sim_dissim
6601,5,"[232, 7854, 6814, 3754, 28]",random
6602,5,"[2021, 3069, 7946, 2992, 444]",half_random
6603,5,"[2270, 2156, 2008, 124, 2013]",sim_dissim
6604,5,"[5439, 4020, 6711, 6012, 2522]",random
6605,5,"[2284, 7621, 2051, 4202, 1112]",half_random
6606,5,"[2641, 1211, 3376, 169, 4514]",sim_dissim
6607,5,"[7154, 7870, 3646, 7052, 1363]",random
6608,5,"[237, 3453, 6007, 2081, 664]",half_random
6609,5,"[8088, 1250, 4514, 2591, 5173]",sim_dissim
6610,5,"[5481, 4982, 1772, 888, 4446]",random
6611,5,"[8226, 2708, 4129, 5789, 6369]",half_random
6612,5,"[959, 8088, 4874, 1250, 5886]",sim_dissim
6613,5,"[7373, 2397, 5060, 5963, 6804]",random
6614,5,"[2064, 6588, 2914, 6996, 3555]",half_random
6615,5,"[2945, 7987, 3974, 5502, 8267]",sim_dissim
6616,5,"[6096, 4652, 4970, 5975, 7931]",random
6617,5,"[7724, 1285, 7364, 5605, 7857]",half_random
6618,5,"[2451, 4255, 959, 1483, 2149]",sim_dissim
6619,5,"[3699, 6290, 5931, 8391, 7813]",random
6620,5,"[2418, 1633, 2042, 7728, 6941]",half_random
6621,5,"[5326, 2123, 5863, 5640, 2123]",sim_dissim
6622,5,"[7720, 8196, 1088, 1737, 3827]",random
6623,5,"[4118, 7671, 7299, 493, 5535]",half_random
6624,5,"[7087, 5173, 4921, 8389, 3768]",sim_dissim
6625,5,"[3969, 6358, 8323, 4876, 5081]",random
6626,5,"[7654, 3607, 6405, 215, 3338]",half_random
6627,5,"[1250, 959, 4463, 4921, 3110]",sim_dissim
6628,5,"[1301, 1708, 3361, 6837, 1006]",random
6629,5,"[494, 7472, 871, 4865, 7945]",half_random
6630,5,"[4606, 7444, 3715, 1338, 4083]",sim_dissim
6631,5,"[5817, 4309, 3456, 8078, 2367]",random
6632,5,"[4464, 4449, 7081, 5661, 7868]",half_random
6633,5,"[2591, 3110, 4921, 4463, 2156]",sim_dissim
6634,5,"[60, 453, 3295, 4463, 3804]",random
6635,5,"[6685, 5173, 6879, 7322, 3514]",half_random
6636,5,"[181, 5173, 762, 4208, 886]",sim_dissim
6637,5,"[1488, 7574, 2181, 7310, 2568]",random
6638,5,"[6531, 3993, 1355, 4345, 4994]",half_random
6639,5,"[1472, 7503, 8150, 5447, 7503]",sim_dissim
6640,5,"[7093, 2692, 6961, 3985, 7358]",random
6641,5,"[8139, 3839, 674, 165, 930]",half_random
6642,5,"[4921, 3761, 271, 2156, 7603]",sim_dissim
6643,5,"[380, 6773, 5889, 2824, 6209]",random
6644,5,"[6247, 4546, 5195, 807, 7806]",half_random
6645,5,"[181, 5335, 2313, 3318, 5335]",sim_dissim
6646,5,"[6994, 5167, 4054, 5074, 4131]",random
6647,5,"[8255, 7145, 2331, 6823, 1156]",half_random
6648,5,"[4712, 5588, 4921, 5657, 564]",sim_dissim
6649,5,"[7761, 357, 3932, 1727, 2993]",random
6650,5,"[8391, 4322, 7017, 2535, 5520]",half_random
6651,5,"[435, 340, 4146, 5510, 6175]",sim_dissim
6652,5,"[8, 1437, 6092, 5237, 2130]",random
6653,5,"[5540, 7416, 6885, 2040, 3759]",half_random
6654,5,"[3243, 5139, 4921, 6244, 7622]",sim_dissim
6655,5,"[7178, 2649, 1309, 346, 1931]",random
6656,5,"[1293, 6317, 7923, 5644, 3734]",half_random
6657,5,"[3613, 2722, 3479, 5728, 7544]",sim_dissim
6658,5,"[6277, 2277, 7722, 5841, 4445]",random
6659,5,"[2216, 4428, 4249, 32, 3102]",half_random
6660,5,"[8212, 7745, 1592, 3428, 1758]",sim_dissim
6661,5,"[1419, 8250, 7570, 3636, 256]",random
6662,5,"[4851, 5303, 6088, 7925, 3213]",half_random
6663,5,"[5564, 8009, 8297, 2783, 7444]",sim_dissim
6664,5,"[3254, 3417, 1553, 7168, 5013]",random
6665,5,"[3157, 783, 1270, 3050, 8340]",half_random
6666,5,"[1907, 6619, 4514, 4736, 5543]",sim_dissim
6667,5,"[7932, 3575, 7882, 1302, 2003]",random
6668,5,"[6149, 1874, 6755, 1810, 1233]",half_random
6669,5,"[5173, 4514, 5840, 3182, 852]",sim_dissim
6670,5,"[2688, 6988, 2314, 7407, 6779]",random
6671,5,"[7756, 5691, 6665, 473, 7546]",half_random
6672,5,"[5510, 7110, 340, 7110, 4001]",sim_dissim
6673,5,"[1717, 5026, 4448, 654, 6952]",random
6674,5,"[5303, 7758, 337, 7697, 5811]",half_random
6675,5,"[959, 4874, 2969, 3554, 1250]",sim_dissim
6676,5,"[3144, 4338, 8390, 5179, 6481]",random
6677,5,"[5589, 4673, 7027, 3438, 2438]",half_random
6678,5,"[6302, 1417, 7441, 2156, 4138]",sim_dissim
6679,5,"[1280, 2006, 5030, 3376, 5776]",random
6680,5,"[7949, 2722, 973, 1588, 5359]",half_random
6681,5,"[1737, 563, 6175, 4001, 3625]",sim_dissim
6682,5,"[4344, 6505, 1138, 6916, 6855]",random
6683,5,"[6854, 60, 3415, 285, 7777]",half_random
6684,5,"[3428, 6970, 2156, 6037, 3325]",sim_dissim
6685,5,"[1898, 2328, 7685, 5999, 4348]",random
6686,5,"[3852, 7659, 5153, 4478, 6386]",half_random
6687,5,"[5745, 5878, 7588, 3598, 466]",sim_dissim
6688,5,"[8278, 1627, 2877, 3010, 5867]",random
6689,5,"[3761, 6813, 4140, 6181, 191]",half_random
6690,5,"[5502, 7893, 7893, 959, 6808]",sim_dissim
6691,5,"[3036, 1084, 5466, 793, 4456]",random
6692,5,"[2313, 3543, 7221, 6033, 4382]",half_random
6693,5,"[2156, 5290, 4449, 4876, 276]",sim_dissim
6694,5,"[7539, 4103, 8079, 437, 5527]",random
6695,5,"[8307, 2057, 1931, 1520, 7956]",half_random
6696,5,"[3715, 4712, 4208, 6804, 5840]",sim_dissim
6697,5,"[4960, 5432, 3722, 7467, 7419]",random
6698,5,"[5980, 462, 4580, 7423, 5958]",half_random
6699,5,"[4845, 5936, 5326, 4712, 5924]",sim_dissim
6700,5,"[203, 7764, 6456, 1960, 6961]",random
6701,5,"[8102, 2526, 6172, 6916, 6132]",half_random
6702,5,"[1923, 1200, 4449, 5290, 959]",sim_dissim
6703,5,"[4943, 8031, 4236, 3105, 3845]",random
6704,5,"[1973, 1989, 5619, 3728, 2218]",half_random
6705,5,"[7808, 3715, 7444, 4029, 7849]",sim_dissim
6706,5,"[5453, 1395, 6976, 1930, 1929]",random
6707,5,"[3200, 4175, 7263, 2278, 770]",half_random
6708,5,"[4259, 4259, 4353, 3528, 463]",sim_dissim
6709,5,"[2545, 2476, 6745, 3257, 7194]",random
6710,5,"[6168, 3722, 1509, 3293, 6865]",half_random
6711,5,"[435, 1060, 340, 5510, 5510]",sim_dissim
6712,5,"[3755, 26, 2865, 109, 8056]",random
6713,5,"[2420, 5638, 654, 4369, 2382]",half_random
6714,5,"[181, 2759, 2451, 2149, 959]",sim_dissim
6715,5,"[5998, 5027, 2176, 6948, 4787]",random
6716,5,"[3833, 2445, 6891, 6910, 2872]",half_random
6717,5,"[4152, 6110, 4146, 3342, 5898]",sim_dissim
6718,5,"[8232, 7925, 6370, 248, 4887]",random
6719,5,"[1576, 6011, 6957, 5561, 8397]",half_random
6720,5,"[7356, 8096, 4254, 7503, 5447]",sim_dissim
6721,5,"[12, 1192, 2659, 6339, 3346]",random
6722,5,"[6890, 1464, 8071, 4315, 3801]",half_random
6723,5,"[2013, 2722, 463, 186, 124]",sim_dissim
6724,5,"[8257, 3594, 4704, 1876, 7574]",random
6725,5,"[5231, 3029, 7224, 6279, 6317]",half_random
6726,5,"[6244, 181, 6244, 2156, 2123]",sim_dissim
6727,5,"[2501, 230, 5243, 1404, 1807]",random
6728,5,"[3666, 2577, 5192, 531, 3884]",half_random
6729,5,"[3838, 7975, 169, 4255, 2156]",sim_dissim
6730,5,"[3230, 1849, 562, 4820, 4969]",random
6731,5,"[5720, 5305, 5198, 5376, 7589]",half_random
6732,5,"[2783, 5936, 1907, 5924, 7867]",sim_dissim
6733,5,"[223, 1834, 7877, 7281, 8228]",random
6734,5,"[4986, 8265, 7638, 1526, 22]",half_random
6735,5,"[1127, 6110, 6564, 5745, 8212]",sim_dissim
6736,5,"[4866, 6, 2553, 3982, 6412]",random
6737,5,"[2135, 3675, 3590, 7853, 560]",half_random
6738,5,"[1461, 5173, 2759, 7346, 5326]",sim_dissim
6739,5,"[2222, 5927, 6649, 5005, 3887]",random
6740,5,"[5010, 6988, 7630, 7541, 3966]",half_random
6741,5,"[6528, 5476, 463, 2722, 5476]",sim_dissim
6742,5,"[5519, 3696, 3604, 805, 4358]",random
6743,5,"[693, 6834, 4481, 2607, 5936]",half_random
6744,5,"[8026, 2156, 6374, 6374, 3325]",sim_dissim
6745,5,"[7972, 547, 2121, 1939, 3688]",random
6746,5,"[3491, 1439, 7774, 5352, 6918]",half_random
6747,5,"[594, 6418, 4254, 7356, 959]",sim_dissim
6748,5,"[1093, 2814, 6470, 3858, 7129]",random
6749,5,"[5451, 5528, 4651, 6075, 787]",half_random
6750,5,"[2123, 5139, 3571, 5863, 181]",sim_dissim
6751,5,"[455, 1577, 1669, 467, 1580]",random
6752,5,"[2848, 6303, 8297, 7223, 7429]",half_random
6753,5,"[7867, 7444, 7867, 3715, 2003]",sim_dissim
6754,5,"[3478, 4081, 309, 871, 2680]",random
6755,5,"[6277, 2725, 1049, 3308, 5009]",half_random
6756,5,"[2156, 7337, 7603, 4238, 340]",sim_dissim
6757,5,"[2361, 321, 273, 2716, 1971]",random
6758,5,"[2993, 394, 2023, 1483, 5645]",half_random
6759,5,"[8289, 7867, 7444, 4083, 4874]",sim_dissim
6760,5,"[1776, 1900, 4890, 861, 1634]",random
6761,5,"[2276, 3089, 4395, 3192, 1546]",half_random
6762,5,"[3542, 3598, 5883, 5302, 466]",sim_dissim
6763,5,"[2573, 1569, 4240, 3382, 2522]",random
6764,5,"[4367, 42, 6739, 3636, 6174]",half_random
6765,5,"[2156, 5326, 7349, 2123, 827]",sim_dissim
6766,5,"[6372, 3851, 5400, 5684, 4021]",random
6767,5,"[3661, 4858, 4667, 4148, 5620]",half_random
6768,5,"[3496, 5818, 5036, 7444, 2783]",sim_dissim
6769,5,"[6912, 2834, 4787, 7192, 566]",random
6770,5,"[3299, 7617, 4057, 6480, 7287]",half_random
6771,5,"[693, 306, 4874, 1907, 4736]",sim_dissim
6772,5,"[2112, 3433, 7213, 4936, 5926]",random
6773,5,"[4955, 3755, 2122, 7470, 2452]",half_random
6774,5,"[7975, 8325, 2641, 4921, 4146]",sim_dissim
6775,5,"[6351, 2123, 1301, 2467, 1716]",random
6776,5,"[5037, 1279, 6963, 5365, 7851]",half_random
6777,5,"[8289, 5924, 1907, 3715, 4606]",sim_dissim
6778,5,"[1802, 7990, 5604, 2431, 3496]",random
6779,5,"[4243, 6354, 3641, 7801, 4839]",half_random
6780,5,"[8142, 4152, 1127, 2270, 7444]",sim_dissim
6781,5,"[3525, 820, 3009, 7311, 1908]",random
6782,5,"[7478, 3329, 861, 1247, 7608]",half_random
6783,5,"[2785, 564, 5657, 2156, 181]",sim_dissim
6784,5,"[504, 4007, 5877, 1415, 6592]",random
6785,5,"[1328, 84, 2324, 5211, 4562]",half_random
6786,5,"[6418, 5630, 2156, 594, 1472]",sim_dissim
6787,5,"[8319, 2438, 3397, 6658, 1675]",random
6788,5,"[1563, 4212, 2748, 6471, 3369]",half_random
6789,5,"[137, 2156, 5503, 5503, 3715]",sim_dissim
6790,5,"[6358, 7902, 4982, 7309, 6855]",random
6791,5,"[156, 4150, 3361, 1840, 6977]",half_random
6792,5,"[7588, 3715, 5878, 5602, 6781]",sim_dissim
6793,5,"[3836, 5713, 219, 3501, 5797]",random
6794,5,"[2901, 1869, 2803, 8001, 1887]",half_random
6795,5,"[4336, 6265, 181, 4876, 1200]",sim_dissim
6796,5,"[4822, 5107, 2312, 6207, 4966]",random
6797,5,"[1912, 1453, 748, 1958, 1643]",half_random
6798,5,"[5173, 3325, 4207, 8026, 2521]",sim_dissim
6799,5,"[753, 6193, 528, 8109, 605]",random
6800,5,"[6963, 317, 1835, 5105, 6045]",half_random
6801,5,"[6988, 435, 4146, 563, 6175]",sim_dissim
6802,5,"[7201, 2655, 5568, 7640, 7840]",random
6803,5,"[1277, 616, 2334, 4781, 4510]",half_random
6804,5,"[4003, 6302, 2945, 181, 6014]",sim_dissim
6805,5,"[1034, 8118, 7189, 6545, 1702]",random
6806,5,"[3649, 7088, 6318, 7939, 7606]",half_random
6807,5,"[2087, 1737, 7243, 7817, 1043]",sim_dissim
6808,5,"[4792, 8363, 5709, 817, 4122]",random
6809,5,"[4625, 7824, 2838, 3255, 1309]",half_random
6810,5,"[959, 8096, 5630, 680, 181]",sim_dissim
6811,5,"[7863, 7201, 6942, 134, 1146]",random
6812,5,"[5680, 7368, 35, 4478, 6668]",half_random
6813,5,"[4927, 5310, 2156, 5502, 7987]",sim_dissim
6814,5,"[6555, 7899, 5159, 1811, 8239]",random
6815,5,"[6551, 7212, 6894, 3115, 4320]",half_random
6816,5,"[7444, 4931, 4003, 3093, 4454]",sim_dissim
6817,5,"[2551, 5210, 8242, 945, 5573]",random
6818,5,"[4896, 5525, 6648, 2427, 1859]",half_random
6819,5,"[2123, 7444, 5863, 827, 4514]",sim_dissim
6820,5,"[2817, 437, 3489, 5068, 5635]",random
6821,5,"[6005, 568, 2450, 3307, 3458]",half_random
6822,5,"[1564, 2783, 1907, 6965, 5564]",sim_dissim
6823,5,"[2401, 4133, 6129, 6875, 550]",random
6824,5,"[6647, 8375, 5060, 4604, 5992]",half_random
6825,5,"[2156, 6418, 8096, 4254, 5630]",sim_dissim
6826,5,"[3137, 905, 5019, 5340, 5943]",random
6827,5,"[4866, 3834, 7980, 6035, 2959]",half_random
6828,5,"[1564, 2783, 5672, 7444, 6965]",sim_dissim
6829,5,"[3432, 1131, 6455, 5544, 3069]",random
6830,5,"[5341, 219, 3236, 2188, 5906]",half_random
6831,5,"[4024, 340, 7110, 4001, 563]",sim_dissim
6832,5,"[7319, 1534, 2221, 345, 6700]",random
6833,5,"[6854, 6640, 6600, 870, 7626]",half_random
6834,5,"[5745, 266, 7490, 7444, 8135]",sim_dissim
6835,5,"[65, 4010, 3468, 1425, 1630]",random
6836,5,"[2978, 1036, 7355, 7388, 1534]",half_random
6837,5,"[5139, 5924, 5936, 1338, 3715]",sim_dissim
6838,5,"[4015, 2791, 7360, 1331, 4483]",random
6839,5,"[5057, 5262, 5018, 2776, 5146]",half_random
6840,5,"[6503, 1737, 7817, 6767, 5603]",sim_dissim
6841,5,"[7561, 6647, 862, 5990, 979]",random
6842,5,"[3714, 7010, 250, 5213, 5658]",half_random
6843,5,"[6503, 357, 5745, 543, 1043]",sim_dissim
6844,5,"[5441, 5953, 7946, 5654, 3065]",random
6845,5,"[5090, 8329, 6913, 8040, 348]",half_random
6846,5,"[5510, 5502, 4001, 435, 5510]",sim_dissim
6847,5,"[2046, 2548, 653, 5198, 2815]",random
6848,5,"[1756, 7705, 7204, 811, 6461]",half_random
6849,5,"[2319, 4146, 2641, 364, 4921]",sim_dissim
6850,5,"[190, 3279, 1889, 6432, 2925]",random
6851,5,"[5453, 8223, 6040, 8052, 7120]",half_random
6852,5,"[2477, 692, 220, 3715, 1415]",sim_dissim
6853,5,"[5061, 4889, 121, 2709, 6916]",random
6854,5,"[4853, 7836, 2920, 2744, 8138]",half_random
6855,5,"[4868, 3542, 466, 5173, 5878]",sim_dissim
6856,5,"[4818, 5418, 417, 5853, 2539]",random
6857,5,"[4424, 2217, 4850, 5174, 6808]",half_random
6858,5,"[5924, 1338, 8289, 4514, 5447]",sim_dissim
6859,5,"[6421, 2319, 3152, 3767, 7595]",random
6860,5,"[1111, 3386, 446, 1226, 2707]",half_random
6861,5,"[1150, 5326, 5447, 8009, 8297]",sim_dissim
6862,5,"[1857, 5385, 167, 4336, 2370]",random
6863,5,"[2700, 3399, 6142, 6749, 5242]",half_random
6864,5,"[3376, 1250, 3554, 1250, 4255]",sim_dissim
6865,5,"[5747, 1562, 2046, 6328, 1195]",random
6866,5,"[1810, 2565, 2432, 4347, 3641]",half_random
6867,5,"[3838, 364, 2156, 4514, 4323]",sim_dissim
6868,5,"[2793, 4553, 2881, 2689, 3912]",random
6869,5,"[3979, 3272, 7885, 245, 8394]",half_random
6870,5,"[3715, 2003, 4083, 8289, 5139]",sim_dissim
6871,5,"[1884, 5581, 1232, 5268, 6754]",random
6872,5,"[3042, 1542, 7912, 4925, 4344]",half_random
6873,5,"[6804, 7444, 5840, 3715, 6804]",sim_dissim
6874,5,"[3323, 1569, 7687, 7489, 5852]",random
6875,5,"[835, 1491, 4133, 6323, 1333]",half_random
6876,5,"[8316, 7503, 8150, 181, 959]",sim_dissim
6877,5,"[5803, 2050, 5013, 1504, 7645]",random
6878,5,"[5676, 5123, 4031, 1776, 5997]",half_random
6879,5,"[692, 6548, 5302, 2095, 6619]",sim_dissim
6880,5,"[2570, 4532, 6640, 7967, 6985]",random
6881,5,"[35, 380, 1569, 5356, 1284]",half_random
6882,5,"[7893, 4138, 7444, 4931, 2716]",sim_dissim
6883,5,"[718, 5115, 524, 17, 492]",random
6884,5,"[5499, 2392, 233, 4942, 6010]",half_random
6885,5,"[4463, 4255, 1213, 7629, 959]",sim_dissim
6886,5,"[3013, 8239, 5102, 2634, 22]",random
6887,5,"[5276, 6894, 6713, 7639, 8309]",half_random
6888,5,"[8026, 4467, 4921, 8132, 959]",sim_dissim
6889,5,"[2406, 2799, 3186, 2447, 3735]",random
6890,5,"[106, 6638, 3665, 3766, 4294]",half_random
6891,5,"[1892, 5502, 5476, 1695, 2156]",sim_dissim
6892,5,"[2887, 499, 2925, 1503, 5592]",random
6893,5,"[1062, 6847, 571, 6154, 230]",half_random
6894,5,"[5502, 7715, 5447, 7980, 8302]",sim_dissim
6895,5,"[2095, 589, 5734, 963, 3318]",random
6896,5,"[3755, 7813, 5779, 7878, 6602]",half_random
6897,5,"[3110, 2156, 1213, 8088, 4255]",sim_dissim
6898,5,"[1039, 4581, 3023, 4976, 1313]",random
6899,5,"[1019, 1978, 6957, 3229, 5413]",half_random
6900,5,"[3110, 7444, 7629, 4255, 243]",sim_dissim
6901,5,"[1643, 185, 344, 248, 7971]",random
6902,5,"[2848, 7052, 3751, 6555, 6721]",half_random
6903,5,"[1883, 5023, 3715, 1907, 7849]",sim_dissim
6904,5,"[1078, 8249, 4069, 6423, 8194]",random
6905,5,"[7606, 4174, 882, 3627, 5603]",half_random
6906,5,"[5173, 2013, 5968, 4696, 2722]",sim_dissim
6907,5,"[842, 6623, 2348, 5688, 7399]",random
6908,5,"[6843, 450, 5238, 1391, 2999]",half_random
6909,5,"[3428, 7091, 6970, 4712, 4514]",sim_dissim
6910,5,"[2672, 8006, 2920, 1863, 8175]",random
6911,5,"[3694, 3101, 7006, 8072, 7091]",half_random
6912,5,"[4921, 4238, 7603, 3613, 7985]",sim_dissim
6913,5,"[2367, 6924, 6819, 4894, 2448]",random
6914,5,"[2596, 3443, 5462, 183, 1954]",half_random
6915,5,"[5745, 7218, 626, 6503, 1945]",sim_dissim
6916,5,"[6956, 5730, 470, 7361, 3592]",random
6917,5,"[6038, 1961, 7439, 6521, 3546]",half_random
6918,5,"[3111, 4029, 1907, 4029, 4514]",sim_dissim
6919,5,"[7367, 1184, 619, 1122, 4876]",random
6920,5,"[4408, 6648, 7384, 1473, 3709]",half_random
6921,5,"[169, 3376, 4921, 169, 7975]",sim_dissim
6922,5,"[6140, 4810, 3932, 7289, 7451]",random
6923,5,"[4422, 7350, 5296, 2109, 981]",half_random
6924,5,"[543, 357, 5745, 6503, 1043]",sim_dissim
6925,5,"[6578, 2062, 1643, 3774, 5479]",random
6926,5,"[4827, 682, 1862, 5939, 7867]",half_random
6927,5,"[6592, 6338, 1678, 7444, 3715]",sim_dissim
6928,5,"[5709, 1191, 7210, 7330, 6664]",random
6929,5,"[37, 1701, 955, 6077, 7466]",half_random
6930,5,"[1250, 4275, 4463, 5640, 4874]",sim_dissim
6931,5,"[1730, 6382, 1794, 3580, 7211]",random
6932,5,"[6706, 193, 3221, 8271, 8040]",half_random
6933,5,"[1200, 181, 959, 5687, 4336]",sim_dissim
6934,5,"[7575, 3682, 7455, 7786, 5080]",random
6935,5,"[341, 1975, 3153, 4782, 8370]",half_random
6936,5,"[181, 959, 8393, 4275, 6592]",sim_dissim
6937,5,"[3191, 422, 7008, 5555, 8228]",random
6938,5,"[2805, 1286, 200, 7631, 915]",half_random
6939,5,"[4712, 4083, 8289, 4845, 4874]",sim_dissim
6940,5,"[5408, 577, 516, 2388, 519]",random
6941,5,"[3593, 3440, 3980, 544, 2955]",half_random
6942,5,"[1417, 6302, 2156, 7441, 6014]",sim_dissim
6943,5,"[3885, 2710, 2990, 4290, 421]",random
6944,5,"[102, 557, 5289, 5419, 2804]",half_random
6945,5,"[4255, 564, 7931, 6918, 2156]",sim_dissim
6946,5,"[8175, 7880, 5179, 316, 1312]",random
6947,5,"[3434, 6760, 7625, 1348, 5150]",half_random
6948,5,"[3110, 181, 2591, 243, 5173]",sim_dissim
6949,5,"[949, 713, 4834, 4854, 3996]",random
6950,5,"[4907, 5714, 3021, 6367, 6243]",half_random
6951,5,"[827, 5640, 3715, 5863, 1443]",sim_dissim
6952,5,"[3179, 1614, 2171, 3022, 5460]",random
6953,5,"[713, 7687, 3594, 2966, 5015]",half_random
6954,5,"[3382, 6378, 3898, 237, 5326]",sim_dissim
6955,5,"[3294, 3397, 5612, 1215, 802]",random
6956,5,"[363, 6736, 4752, 2851, 6532]",half_random
6957,5,"[2013, 2013, 669, 5968, 4353]",sim_dissim
6958,5,"[1287, 6706, 4379, 2901, 1731]",random
6959,5,"[6917, 2456, 1513, 6399, 4070]",half_random
6960,5,"[959, 1483, 2759, 1866, 4255]",sim_dissim
6961,5,"[8020, 2548, 3619, 900, 8227]",random
6962,5,"[4614, 3964, 6823, 3605, 32]",half_random
6963,5,"[7629, 243, 243, 2156, 181]",sim_dissim
6964,5,"[3860, 7808, 6338, 8068, 6410]",random
6965,5,"[4253, 1739, 6453, 1909, 7465]",half_random
6966,5,"[4238, 4255, 2156, 7603, 6976]",sim_dissim
6967,5,"[7717, 706, 1245, 622, 409]",random
6968,5,"[4315, 2500, 2292, 1637, 1182]",half_random
6969,5,"[1678, 3715, 3554, 3376, 3110]",sim_dissim
6970,5,"[930, 3199, 3105, 6035, 5190]",random
6971,5,"[6570, 6079, 4778, 3421, 3389]",half_random
6972,5,"[4146, 1211, 364, 169, 3325]",sim_dissim
6973,5,"[149, 5224, 6052, 3115, 1296]",random
6974,5,"[8379, 4366, 2600, 8026, 1161]",half_random
6975,5,"[2087, 2619, 5745, 626, 1043]",sim_dissim
6976,5,"[8361, 5305, 5979, 111, 3913]",random
6977,5,"[4057, 5879, 305, 2417, 5203]",half_random
6978,5,"[3715, 7444, 5863, 3571, 1498]",sim_dissim
6979,5,"[376, 592, 3386, 6024, 7038]",random
6980,5,"[4280, 75, 258, 5837, 2201]",half_random
6981,5,"[5290, 2656, 1923, 6265, 4336]",sim_dissim
6982,5,"[1877, 2699, 2449, 4303, 4241]",random
6983,5,"[4181, 7594, 2938, 5227, 751]",half_random
6984,5,"[2477, 181, 7490, 692, 1638]",sim_dissim
6985,5,"[8368, 5379, 3282, 7247, 2410]",random
6986,5,"[2070, 1767, 200, 7446, 3507]",half_random
6987,5,"[4024, 2619, 1800, 7110, 6988]",sim_dissim
6988,5,"[2238, 7298, 7555, 5028, 7665]",random
6989,5,"[7295, 5682, 1094, 2472, 2208]",half_random
6990,5,"[8132, 4255, 4278, 2156, 4207]",sim_dissim
6991,5,"[729, 5006, 205, 4758, 6494]",random
6992,5,"[1774, 1221, 4074, 4954, 6996]",half_random
6993,5,"[1338, 8289, 1338, 5447, 3715]",sim_dissim
6994,5,"[6904, 114, 762, 7710, 496]",random
6995,5,"[4992, 438, 1210, 624, 4460]",half_random
6996,5,"[3613, 3791, 5476, 5502, 1892]",sim_dissim
6997,5,"[2859, 5946, 8088, 2374, 552]",random
6998,5,"[5103, 8014, 7490, 4599, 7594]",half_random
6999,5,"[3428, 1758, 3428, 2401, 1843]",sim_dissim
7000,5,"[3350, 1450, 4538, 7779, 5455]",random
7001,5,"[203, 6895, 6712, 701, 7092]",half_random
7002,5,"[2656, 2656, 181, 1923, 6663]",sim_dissim
7003,5,"[7409, 2956, 7739, 6094, 1866]",random
7004,5,"[8322, 1269, 298, 1540, 2949]",half_random
7005,5,"[5657, 3325, 6918, 4712, 7931]",sim_dissim
7006,5,"[8313, 1187, 806, 4742, 4975]",random
7007,5,"[1889, 1182, 5671, 4309, 3593]",half_random
7008,5,"[181, 4467, 5282, 2561, 5447]",sim_dissim
7009,5,"[4337, 4219, 4080, 3396, 7390]",random
7010,5,"[4615, 8137, 1907, 6872, 7708]",half_random
7011,5,"[2656, 1923, 4449, 5290, 5173]",sim_dissim
7012,5,"[1469, 5038, 1359, 1572, 3613]",random
7013,5,"[6079, 4380, 3775, 5979, 7070]",half_random
7014,5,"[3376, 6338, 2969, 2969, 3715]",sim_dissim
7015,5,"[3931, 2464, 4922, 4947, 2045]",random
7016,5,"[4543, 8082, 893, 1145, 4550]",half_random
7017,5,"[4138, 2716, 3715, 4712, 4003]",sim_dissim
7018,5,"[217, 4681, 7134, 1593, 7754]",random
7019,5,"[5436, 6309, 4508, 8152, 8039]",half_random
7020,5,"[4921, 8227, 4259, 5173, 3768]",sim_dissim
7021,5,"[4844, 593, 8093, 6980, 1178]",random
7022,5,"[5953, 2974, 5088, 6805, 788]",half_random
7023,5,"[3542, 6767, 3613, 357, 4730]",sim_dissim
7024,5,"[2213, 2279, 5036, 5970, 5411]",random
7025,5,"[2939, 7664, 4756, 8048, 3788]",half_random
7026,5,"[8142, 657, 4146, 3046, 4514]",sim_dissim
7027,5,"[6206, 7445, 1259, 2869, 5379]",random
7028,5,"[5470, 3332, 1077, 4318, 153]",half_random
7029,5,"[4712, 5924, 5936, 4083, 4514]",sim_dissim
7030,5,"[7233, 1606, 3471, 5126, 1788]",random
7031,5,"[140, 3263, 8035, 1432, 1547]",half_random
7032,5,"[1483, 7346, 2451, 4921, 7444]",sim_dissim
7033,5,"[3093, 2044, 3987, 8032, 6741]",random
7034,5,"[2773, 349, 5913, 4279, 6869]",half_random
7035,5,"[4259, 447, 3528, 7544, 3613]",sim_dissim
7036,5,"[4601, 7670, 4182, 6706, 1781]",random
7037,5,"[7981, 5163, 3166, 2155, 4411]",half_random
7038,5,"[181, 357, 4730, 4730, 543]",sim_dissim
7039,5,"[5656, 6356, 7408, 2262, 4292]",random
7040,5,"[2729, 7282, 6314, 4791, 3783]",half_random
7041,5,"[5883, 5745, 5302, 7588, 5173]",sim_dissim
7042,5,"[2042, 1310, 246, 7302, 5623]",random
7043,5,"[6628, 4466, 4012, 3110, 6434]",half_random
7044,5,"[5240, 2156, 6804, 2783, 3182]",sim_dissim
7045,5,"[5081, 5872, 2870, 7365, 4557]",random
7046,5,"[6483, 5444, 528, 6141, 198]",half_random
7047,5,"[2783, 5840, 3813, 6804, 5139]",sim_dissim
7048,5,"[435, 3886, 1680, 2382, 1470]",random
7049,5,"[3233, 3961, 378, 8152, 5911]",half_random
7050,5,"[7817, 7218, 5603, 3542, 1043]",sim_dissim
7051,5,"[537, 3583, 1170, 2853, 4742]",random
7052,5,"[324, 3016, 5745, 4859, 1692]",half_random
7053,5,"[5936, 7444, 8289, 1346, 3715]",sim_dissim
7054,5,"[1174, 7713, 3933, 5059, 2238]",random
7055,5,"[4177, 5270, 3184, 3100, 6370]",half_random
7056,5,"[5139, 5326, 1498, 7622, 827]",sim_dissim
7057,5,"[3047, 1561, 7518, 3916, 6945]",random
7058,5,"[3712, 7152, 4693, 2045, 3690]",half_random
7059,5,"[1483, 959, 2805, 7346, 181]",sim_dissim
7060,5,"[2955, 2483, 2902, 8111, 680]",random
7061,5,"[6033, 344, 8296, 3649, 6785]",half_random
7062,5,"[2156, 3528, 5502, 1892, 5476]",sim_dissim
7063,5,"[5861, 3857, 5943, 266, 7852]",random
7064,5,"[4022, 4612, 1911, 1587, 6149]",half_random
7065,5,"[4712, 3087, 564, 3087, 4254]",sim_dissim
7066,5,"[7045, 4037, 3175, 8183, 3589]",random
7067,5,"[2191, 869, 2265, 7500, 6022]",half_random
7068,5,"[1415, 959, 266, 7490, 3715]",sim_dissim
7069,5,"[3613, 4862, 1988, 712, 5138]",random
7070,5,"[6710, 7167, 6087, 178, 3517]",half_random
7071,5,"[7808, 3898, 237, 4514, 1883]",sim_dissim
7072,5,"[3752, 1929, 5748, 6835, 841]",random
7073,5,"[6640, 2385, 3051, 2389, 1952]",half_random
7074,5,"[8181, 5450, 5139, 2783, 1564]",sim_dissim
7075,5,"[3110, 391, 7304, 5768, 1235]",random
7076,5,"[6676, 2012, 6137, 2459, 7731]",half_random
7077,5,"[6592, 6338, 1250, 4255, 3376]",sim_dissim
7078,5,"[927, 6104, 2815, 2489, 5020]",random
7079,5,"[1644, 2190, 5332, 4322, 430]",half_random
7080,5,"[181, 5139, 266, 8135, 2477]",sim_dissim
7081,5,"[5635, 8337, 4969, 4107, 4106]",random
7082,5,"[138, 3463, 2727, 1725, 1469]",half_random
7083,5,"[2463, 1800, 5510, 2270, 4146]",sim_dissim
7084,5,"[7144, 3637, 1194, 5823, 5216]",random
7085,5,"[4293, 6213, 1125, 4168, 669]",half_random
7086,5,"[3376, 8325, 3325, 2641, 1211]",sim_dissim
7087,5,"[5771, 3907, 3690, 6616, 4107]",random
7088,5,"[3048, 1525, 395, 1169, 4799]",half_random
7089,5,"[2722, 463, 2013, 583, 5968]",sim_dissim
7090,5,"[2164, 2337, 2707, 441, 88]",random
7091,5,"[2347, 5479, 1110, 99, 6599]",half_random
7092,5,"[369, 3147, 5139, 369, 5036]",sim_dissim
7093,5,"[4286, 3410, 3858, 6474, 3382]",random
7094,5,"[3242, 6624, 400, 727, 5516]",half_random
7095,5,"[4238, 4146, 271, 340, 8148]",sim_dissim
7096,5,"[4602, 4292, 821, 381, 643]",random
7097,5,"[5653, 3792, 1121, 3322, 7841]",half_random
7098,5,"[2156, 1472, 7980, 7980, 1062]",sim_dissim
7099,5,"[1348, 1257, 24, 830, 1992]",random
7100,5,"[3077, 1435, 7706, 6770, 7789]",half_random
7101,5,"[209, 5228, 2792, 7444, 3715]",sim_dissim
7102,5,"[4566, 4803, 5744, 5668, 5774]",random
7103,5,"[6265, 2085, 6914, 1213, 3226]",half_random
7104,5,"[4207, 959, 3325, 4278, 2521]",sim_dissim
7105,5,"[693, 2188, 5927, 6085, 852]",random
7106,5,"[7761, 6601, 3876, 74, 816]",half_random
7107,5,"[5326, 1346, 4712, 5936, 4083]",sim_dissim
7108,5,"[3907, 57, 4502, 3156, 681]",random
7109,5,"[1867, 674, 8370, 5278, 6388]",half_random
7110,5,"[3528, 7544, 447, 2156, 3528]",sim_dissim
7111,5,"[3311, 6978, 975, 5098, 1581]",random
7112,5,"[6011, 6262, 4234, 2003, 662]",half_random
7113,5,"[5139, 369, 209, 5818, 3147]",sim_dissim
7114,5,"[1148, 6302, 3410, 6496, 7048]",random
7115,5,"[7983, 1863, 6202, 4619, 5361]",half_random
7116,5,"[5564, 4874, 1150, 7444, 7752]",sim_dissim
7117,5,"[6990, 399, 1412, 6198, 1190]",random
7118,5,"[8168, 3233, 4295, 5664, 3146]",half_random
7119,5,"[5260, 7444, 1547, 1547, 1472]",sim_dissim
7120,5,"[603, 6849, 3893, 3544, 6621]",random
7121,5,"[5309, 4466, 5692, 1483, 1174]",half_random
7122,5,"[7218, 5745, 626, 543, 2087]",sim_dissim
7123,5,"[2214, 4056, 227, 7150, 2119]",random
7124,5,"[5630, 4825, 3202, 4567, 8298]",half_random
7125,5,"[5763, 5763, 7089, 5310, 5502]",sim_dissim
7126,5,"[4609, 1875, 4146, 5820, 5145]",random
7127,5,"[5868, 5858, 1923, 6187, 3089]",half_random
7128,5,"[1443, 2123, 4921, 2156, 5863]",sim_dissim
7129,5,"[2372, 537, 364, 7707, 2235]",random
7130,5,"[6315, 5828, 7954, 678, 5325]",half_random
7131,5,"[4921, 1892, 7544, 3479, 3318]",sim_dissim
7132,5,"[171, 740, 4553, 970, 3787]",random
7133,5,"[8172, 5762, 7208, 5530, 452]",half_random
7134,5,"[5936, 4874, 1346, 1346, 5447]",sim_dissim
7135,5,"[5308, 5096, 492, 2686, 1372]",random
7136,5,"[1817, 934, 1496, 1053, 4158]",half_random
7137,5,"[5543, 4255, 8212, 6619, 1792]",sim_dissim
7138,5,"[650, 4193, 1791, 5380, 6807]",random
7139,5,"[797, 7312, 4471, 5784, 2058]",half_random
7140,5,"[8316, 8316, 594, 2156, 4254]",sim_dissim
7141,5,"[5077, 2599, 5181, 3487, 1864]",random
7142,5,"[601, 6904, 4311, 8114, 750]",half_random
7143,5,"[4222, 7444, 7629, 3110, 4874]",sim_dissim
7144,5,"[3616, 4191, 2958, 1607, 6754]",random
7145,5,"[6818, 3293, 2659, 1887, 1505]",half_random
7146,5,"[3181, 5502, 3318, 5335, 6180]",sim_dissim
7147,5,"[5846, 5108, 7091, 468, 2051]",random
7148,5,"[6907, 2088, 3046, 6370, 5115]",half_random
7149,5,"[7222, 1472, 7444, 896, 1547]",sim_dissim
7150,5,"[7227, 2358, 6219, 1845, 5122]",random
7151,5,"[2742, 6610, 1990, 2092, 7739]",half_random
7152,5,"[3791, 3613, 4353, 4259, 6528]",sim_dissim
7153,5,"[7631, 1530, 7687, 7944, 907]",random
7154,5,"[3441, 2784, 314, 6877, 2761]",half_random
7155,5,"[4921, 2156, 8088, 243, 2591]",sim_dissim
7156,5,"[2655, 3295, 1837, 6581, 435]",random
7157,5,"[3044, 65, 7600, 6809, 6563]",half_random
7158,5,"[5936, 4514, 5936, 1907, 1346]",sim_dissim
7159,5,"[7772, 6200, 276, 4769, 8371]",random
7160,5,"[5425, 2196, 4121, 3927, 1266]",half_random
7161,5,"[6338, 7444, 8393, 3110, 3715]",sim_dissim
7162,5,"[1638, 7934, 3641, 3843, 245]",random
7163,5,"[5580, 4069, 7105, 1021, 2160]",half_random
7164,5,"[2641, 7444, 1211, 4514, 4252]",sim_dissim
7165,5,"[5723, 7758, 2082, 1566, 6231]",random
7166,5,"[6316, 2621, 2657, 7669, 3412]",half_random
7167,5,"[5502, 2619, 357, 5603, 626]",sim_dissim
7168,5,"[1340, 5895, 2381, 2081, 6879]",random
7169,5,"[5927, 5185, 68, 2619, 5101]",half_random
7170,5,"[435, 1737, 563, 1800, 4001]",sim_dissim
7171,5,"[880, 2632, 4207, 2989, 1638]",random
7172,5,"[1627, 3963, 898, 7611, 7907]",half_random
7173,5,"[2591, 8088, 3376, 4921, 5886]",sim_dissim
7174,5,"[5667, 7667, 6982, 6618, 601]",random
7175,5,"[2822, 3258, 373, 2705, 2715]",half_random
7176,5,"[7893, 7441, 2716, 2716, 4712]",sim_dissim
7177,5,"[5094, 1476, 6587, 1431, 4842]",random
7178,5,"[3070, 4579, 3278, 1964, 4569]",half_random
7179,5,"[2156, 6302, 6014, 6302, 7441]",sim_dissim
7180,5,"[5546, 5353, 7285, 1264, 2492]",random
7181,5,"[19, 3608, 5728, 5174, 1519]",half_random
7182,5,"[5672, 8212, 5564, 3715, 7752]",sim_dissim
7183,5,"[1773, 4013, 3145, 873, 7983]",random
7184,5,"[7669, 5320, 5210, 7408, 3708]",half_random
7185,5,"[7503, 7195, 2156, 4921, 8096]",sim_dissim
7186,5,"[4711, 2785, 2902, 176, 3810]",random
7187,5,"[6977, 3314, 7074, 2876, 4102]",half_random
7188,5,"[7745, 1758, 2299, 7444, 6970]",sim_dissim
7189,5,"[2400, 2766, 1773, 2730, 5096]",random
7190,5,"[6597, 381, 1407, 2791, 3453]",half_random
7191,5,"[2401, 8212, 1592, 5502, 3669]",sim_dissim
7192,5,"[1800, 7937, 2331, 8376, 2417]",random
7193,5,"[6020, 5598, 4372, 3674, 8182]",half_random
7194,5,"[5502, 1695, 3791, 5173, 5728]",sim_dissim
7195,5,"[728, 7184, 2209, 5268, 3736]",random
7196,5,"[1238, 6451, 8183, 219, 1224]",half_random
7197,5,"[3046, 5745, 78, 657, 1164]",sim_dissim
7198,5,"[0, 5549, 2882, 655, 4620]",random
7199,5,"[5826, 8014, 6212, 167, 7106]",half_random
7200,5,"[3089, 369, 5139, 209, 3147]",sim_dissim
7201,5,"[4909, 4408, 2799, 164, 7499]",random
7202,5,"[141, 4072, 4870, 7724, 6454]",half_random
7203,5,"[8135, 7444, 1373, 7441, 220]",sim_dissim
7204,5,"[620, 4002, 7060, 5972, 4562]",random
7205,5,"[1050, 5010, 3779, 2794, 6805]",half_random
7206,5,"[2319, 8325, 4323, 4514, 5173]",sim_dissim
7207,5,"[4376, 6711, 601, 5348, 3501]",random
7208,5,"[4864, 3442, 5489, 2451, 7442]",half_random
7209,5,"[7218, 543, 5603, 7243, 5745]",sim_dissim
7210,5,"[182, 6541, 672, 7221, 6494]",random
7211,5,"[6387, 4905, 2224, 4660, 3201]",half_random
7212,5,"[3116, 1792, 3715, 6619, 1907]",sim_dissim
7213,5,"[6444, 4027, 411, 7571, 1832]",random
7214,5,"[3522, 440, 5840, 1251, 4808]",half_random
7215,5,"[4255, 276, 4336, 2656, 6663]",sim_dissim
7216,5,"[1971, 883, 4564, 601, 5730]",random
7217,5,"[1889, 3732, 2770, 2181, 3144]",half_random
7218,5,"[5968, 669, 6962, 3470, 4696]",sim_dissim
7219,5,"[7535, 3652, 1468, 5756, 3528]",random
7220,5,"[5728, 2296, 3318, 2069, 8008]",half_random
7221,5,"[6378, 1883, 181, 4029, 959]",sim_dissim
7222,5,"[5214, 2324, 5815, 2442, 5530]",random
7223,5,"[3467, 4263, 6055, 4194, 7134]",half_random
7224,5,"[8150, 5630, 680, 2156, 4254]",sim_dissim
7225,5,"[3570, 4742, 4039, 2388, 212]",random
7226,5,"[3951, 188, 2330, 7360, 8139]",half_random
7227,5,"[5282, 5447, 4278, 2842, 5502]",sim_dissim
7228,5,"[2694, 6409, 4011, 6516, 1762]",random
7229,5,"[5000, 948, 5285, 494, 2819]",half_random
7230,5,"[7110, 1060, 563, 6988, 435]",sim_dissim
7231,5,"[6149, 2245, 2925, 2077, 4468]",random
7232,5,"[2098, 4371, 3118, 2918, 5441]",half_random
7233,5,"[447, 6528, 5728, 5173, 5476]",sim_dissim
7234,5,"[592, 507, 6255, 2089, 6931]",random
7235,5,"[6407, 8399, 3077, 4390, 5659]",half_random
7236,5,"[7640, 7089, 8267, 181, 1123]",sim_dissim
7237,5,"[6693, 7890, 2357, 3411, 3618]",random
7238,5,"[6199, 4754, 1103, 3989, 2603]",half_random
7239,5,"[1211, 3838, 4255, 5173, 4323]",sim_dissim
7240,5,"[4661, 7518, 1248, 6020, 5227]",random
7241,5,"[420, 5455, 3121, 6053, 1118]",half_random
7242,5,"[7444, 5310, 7987, 4927, 340]",sim_dissim
7243,5,"[31, 6210, 1542, 4887, 5991]",random
7244,5,"[2426, 7712, 7371, 3594, 2642]",half_random
7245,5,"[8142, 1164, 6564, 4622, 2270]",sim_dissim
7246,5,"[3017, 571, 1851, 7432, 750]",random
7247,5,"[2606, 7840, 5812, 3180, 265]",half_random
7248,5,"[369, 3147, 3496, 5228, 7444]",sim_dissim
7249,5,"[3864, 2546, 7340, 2575, 7026]",random
7250,5,"[63, 2786, 1962, 5147, 1589]",half_random
7251,5,"[3898, 1472, 8096, 8150, 6418]",sim_dissim
7252,5,"[3511, 2640, 7859, 7359, 7339]",random
7253,5,"[2569, 1731, 815, 6914, 7072]",half_random
7254,5,"[7444, 3715, 6965, 1150, 1150]",sim_dissim
7255,5,"[7653, 8028, 8244, 3550, 6552]",random
7256,5,"[2969, 4311, 663, 6924, 7839]",half_random
7257,5,"[3318, 5502, 3181, 5335, 6180]",sim_dissim
7258,5,"[6002, 7532, 5760, 6754, 8269]",random
7259,5,"[8318, 1274, 2309, 8248, 4709]",half_random
7260,5,"[463, 1695, 5728, 3528, 447]",sim_dissim
7261,5,"[2645, 4533, 6483, 8110, 4871]",random
7262,5,"[7621, 7580, 6089, 6507, 1491]",half_random
7263,5,"[2087, 357, 7817, 181, 357]",sim_dissim
7264,5,"[867, 5855, 5155, 7440, 3130]",random
7265,5,"[6957, 6320, 7136, 2058, 8220]",half_random
7266,5,"[1461, 4255, 5640, 2149, 2451]",sim_dissim
7267,5,"[6151, 3406, 756, 1675, 2124]",random
7268,5,"[5453, 3032, 1041, 4908, 7491]",half_random
7269,5,"[2156, 5502, 8148, 6976, 4889]",sim_dissim
7270,5,"[3741, 4518, 753, 5698, 6046]",random
7271,5,"[1275, 638, 6283, 5226, 7553]",half_random
7272,5,"[3571, 5640, 7622, 3243, 4514]",sim_dissim
7273,5,"[1009, 6656, 4751, 6303, 8271]",random
7274,5,"[3458, 2749, 1538, 1195, 7973]",half_random
7275,5,"[2123, 7444, 3715, 1498, 827]",sim_dissim
7276,5,"[7796, 5910, 6363, 3252, 8344]",random
7277,5,"[144, 498, 5522, 1279, 7602]",half_random
7278,5,"[6619, 4736, 693, 181, 8212]",sim_dissim
7279,5,"[5367, 6882, 4229, 3010, 7876]",random
7280,5,"[2869, 5521, 5816, 6645, 3222]",half_random
7281,5,"[3761, 5502, 3613, 7985, 271]",sim_dissim
7282,5,"[4839, 1969, 1192, 5629, 6800]",random
7283,5,"[7084, 1092, 5276, 6446, 1118]",half_random
7284,5,"[4622, 4514, 3318, 6110, 657]",sim_dissim
7285,5,"[6262, 1091, 2156, 6848, 1621]",random
7286,5,"[1038, 6761, 7769, 7985, 1231]",half_random
7287,5,"[3093, 959, 4003, 7441, 1417]",sim_dissim
7288,5,"[136, 6853, 3233, 373, 2448]",random
7289,5,"[6730, 7947, 7919, 1482, 296]",half_random
7290,5,"[4514, 2123, 3571, 3243, 5139]",sim_dissim
7291,5,"[2190, 7394, 715, 5388, 4274]",random
7292,5,"[3687, 3315, 8397, 7315, 2792]",half_random
7293,5,"[7603, 8148, 3761, 3613, 4921]",sim_dissim
7294,5,"[6175, 7475, 3229, 2947, 3610]",random
7295,5,"[1011, 5590, 1753, 3299, 3532]",half_random
7296,5,"[1150, 5564, 5564, 5139, 5326]",sim_dissim
7297,5,"[4085, 7044, 4998, 2341, 5649]",random
7298,5,"[4903, 5222, 6397, 1139, 6516]",half_random
7299,5,"[7441, 5883, 3598, 4684, 7588]",sim_dissim
7300,5,"[4747, 1426, 8071, 6091, 4826]",random
7301,5,"[5002, 6046, 4434, 632, 4243]",half_random
7302,5,"[6548, 5602, 466, 3715, 6548]",sim_dissim
7303,5,"[7509, 787, 8135, 6244, 3471]",random
7304,5,"[3034, 6886, 485, 5429, 6962]",half_random
7305,5,"[693, 4874, 4736, 7444, 4736]",sim_dissim
7306,5,"[7093, 6794, 2813, 3218, 5843]",random
7307,5,"[6571, 3117, 2121, 2500, 5627]",half_random
7308,5,"[2969, 4463, 5640, 6338, 4514]",sim_dissim
7309,5,"[350, 3704, 7626, 4324, 4360]",random
7310,5,"[4664, 4558, 6055, 2545, 6181]",half_random
7311,5,"[896, 896, 7444, 181, 7715]",sim_dissim
7312,5,"[6238, 2396, 4888, 2776, 7056]",random
7313,5,"[669, 8093, 1244, 2851, 6604]",half_random
7314,5,"[6528, 3613, 1695, 447, 5476]",sim_dissim
7315,5,"[2332, 4580, 6041, 3900, 8202]",random
7316,5,"[1236, 4017, 549, 5818, 8216]",half_random
7317,5,"[8389, 2313, 5502, 5173, 3895]",sim_dissim
7318,5,"[2847, 1906, 2287, 5217, 3456]",random
7319,5,"[3052, 4162, 4634, 613, 6533]",half_random
7320,5,"[3542, 5602, 4868, 6619, 6619]",sim_dissim
7321,5,"[2966, 6251, 4277, 6938, 1546]",random
7322,5,"[6673, 1699, 3380, 1624, 836]",half_random
7323,5,"[369, 5139, 209, 369, 3715]",sim_dissim
7324,5,"[6453, 4590, 6730, 6335, 1840]",random
7325,5,"[3231, 2644, 4071, 4682, 3473]",half_random
7326,5,"[4514, 2792, 2156, 6389, 5036]",sim_dissim
7327,5,"[7722, 2537, 4694, 41, 600]",random
7328,5,"[5127, 2041, 3541, 6341, 3717]",half_random
7329,5,"[1883, 6378, 5326, 7808, 3898]",sim_dissim
7330,5,"[4979, 1303, 7583, 3345, 348]",random
7331,5,"[7268, 6155, 7910, 6985, 2259]",half_random
7332,5,"[4255, 2451, 5640, 1483, 2149]",sim_dissim
7333,5,"[6026, 4508, 6970, 8336, 2969]",random
7334,5,"[7867, 5797, 5311, 6281, 6239]",half_random
7335,5,"[137, 1907, 693, 181, 5503]",sim_dissim
7336,5,"[3845, 2871, 7424, 2703, 4662]",random
7337,5,"[7764, 2200, 3271, 1348, 1244]",half_random
7338,5,"[896, 3715, 7444, 5260, 5260]",sim_dissim
7339,5,"[20, 3780, 4758, 5171, 6588]",random
7340,5,"[7011, 2912, 7050, 317, 696]",half_random
7341,5,"[4712, 6970, 7091, 6037, 4514]",sim_dissim
7342,5,"[6744, 2607, 5135, 6634, 1396]",random
7343,5,"[844, 4642, 3658, 2967, 5710]",half_random
7344,5,"[2656, 4876, 4255, 2656, 959]",sim_dissim
7345,5,"[3215, 6616, 2712, 4942, 7629]",random
7346,5,"[7011, 495, 3064, 2769, 159]",half_random
7347,5,"[7222, 5260, 1472, 8302, 3898]",sim_dissim
7348,5,"[6803, 4777, 1489, 8079, 1203]",random
7349,5,"[2260, 5191, 8172, 6528, 7]",half_random
7350,5,"[6808, 1417, 181, 7444, 4003]",sim_dissim
7351,5,"[425, 5641, 399, 924, 1039]",random
7352,5,"[4922, 7296, 3858, 3921, 3717]",half_random
7353,5,"[2463, 7110, 543, 7110, 5502]",sim_dissim
7354,5,"[3980, 8169, 4255, 2860, 3413]",random
7355,5,"[2284, 1860, 3927, 1882, 2896]",half_random
7356,5,"[4921, 959, 4463, 1213, 3110]",sim_dissim
7357,5,"[7309, 1228, 4549, 3108, 8214]",random
7358,5,"[5125, 149, 4721, 4704, 7087]",half_random
7359,5,"[6302, 5502, 2716, 4138, 2156]",sim_dissim
7360,5,"[5325, 5427, 1005, 6597, 1648]",random
7361,5,"[6296, 2363, 6047, 1813, 2024]",half_random
7362,5,"[4514, 5886, 2591, 5173, 4222]",sim_dissim
7363,5,"[2169, 6206, 8318, 4192, 5697]",random
7364,5,"[7131, 3696, 2463, 8277, 1060]",half_random
7365,5,"[6378, 237, 5326, 7849, 959]",sim_dissim
7366,5,"[318, 1046, 3929, 218, 1625]",random
7367,5,"[1497, 663, 3923, 5059, 170]",half_random
7368,5,"[3715, 7893, 4712, 4003, 6808]",sim_dissim
7369,5,"[4143, 4602, 3662, 5944, 5065]",random
7370,5,"[7761, 5772, 2643, 2653, 2958]",half_random
7371,5,"[7893, 6302, 5502, 7444, 3093]",sim_dissim
7372,5,"[5752, 2129, 2999, 1686, 6714]",random
7373,5,"[7468, 7119, 6191, 3118, 2032]",half_random
7374,5,"[3850, 563, 2619, 6988, 1800]",sim_dissim
7375,5,"[8207, 1811, 1957, 6807, 2936]",random
7376,5,"[630, 61, 1601, 2734, 5211]",half_random
7377,5,"[1638, 1373, 266, 5139, 4514]",sim_dissim
7378,5,"[2666, 4070, 6048, 6562, 6175]",random
7379,5,"[6104, 6954, 6520, 3739, 8159]",half_random
7380,5,"[1461, 3987, 181, 5640, 1866]",sim_dissim
7381,5,"[3308, 7002, 212, 4357, 1479]",random
7382,5,"[4676, 3526, 8059, 5696, 2585]",half_random
7383,5,"[4921, 5588, 2785, 5657, 3376]",sim_dissim
7384,5,"[5731, 1088, 8133, 1661, 6777]",random
7385,5,"[5329, 5590, 2210, 2249, 974]",half_random
7386,5,"[5687, 4876, 959, 181, 5555]",sim_dissim
7387,5,"[3335, 8295, 6429, 6433, 2693]",random
7388,5,"[3872, 6716, 2319, 5339, 5338]",half_random
7389,5,"[2783, 4712, 2461, 369, 3496]",sim_dissim
7390,5,"[6780, 6568, 5848, 4530, 5660]",random
7391,5,"[7828, 4747, 1819, 1127, 3254]",half_random
7392,5,"[4514, 4146, 657, 6564, 78]",sim_dissim
7393,5,"[3772, 7115, 8084, 6130, 3639]",random
7394,5,"[4563, 4235, 7524, 839, 6620]",half_random
7395,5,"[2156, 8132, 2521, 4921, 8026]",sim_dissim
7396,5,"[2753, 2266, 8278, 502, 7635]",random
7397,5,"[1565, 1398, 3779, 1699, 1435]",half_random
7398,5,"[3974, 8267, 181, 2156, 7987]",sim_dissim
7399,5,"[6218, 4860, 87, 3579, 5616]",random
7400,5,"[922, 6582, 4635, 8253, 5641]",half_random
7401,5,"[2641, 4921, 3838, 1211, 3376]",sim_dissim
7402,5,"[1579, 8141, 802, 4240, 1254]",random
7403,5,"[4080, 436, 4634, 4446, 7180]",half_random
7404,5,"[1250, 1250, 959, 8088, 181]",sim_dissim
7405,5,"[3288, 7173, 2531, 5567, 2798]",random
7406,5,"[3498, 3657, 3978, 5756, 5226]",half_random
7407,5,"[137, 1792, 181, 4712, 5503]",sim_dissim
7408,5,"[8201, 4788, 6102, 6019, 6367]",random
7409,5,"[2530, 263, 1108, 6873, 1945]",half_random
7410,5,"[8142, 5502, 3318, 3046, 657]",sim_dissim
7411,5,"[4628, 1212, 4920, 3322, 3943]",random
7412,5,"[1480, 994, 266, 6917, 2348]",half_random
7413,5,"[5139, 2461, 209, 1758, 6389]",sim_dissim
7414,5,"[3600, 4857, 6235, 7893, 6419]",random
7415,5,"[8005, 488, 4327, 3857, 6008]",half_random
7416,5,"[3463, 2156, 7337, 4255, 4889]",sim_dissim
7417,5,"[1625, 5801, 7131, 5285, 5431]",random
7418,5,"[3059, 3801, 1555, 3452, 82]",half_random
7419,5,"[4868, 5602, 6548, 466, 7441]",sim_dissim
7420,5,"[7441, 1384, 6236, 690, 2579]",random
7421,5,"[1282, 7745, 634, 4613, 1227]",half_random
7422,5,"[6302, 4931, 4712, 1417, 6302]",sim_dissim
7423,5,"[6869, 6449, 7326, 5141, 3868]",random
7424,5,"[6944, 7891, 696, 1142, 4192]",half_random
7425,5,"[3325, 5447, 4467, 2842, 4278]",sim_dissim
7426,5,"[2159, 7730, 7922, 5936, 3243]",random
7427,5,"[129, 8182, 3325, 4834, 792]",half_random
7428,5,"[5640, 4921, 6660, 3987, 6660]",sim_dissim
7429,5,"[6496, 7074, 3444, 3897, 3960]",random
7430,5,"[6451, 3297, 2386, 80, 675]",half_random
7431,5,"[1800, 2619, 2463, 563, 5502]",sim_dissim
7432,5,"[4922, 6712, 3565, 6349, 7037]",random
7433,5,"[8356, 6283, 4520, 7757, 6423]",half_random
7434,5,"[5924, 5326, 5447, 1346, 8289]",sim_dissim
7435,5,"[6174, 6824, 1847, 7173, 1000]",random
7436,5,"[3301, 1283, 7851, 168, 2940]",half_random
7437,5,"[5310, 7089, 3542, 7987, 1123]",sim_dissim
7438,5,"[7054, 984, 883, 902, 428]",random
7439,5,"[6699, 2610, 8093, 4011, 3335]",half_random
7440,5,"[5326, 5924, 4606, 5139, 5924]",sim_dissim
7441,5,"[3287, 5798, 4896, 1786, 2517]",random
7442,5,"[8012, 5798, 2294, 4424, 7210]",half_random
7443,5,"[1678, 4874, 4463, 3376, 1250]",sim_dissim
7444,5,"[3239, 6167, 5032, 6212, 5095]",random
7445,5,"[2619, 4405, 576, 1862, 5810]",half_random
7446,5,"[2003, 8289, 4874, 5924, 1907]",sim_dissim
7447,5,"[6435, 5563, 1753, 4846, 4808]",random
7448,5,"[6144, 4218, 3179, 2369, 1879]",half_random
7449,5,"[5503, 181, 2156, 3116, 5543]",sim_dissim
7450,5,"[1468, 1596, 5612, 6739, 276]",random
7451,5,"[5556, 7651, 5582, 8214, 7803]",half_random
7452,5,"[8267, 3974, 7444, 7640, 5502]",sim_dissim
7453,5,"[3225, 188, 6697, 3413, 6923]",random
7454,5,"[8368, 417, 8280, 5595, 4799]",half_random
7455,5,"[5728, 4353, 5728, 3318, 1695]",sim_dissim
7456,5,"[2738, 6613, 1201, 5075, 2588]",random
7457,5,"[4300, 1836, 2063, 1235, 2924]",half_random
7458,5,"[4003, 1417, 5502, 2945, 6302]",sim_dissim
7459,5,"[903, 988, 8169, 4910, 5360]",random
7460,5,"[140, 1422, 7491, 3069, 2177]",half_random
7461,5,"[959, 1373, 7490, 1638, 4514]",sim_dissim
7462,5,"[4068, 4722, 7295, 8244, 8075]",random
7463,5,"[7936, 4506, 6353, 8158, 5411]",half_random
7464,5,"[8297, 7444, 5450, 3715, 8181]",sim_dissim
7465,5,"[293, 7670, 7649, 784, 5281]",random
7466,5,"[4864, 8191, 3408, 3519, 7965]",half_random
7467,5,"[5763, 4927, 5763, 340, 3613]",sim_dissim
7468,5,"[2143, 6805, 1342, 6841, 2637]",random
7469,5,"[3473, 6779, 4966, 8047, 1483]",half_random
7470,5,"[8212, 5036, 3089, 2792, 2783]",sim_dissim
7471,5,"[3999, 40, 164, 2742, 673]",random
7472,5,"[2499, 2654, 4156, 566, 4493]",half_random
7473,5,"[852, 7444, 4514, 1791, 4208]",sim_dissim
7474,5,"[569, 3377, 2338, 4496, 4226]",random
7475,5,"[7540, 2202, 1137, 7370, 464]",half_random
7476,5,"[4152, 657, 657, 3318, 5745]",sim_dissim
7477,5,"[2136, 2329, 1439, 6997, 425]",random
7478,5,"[5791, 3617, 4079, 4538, 463]",half_random
7479,5,"[4736, 1792, 693, 181, 1907]",sim_dissim
7480,5,"[3376, 4543, 6008, 5475, 91]",random
7481,5,"[755, 6040, 486, 7338, 6756]",half_random
7482,5,"[1472, 1444, 7444, 1444, 5260]",sim_dissim
7483,5,"[5272, 5385, 3919, 60, 818]",random
7484,5,"[5293, 592, 6136, 4804, 907]",half_random
7485,5,"[5173, 4868, 4684, 2095, 5883]",sim_dissim
7486,5,"[7217, 4766, 1313, 4658, 6146]",random
7487,5,"[2025, 5986, 4896, 1922, 1956]",half_random
7488,5,"[8212, 306, 4736, 4514, 5543]",sim_dissim
7489,5,"[2923, 4558, 8195, 7968, 5375]",random
7490,5,"[5084, 661, 6897, 4491, 1066]",half_random
7491,5,"[5878, 5878, 7441, 4868, 5173]",sim_dissim
7492,5,"[5909, 7288, 929, 6718, 8181]",random
7493,5,"[4244, 6898, 2545, 2419, 4776]",half_random
7494,5,"[2156, 6418, 7503, 4254, 8150]",sim_dissim
7495,5,"[1509, 2543, 5541, 4876, 8094]",random
7496,5,"[2010, 6591, 6426, 7857, 6454]",half_random
7497,5,"[7195, 4921, 2156, 8096, 7503]",sim_dissim
7498,5,"[4401, 4203, 1397, 5113, 8277]",random
7499,5,"[5417, 2857, 5608, 4045, 940]",half_random
7500,5,"[7444, 4874, 4606, 7867, 1346]",sim_dissim
7501,5,"[1058, 2491, 4009, 4942, 7351]",random
7502,5,"[679, 265, 6120, 5316, 6154]",half_random
7503,5,"[5630, 8096, 8316, 4921, 7444]",sim_dissim
7504,5,"[3433, 3234, 5894, 6619, 8233]",random
7505,5,"[3094, 5032, 2211, 2328, 2117]",half_random
7506,5,"[7975, 4514, 4146, 1211, 3838]",sim_dissim
7507,5,"[1262, 3974, 2057, 927, 8024]",random
7508,5,"[1548, 6629, 1731, 1565, 6961]",half_random
7509,5,"[3376, 4255, 6918, 5657, 7931]",sim_dissim
7510,5,"[1075, 7804, 5185, 6767, 1896]",random
7511,5,"[8368, 3010, 4460, 4492, 5199]",half_random
7512,5,"[3895, 3325, 6180, 3613, 3181]",sim_dissim
7513,5,"[7750, 5892, 4082, 6698, 4044]",random
7514,5,"[2126, 7326, 5064, 4842, 1125]",half_random
7515,5,"[4255, 4336, 2156, 4449, 5555]",sim_dissim
7516,5,"[1204, 5135, 4779, 134, 4878]",random
7517,5,"[3667, 843, 575, 7159, 2548]",half_random
7518,5,"[8088, 3376, 1213, 243, 4255]",sim_dissim
7519,5,"[5590, 7973, 443, 6067, 7821]",random
7520,5,"[2469, 3756, 5458, 1060, 2111]",half_random
7521,5,"[5139, 2879, 1638, 181, 7490]",sim_dissim
7522,5,"[2601, 8122, 1959, 5828, 4900]",random
7523,5,"[5982, 2702, 2342, 7243, 304]",half_random
7524,5,"[4874, 3110, 7629, 3376, 243]",sim_dissim
7525,5,"[7031, 6781, 7020, 4330, 840]",random
7526,5,"[7939, 3370, 4087, 165, 3680]",half_random
7527,5,"[181, 7980, 959, 1444, 7980]",sim_dissim
7528,5,"[2504, 6447, 4054, 7927, 2165]",random
7529,5,"[1629, 4587, 247, 8127, 3191]",half_random
7530,5,"[4514, 1443, 5863, 5863, 5139]",sim_dissim
7531,5,"[6988, 1119, 2779, 810, 6965]",random
7532,5,"[521, 6988, 757, 3094, 6025]",half_random
7533,5,"[6528, 5173, 1695, 1892, 4353]",sim_dissim
7534,5,"[8035, 2879, 3325, 2581, 600]",random
7535,5,"[3160, 3168, 6910, 2212, 1305]",half_random
7536,5,"[1638, 3715, 692, 7490, 2477]",sim_dissim
7537,5,"[7673, 185, 2972, 6080, 6318]",random
7538,5,"[5181, 4731, 2146, 8160, 3559]",half_random
7539,5,"[4255, 1923, 1200, 4449, 959]",sim_dissim
7540,5,"[8138, 4382, 5379, 5526, 1114]",random
7541,5,"[7136, 6098, 2094, 4176, 148]",half_random
7542,5,"[3974, 2945, 8267, 7987, 181]",sim_dissim
7543,5,"[7421, 6611, 6, 3891, 3697]",random
7544,5,"[1312, 4410, 2463, 354, 954]",half_random
7545,5,"[5630, 8316, 4921, 594, 5447]",sim_dissim
7546,5,"[5831, 1829, 5892, 8191, 3591]",random
7547,5,"[7349, 361, 6332, 262, 6502]",half_random
7548,5,"[1678, 4275, 7444, 4275, 4255]",sim_dissim
7549,5,"[4580, 5058, 1757, 326, 2387]",random
7550,5,"[7965, 3264, 1928, 5847, 2055]",half_random
7551,5,"[1592, 1592, 1758, 7745, 8212]",sim_dissim
7552,5,"[5611, 5016, 3227, 2820, 3384]",random
7553,5,"[3234, 7966, 6445, 7416, 1353]",half_random
7554,5,"[1843, 4514, 3428, 4899, 2401]",sim_dissim
7555,5,"[3796, 1312, 5364, 1639, 3885]",random
7556,5,"[152, 2856, 3572, 4819, 2409]",half_random
7557,5,"[5588, 4921, 3118, 4073, 4712]",sim_dissim
7558,5,"[2945, 8301, 2414, 5173, 4669]",random
7559,5,"[2779, 671, 5792, 7575, 3920]",half_random
7560,5,"[306, 4736, 181, 2156, 4736]",sim_dissim
7561,5,"[572, 7369, 4770, 2863, 6475]",random
7562,5,"[2583, 1448, 7286, 3605, 715]",half_random
7563,5,"[3118, 7444, 6918, 3118, 4255]",sim_dissim
7564,5,"[7776, 5310, 5566, 3717, 1765]",random
7565,5,"[2327, 270, 420, 1131, 6119]",half_random
7566,5,"[1695, 2156, 3791, 3479, 4921]",sim_dissim
7567,5,"[842, 3220, 4207, 5847, 4733]",random
7568,5,"[1358, 5018, 1845, 6908, 6638]",half_random
7569,5,"[4622, 5898, 3318, 1127, 3342]",sim_dissim
7570,5,"[1165, 8101, 3170, 8115, 6937]",random
7571,5,"[194, 5583, 5092, 2716, 4557]",half_random
7572,5,"[6244, 1498, 3243, 5447, 181]",sim_dissim
7573,5,"[2015, 4423, 4335, 4069, 1150]",random
7574,5,"[830, 1824, 3331, 5147, 4296]",half_random
7575,5,"[5282, 2156, 4921, 6374, 4278]",sim_dissim
7576,5,"[2651, 1337, 5219, 2604, 5249]",random
7577,5,"[5867, 8271, 173, 3330, 4179]",half_random
7578,5,"[2783, 5450, 7752, 1907, 5450]",sim_dissim
7579,5,"[3052, 844, 4427, 5130, 6787]",random
7580,5,"[5382, 2212, 1312, 1226, 2867]",half_random
7581,5,"[2785, 7444, 7931, 181, 5657]",sim_dissim
7582,5,"[331, 3154, 3240, 6308, 3971]",random
7583,5,"[668, 3053, 1520, 6283, 1565]",half_random
7584,5,"[3026, 4876, 6962, 5173, 2656]",sim_dissim
7585,5,"[368, 6025, 4608, 6807, 972]",random
7586,5,"[2590, 1078, 2983, 4921, 4144]",half_random
7587,5,"[1346, 1338, 5936, 4712, 4514]",sim_dissim
7588,5,"[1193, 4026, 3323, 5194, 2745]",random
7589,5,"[2577, 2578, 1326, 4190, 8020]",half_random
7590,5,"[7920, 6378, 1883, 3715, 959]",sim_dissim
7591,5,"[2060, 7367, 3910, 1980, 3914]",random
7592,5,"[4241, 359, 3118, 1927, 1020]",half_random
7593,5,"[181, 543, 1043, 1043, 4730]",sim_dissim
7594,5,"[5685, 4873, 3469, 56, 3249]",random
7595,5,"[646, 2228, 3851, 7900, 1527]",half_random
7596,5,"[4254, 5067, 5588, 3118, 7444]",sim_dissim
7597,5,"[2453, 536, 8231, 377, 1874]",random
7598,5,"[1042, 2396, 797, 1686, 3581]",half_random
7599,5,"[3110, 8088, 7444, 1213, 181]",sim_dissim
7600,5,"[3794, 7418, 4996, 5684, 20]",random
7601,5,"[4271, 4343, 4338, 331, 3834]",half_random
7602,5,"[3715, 3813, 886, 7444, 6804]",sim_dissim
7603,5,"[586, 184, 1687, 889, 2235]",random
7604,5,"[4798, 2311, 2675, 4029, 5291]",half_random
7605,5,"[2752, 7222, 5447, 1547, 7222]",sim_dissim
7606,5,"[7282, 7960, 3826, 2246, 2185]",random
7607,5,"[30, 8313, 3813, 5128, 7752]",half_random
7608,5,"[7544, 3479, 3479, 3613, 447]",sim_dissim
7609,5,"[35, 7070, 3266, 141, 1905]",random
7610,5,"[6880, 3839, 2360, 6050, 6451]",half_random
7611,5,"[243, 4514, 2156, 7629, 8088]",sim_dissim
7612,5,"[5464, 2813, 2500, 3446, 6679]",random
7613,5,"[2740, 3377, 2368, 1918, 1399]",half_random
7614,5,"[3046, 5745, 78, 78, 7444]",sim_dissim
7615,5,"[7447, 4770, 3215, 6584, 5404]",random
7616,5,"[4324, 2313, 7186, 8372, 5023]",half_random
7617,5,"[3715, 1443, 5863, 827, 7444]",sim_dissim
7618,5,"[3784, 4135, 8068, 8119, 6495]",random
7619,5,"[4881, 7704, 3147, 7169, 2661]",half_random
7620,5,"[124, 2270, 4696, 5968, 5173]",sim_dissim
7621,5,"[7070, 451, 317, 2376, 5254]",random
7622,5,"[796, 2157, 176, 2291, 7832]",half_random
7623,5,"[78, 1164, 6564, 5898, 2270]",sim_dissim
7624,5,"[5633, 4797, 6198, 3456, 8366]",random
7625,5,"[7990, 1379, 5581, 5009, 1949]",half_random
7626,5,"[1472, 1062, 959, 7222, 1444]",sim_dissim
7627,5,"[3281, 5344, 3448, 8323, 2968]",random
7628,5,"[3361, 5744, 6092, 951, 8134]",half_random
7629,5,"[181, 4449, 4876, 2156, 5555]",sim_dissim
7630,5,"[2322, 4297, 4201, 6088, 6130]",random
7631,5,"[2128, 2961, 6334, 6725, 6883]",half_random
7632,5,"[181, 4899, 3669, 6037, 2156]",sim_dissim
7633,5,"[2219, 5947, 661, 7863, 8148]",random
7634,5,"[6723, 3843, 4903, 1701, 3315]",half_random
7635,5,"[657, 3318, 5502, 4152, 78]",sim_dissim
7636,5,"[7002, 2720, 3938, 5159, 1068]",random
7637,5,"[1721, 2882, 3305, 1156, 1705]",half_random
7638,5,"[1338, 5924, 4845, 5447, 5326]",sim_dissim
7639,5,"[7968, 2499, 5626, 8302, 5333]",random
7640,5,"[4132, 4659, 40, 7189, 5230]",half_random
7641,5,"[5968, 2013, 669, 5502, 297]",sim_dissim
7642,5,"[1076, 5135, 7081, 7235, 5517]",random
7643,5,"[7852, 208, 733, 5299, 4285]",half_random
7644,5,"[5023, 4514, 7808, 7444, 7849]",sim_dissim
7645,5,"[595, 7198, 4985, 3908, 1633]",random
7646,5,"[3546, 6696, 2145, 8114, 8220]",half_random
7647,5,"[8150, 5447, 7356, 5630, 181]",sim_dissim
7648,5,"[5665, 8254, 3192, 7067, 4856]",random
7649,5,"[3438, 802, 7253, 4056, 7817]",half_random
7650,5,"[4730, 1737, 5603, 7817, 6767]",sim_dissim
7651,5,"[8062, 5330, 2081, 3504, 7272]",random
7652,5,"[3561, 6160, 5443, 4770, 593]",half_random
7653,5,"[2716, 7893, 6014, 4931, 7444]",sim_dissim
7654,5,"[6985, 2455, 1042, 4097, 3279]",random
7655,5,"[7035, 827, 1323, 250, 2901]",half_random
7656,5,"[5818, 6389, 8212, 209, 3147]",sim_dissim
7657,5,"[3505, 7199, 3920, 3681, 2314]",random
7658,5,"[3597, 1914, 1257, 261, 6640]",half_random
7659,5,"[340, 3850, 2463, 3625, 543]",sim_dissim
7660,5,"[3245, 7539, 5124, 2051, 3933]",random
7661,5,"[3948, 7189, 8345, 5128, 5295]",half_random
7662,5,"[3089, 1758, 8212, 369, 5228]",sim_dissim
7663,5,"[6458, 8168, 2118, 6805, 7828]",random
7664,5,"[3690, 4303, 7756, 960, 6307]",half_random
7665,5,"[7817, 4730, 1737, 1043, 6767]",sim_dissim
7666,5,"[4066, 723, 7147, 2837, 2694]",random
7667,5,"[4995, 6544, 7733, 585, 5435]",half_random
7668,5,"[2785, 5173, 5588, 181, 3118]",sim_dissim
7669,5,"[8110, 3323, 8102, 1994, 3979]",random
7670,5,"[1712, 2371, 3513, 7537, 1510]",half_random
7671,5,"[4514, 4712, 886, 852, 5840]",sim_dissim
7672,5,"[1481, 5288, 2710, 2927, 5588]",random
7673,5,"[8148, 1932, 3975, 7270, 6530]",half_random
7674,5,"[364, 4323, 5173, 3325, 7975]",sim_dissim
7675,5,"[2297, 5799, 728, 628, 550]",random
7676,5,"[8390, 3034, 8180, 6975, 3328]",half_random
7677,5,"[5924, 5326, 1907, 1338, 7867]",sim_dissim
7678,5,"[8058, 4709, 2479, 6200, 7232]",random
7679,5,"[260, 1768, 2926, 6778, 2139]",half_random
7680,5,"[6302, 4454, 7444, 6302, 181]",sim_dissim
7681,5,"[4337, 3955, 1904, 8170, 7729]",random
7682,5,"[7547, 336, 2230, 1452, 4009]",half_random
7683,5,"[4921, 959, 1461, 6660, 2149]",sim_dissim
7684,5,"[22, 4002, 1133, 54, 543]",random
7685,5,"[4669, 6521, 392, 2500, 1169]",half_random
7686,5,"[7752, 8009, 1564, 8212, 3715]",sim_dissim
7687,5,"[1338, 5301, 6207, 6201, 2781]",random
7688,5,"[774, 5812, 4901, 6025, 5217]",half_random
7689,5,"[2752, 1062, 3898, 7750, 896]",sim_dissim
7690,5,"[1101, 3645, 7444, 1478, 1778]",random
7691,5,"[88, 1779, 699, 195, 3567]",half_random
7692,5,"[6338, 5640, 6592, 4514, 3554]",sim_dissim
7693,5,"[5797, 1195, 7447, 6958, 5429]",random
7694,5,"[3879, 2807, 6842, 4023, 2968]",half_random
7695,5,"[266, 1415, 7490, 3715, 7444]",sim_dissim
7696,5,"[7124, 7634, 6655, 3613, 5190]",random
7697,5,"[7995, 5735, 6172, 5744, 4001]",half_random
7698,5,"[6808, 959, 5502, 6014, 7893]",sim_dissim
7699,5,"[3697, 3314, 2242, 4927, 3941]",random
7700,5,"[244, 46, 4642, 2444, 5828]",half_random
7701,5,"[5335, 669, 4259, 447, 3181]",sim_dissim
7702,5,"[7049, 5895, 1448, 4396, 32]",random
7703,5,"[1010, 4252, 3052, 812, 1976]",half_random
7704,5,"[7444, 4255, 5503, 4736, 306]",sim_dissim
7705,5,"[3150, 1350, 5922, 2067, 5906]",random
7706,5,"[5622, 6742, 1950, 2346, 8321]",half_random
7707,5,"[7444, 4874, 1150, 8009, 5672]",sim_dissim
7708,5,"[4232, 3451, 1481, 7968, 2890]",random
7709,5,"[392, 6560, 5120, 901, 2727]",half_random
7710,5,"[5326, 3111, 4029, 3111, 1907]",sim_dissim
7711,5,"[3428, 346, 1890, 704, 8354]",random
7712,5,"[4990, 4514, 157, 6433, 3961]",half_random
7713,5,"[7750, 2752, 7222, 3898, 896]",sim_dissim
7714,5,"[7024, 7650, 1102, 1499, 5164]",random
7715,5,"[5636, 3541, 5957, 2776, 8128]",half_random
7716,5,"[2879, 1415, 7441, 220, 692]",sim_dissim
7717,5,"[5092, 5159, 8348, 7243, 747]",random
7718,5,"[6671, 3803, 1669, 3071, 5019]",half_random
7719,5,"[2516, 3111, 5139, 1883, 7920]",sim_dissim
7720,5,"[744, 3308, 4, 4673, 4846]",random
7721,5,"[4838, 3941, 7676, 7740, 5225]",half_random
7722,5,"[181, 1916, 693, 4712, 1916]",sim_dissim
7723,5,"[7775, 4362, 1669, 2321, 3891]",random
7724,5,"[1104, 5716, 5979, 894, 4319]",half_random
7725,5,"[4255, 4252, 3838, 2156, 364]",sim_dissim
7726,5,"[3962, 904, 5389, 7699, 7892]",random
7727,5,"[4359, 421, 7940, 7751, 5119]",half_random
7728,5,"[3325, 7745, 2299, 2156, 6037]",sim_dissim
7729,5,"[4634, 6563, 6512, 2186, 6588]",random
7730,5,"[5914, 3360, 3966, 3406, 8268]",half_random
7731,5,"[2879, 959, 181, 266, 1415]",sim_dissim
7732,5,"[3931, 5814, 7654, 5462, 5606]",random
7733,5,"[2347, 7215, 4332, 928, 3477]",half_random
7734,5,"[6338, 959, 4463, 1678, 181]",sim_dissim
7735,5,"[4813, 928, 5846, 3307, 260]",random
7736,5,"[3807, 4916, 2887, 3720, 5534]",half_random
7737,5,"[6781, 2095, 4868, 7588, 3613]",sim_dissim
7738,5,"[3814, 4298, 6428, 1889, 7830]",random
7739,5,"[5654, 3537, 4708, 7072, 8378]",half_random
7740,5,"[4259, 6528, 1892, 2722, 3613]",sim_dissim
7741,5,"[5545, 5695, 828, 6853, 5840]",random
7742,5,"[7829, 6664, 7485, 802, 5723]",half_random
7743,5,"[1200, 4876, 5687, 5502, 6663]",sim_dissim
7744,5,"[1676, 6071, 6035, 4260, 2732]",random
7745,5,"[1614, 152, 4190, 2021, 7678]",half_random
7746,5,"[3715, 4845, 8289, 1338, 7444]",sim_dissim
7747,5,"[3897, 2022, 2668, 5896, 5698]",random
7748,5,"[3823, 4969, 5282, 2426, 1742]",half_random
7749,5,"[2641, 4514, 7975, 1211, 7444]",sim_dissim
7750,5,"[3590, 6730, 5191, 2786, 7524]",random
7751,5,"[422, 6039, 8359, 3037, 2078]",half_random
7752,5,"[435, 3850, 2270, 4001, 563]",sim_dissim
7753,5,"[1648, 3544, 8279, 2616, 2247]",random
7754,5,"[8068, 2322, 3997, 5230, 6780]",half_random
7755,5,"[852, 6804, 5840, 5139, 2783]",sim_dissim
7756,5,"[7146, 3540, 2746, 249, 3708]",random
7757,5,"[1308, 5923, 7694, 1433, 1477]",half_random
7758,5,"[4255, 5173, 4252, 4323, 2641]",sim_dissim
7759,5,"[7960, 2177, 3149, 3138, 2748]",random
7760,5,"[4984, 1070, 2825, 8294, 430]",half_random
7761,5,"[4514, 1907, 237, 7920, 1883]",sim_dissim
7762,5,"[5475, 1159, 4141, 3466, 7280]",random
7763,5,"[8198, 515, 2874, 5101, 6138]",half_random
7764,5,"[297, 3470, 2013, 6962, 669]",sim_dissim
7765,5,"[1569, 8047, 5812, 1277, 528]",random
7766,5,"[3185, 6173, 2869, 8062, 8059]",half_random
7767,5,"[3715, 2879, 959, 1638, 7490]",sim_dissim
7768,5,"[1467, 329, 471, 1758, 4973]",random
7769,5,"[3369, 3871, 2615, 278, 5184]",half_random
7770,5,"[4712, 693, 4736, 181, 693]",sim_dissim
7771,5,"[6409, 5823, 6948, 1964, 4992]",random
7772,5,"[7817, 4907, 1011, 2240, 3203]",half_random
7773,5,"[1150, 5450, 1907, 5564, 3715]",sim_dissim
7774,5,"[7357, 481, 7628, 4771, 1079]",random
7775,5,"[3922, 7432, 2320, 1976, 5540]",half_random
7776,5,"[5335, 447, 3768, 3318, 2313]",sim_dissim
7777,5,"[6695, 1407, 7563, 4652, 7928]",random
7778,5,"[1283, 3395, 1650, 1946, 637]",half_random
7779,5,"[7931, 3325, 3118, 2156, 5588]",sim_dissim
7780,5,"[3094, 4264, 4913, 2737, 1153]",random
7781,5,"[6805, 3944, 3474, 111, 7181]",half_random
7782,5,"[237, 6378, 5139, 5326, 7920]",sim_dissim
7783,5,"[1848, 3845, 4672, 3955, 5896]",random
7784,5,"[4643, 6753, 3898, 4194, 7704]",half_random
7785,5,"[1213, 5886, 4874, 2591, 959]",sim_dissim
7786,5,"[3698, 733, 1206, 7680, 5233]",random
7787,5,"[3842, 8102, 7267, 5141, 7110]",half_random
7788,5,"[4238, 271, 7985, 2156, 181]",sim_dissim
7789,5,"[6013, 5477, 6422, 3218, 2194]",random
7790,5,"[223, 2901, 1772, 10, 6439]",half_random
7791,5,"[447, 3768, 669, 5335, 3768]",sim_dissim
7792,5,"[5865, 7127, 8185, 5454, 3407]",random
7793,5,"[4452, 5470, 8235, 4009, 7394]",half_random
7794,5,"[7985, 7603, 7089, 340, 3463]",sim_dissim
7795,5,"[4718, 5819, 3067, 2031, 8349]",random
7796,5,"[3825, 7112, 705, 3392, 5467]",half_random
7797,5,"[2270, 6110, 5898, 8212, 3046]",sim_dissim
7798,5,"[4001, 9, 5872, 4363, 6617]",random
7799,5,"[873, 7629, 5509, 6884, 7403]",half_random
7800,5,"[181, 2156, 306, 5543, 5503]",sim_dissim
7801,5,"[3596, 8282, 4647, 4908, 3155]",random
7802,5,"[4907, 1287, 5841, 5960, 3865]",half_random
7803,5,"[5173, 5502, 4696, 2013, 2008]",sim_dissim
7804,5,"[431, 6928, 901, 4228, 4725]",random
7805,5,"[102, 358, 1506, 4957, 6183]",half_random
7806,5,"[3613, 3768, 8227, 3325, 8389]",sim_dissim
7807,5,"[101, 5718, 1457, 5255, 7646]",random
7808,5,"[6575, 7685, 5120, 5308, 6722]",half_random
7809,5,"[4845, 3715, 1346, 1907, 4083]",sim_dissim
7810,5,"[2155, 7065, 6454, 1418, 2943]",random
7811,5,"[5357, 2093, 5766, 5636, 5785]",half_random
7812,5,"[4921, 4463, 959, 2591, 5886]",sim_dissim
7813,5,"[3740, 2472, 334, 7996, 6730]",random
7814,5,"[1600, 5179, 7648, 7628, 1179]",half_random
7815,5,"[5502, 1547, 5260, 7715, 3898]",sim_dissim
7816,5,"[6325, 5748, 7650, 3206, 6523]",random
7817,5,"[2716, 4211, 7632, 2913, 129]",half_random
7818,5,"[2156, 2461, 3147, 3089, 209]",sim_dissim
7819,5,"[4990, 5196, 292, 4374, 490]",random
7820,5,"[3419, 4424, 1461, 2661, 4289]",half_random
7821,5,"[2783, 2461, 6389, 4712, 2792]",sim_dissim
7822,5,"[2206, 3187, 6497, 2077, 2705]",random
7823,5,"[6419, 6255, 5017, 927, 2321]",half_random
7824,5,"[3118, 4255, 4073, 3118, 3376]",sim_dissim
7825,5,"[5075, 1901, 6949, 1413, 652]",random
7826,5,"[7027, 4901, 3506, 4985, 3322]",half_random
7827,5,"[5863, 7444, 1498, 827, 4514]",sim_dissim
7828,5,"[2250, 1309, 2944, 5235, 8219]",random
7829,5,"[1924, 6902, 2852, 7237, 72]",half_random
7830,5,"[6660, 5173, 2149, 3914, 3987]",sim_dissim
7831,5,"[4011, 8253, 5821, 2182, 5190]",random
7832,5,"[4172, 2591, 3282, 3789, 7502]",half_random
7833,5,"[4238, 271, 7603, 181, 7089]",sim_dissim
7834,5,"[3652, 667, 3896, 1555, 4244]",random
7835,5,"[6857, 4694, 2303, 7790, 407]",half_random
7836,5,"[8096, 4254, 5630, 5447, 5630]",sim_dissim
7837,5,"[7991, 3984, 2793, 2483, 2359]",random
7838,5,"[3842, 7486, 7500, 4558, 2190]",half_random
7839,5,"[8393, 8393, 4275, 2156, 4514]",sim_dissim
7840,5,"[8176, 5117, 3693, 1555, 5911]",random
7841,5,"[6262, 5640, 542, 4776, 8391]",half_random
7842,5,"[3463, 3463, 5173, 7985, 4255]",sim_dissim
7843,5,"[6683, 2488, 4056, 5126, 2045]",random
7844,5,"[7819, 1008, 5310, 3443, 6368]",half_random
7845,5,"[220, 1415, 4514, 7444, 2477]",sim_dissim
7846,5,"[4412, 257, 7369, 2686, 8222]",random
7847,5,"[3632, 1124, 3208, 292, 1318]",half_random
7848,5,"[2591, 1213, 7629, 2156, 4255]",sim_dissim
7849,5,"[5396, 5504, 1380, 2415, 2531]",random
7850,5,"[4784, 3556, 1594, 7329, 6319]",half_random
7851,5,"[6660, 3987, 1866, 5640, 3914]",sim_dissim
7852,5,"[7700, 3362, 3539, 663, 2715]",random
7853,5,"[4332, 4417, 5108, 7312, 5284]",half_random
7854,5,"[4874, 5672, 5447, 5450, 5564]",sim_dissim
7855,5,"[2871, 1178, 634, 7968, 1449]",random
7856,5,"[4962, 7863, 3683, 3248, 7653]",half_random
7857,5,"[6619, 3613, 4868, 6781, 3542]",sim_dissim
7858,5,"[3815, 7500, 307, 2790, 1307]",random
7859,5,"[1867, 667, 811, 5691, 3300]",half_random
7860,5,"[30, 2477, 4514, 1415, 2156]",sim_dissim
7861,5,"[6682, 3754, 7900, 7409, 6359]",random
7862,5,"[1163, 7681, 6853, 3305, 3626]",half_random
7863,5,"[5260, 7444, 1444, 1062, 2752]",sim_dissim
7864,5,"[3825, 4775, 1923, 7060, 2282]",random
7865,5,"[62, 6221, 8128, 1087, 6317]",half_random
7866,5,"[5173, 7975, 4323, 4323, 4921]",sim_dissim
7867,5,"[1641, 8104, 5518, 1096, 7287]",random
7868,5,"[6058, 5464, 7125, 6512, 6716]",half_random
7869,5,"[7985, 7985, 3463, 4921, 4146]",sim_dissim
7870,5,"[6582, 3923, 1879, 6323, 5399]",random
7871,5,"[4681, 6920, 2575, 1918, 2925]",half_random
7872,5,"[7444, 6564, 5502, 657, 1127]",sim_dissim
7873,5,"[8335, 4904, 6759, 3809, 7589]",random
7874,5,"[579, 6840, 2477, 881, 886]",half_random
7875,5,"[6548, 5302, 7588, 3542, 3598]",sim_dissim
7876,5,"[7144, 6679, 8380, 7422, 2909]",random
7877,5,"[5596, 130, 8195, 8207, 2530]",half_random
7878,5,"[5502, 2156, 7337, 7603, 8148]",sim_dissim
7879,5,"[2414, 4632, 5126, 2810, 3000]",random
7880,5,"[5857, 6951, 7796, 3725, 7755]",half_random
7881,5,"[2945, 5502, 8267, 7987, 1123]",sim_dissim
7882,5,"[2346, 278, 4161, 3516, 211]",random
7883,5,"[726, 1755, 506, 7918, 4491]",half_random
7884,5,"[435, 1737, 5510, 4001, 4024]",sim_dissim
7885,5,"[1222, 4624, 1902, 2103, 3021]",random
7886,5,"[7688, 5300, 453, 6252, 2725]",half_random
7887,5,"[5310, 7664, 3613, 5745, 3974]",sim_dissim
7888,5,"[3898, 179, 1099, 5415, 5584]",random
7889,5,"[6510, 1410, 7029, 6713, 4348]",half_random
7890,5,"[4899, 1592, 3325, 2299, 8212]",sim_dissim
7891,5,"[2906, 4834, 2929, 5202, 4850]",random
7892,5,"[5533, 7578, 2907, 5510, 212]",half_random
7893,5,"[4712, 3087, 3325, 3087, 4073]",sim_dissim
7894,5,"[4758, 1905, 5315, 2933, 7999]",random
7895,5,"[7251, 6277, 2385, 4517, 1117]",half_random
7896,5,"[2270, 1127, 3318, 5898, 1127]",sim_dissim
7897,5,"[789, 2544, 7071, 7719, 3174]",random
7898,5,"[2718, 6038, 2515, 6864, 3995]",half_random
7899,5,"[6014, 3093, 4454, 3715, 2945]",sim_dissim
7900,5,"[2558, 8077, 482, 1594, 6991]",random
7901,5,"[7959, 6140, 1457, 3222, 5241]",half_random
7902,5,"[8026, 4467, 2521, 181, 7444]",sim_dissim
7903,5,"[4913, 2127, 769, 1493, 6780]",random
7904,5,"[1658, 324, 3056, 7650, 8030]",half_random
7905,5,"[3914, 2149, 2149, 1866, 2156]",sim_dissim
7906,5,"[6796, 7740, 5559, 2014, 7682]",random
7907,5,"[4497, 2574, 3459, 69, 2098]",half_random
7908,5,"[1472, 7222, 7750, 8302, 3898]",sim_dissim
7909,5,"[5095, 6514, 5816, 5285, 3666]",random
7910,5,"[3641, 3543, 4654, 6486, 2481]",half_random
7911,5,"[7444, 762, 4208, 4514, 762]",sim_dissim
7912,5,"[7489, 5900, 6002, 1720, 4264]",random
7913,5,"[3483, 1509, 775, 325, 2452]",half_random
7914,5,"[4712, 4874, 1346, 7867, 8289]",sim_dissim
7915,5,"[5749, 3487, 2550, 6865, 3044]",random
7916,5,"[2904, 6998, 996, 4851, 2451]",half_random
7917,5,"[3974, 2945, 5310, 5502, 3974]",sim_dissim
7918,5,"[8143, 1285, 1970, 6447, 3653]",random
7919,5,"[7163, 465, 8271, 2559, 5957]",half_random
7920,5,"[6418, 6418, 2752, 959, 8150]",sim_dissim
7921,5,"[2723, 6897, 7356, 252, 942]",random
7922,5,"[3692, 1341, 187, 6629, 3319]",half_random
7923,5,"[3110, 243, 181, 7444, 4463]",sim_dissim
7924,5,"[484, 7010, 6074, 4216, 3859]",random
7925,5,"[7292, 3024, 5108, 2583, 6005]",half_random
7926,5,"[8289, 4606, 4083, 1907, 3715]",sim_dissim
7927,5,"[796, 5541, 8261, 7242, 5711]",random
7928,5,"[6550, 4226, 5861, 979, 7558]",half_random
7929,5,"[2156, 4736, 181, 137, 693]",sim_dissim
7930,5,"[3418, 7769, 5071, 7334, 7117]",random
7931,5,"[5666, 6083, 7327, 1155, 3331]",half_random
7932,5,"[6660, 181, 2156, 1483, 1866]",sim_dissim
7933,5,"[7352, 7753, 560, 2328, 5568]",random
7934,5,"[3563, 638, 1687, 2119, 7968]",half_random
7935,5,"[3715, 827, 5447, 2123, 2123]",sim_dissim
7936,5,"[5288, 7429, 5525, 1441, 2053]",random
7937,5,"[5102, 5083, 6751, 6212, 44]",half_random
7938,5,"[2656, 4255, 2156, 4876, 3026]",sim_dissim
7939,5,"[3036, 2697, 7389, 956, 1811]",random
7940,5,"[8112, 6640, 3573, 8232, 1457]",half_random
7941,5,"[243, 243, 7629, 3376, 4514]",sim_dissim
7942,5,"[7458, 4788, 7147, 5402, 1647]",random
7943,5,"[2267, 273, 145, 3635, 4511]",half_random
7944,5,"[4152, 5745, 1127, 8142, 7444]",sim_dissim
7945,5,"[6261, 4069, 8021, 6037, 2261]",random
7946,5,"[1952, 4162, 6503, 5889, 1660]",half_random
7947,5,"[124, 186, 4696, 2156, 5502]",sim_dissim
7948,5,"[320, 1036, 2212, 3041, 4363]",random
7949,5,"[881, 26, 3861, 942, 4371]",half_random
7950,5,"[4463, 8393, 6338, 7444, 181]",sim_dissim
7951,5,"[3515, 4570, 3236, 999, 862]",random
7952,5,"[7298, 7790, 4309, 259, 5523]",half_random
7953,5,"[5510, 1060, 1737, 563, 3850]",sim_dissim
7954,5,"[3229, 8253, 2979, 7722, 2185]",random
7955,5,"[2097, 5789, 2355, 4257, 8236]",half_random
7956,5,"[6389, 4514, 7444, 6389, 2461]",sim_dissim
7957,5,"[2385, 2874, 7201, 4823, 3013]",random
7958,5,"[244, 5898, 75, 1964, 5753]",half_random
7959,5,"[3987, 4921, 6660, 7444, 1461]",sim_dissim
7960,5,"[7704, 2271, 5838, 1064, 5869]",random
7961,5,"[6816, 1660, 6304, 7407, 6676]",half_random
7962,5,"[447, 3181, 3181, 7087, 3318]",sim_dissim
7963,5,"[2185, 247, 6626, 6076, 5130]",random
7964,5,"[1081, 5805, 7802, 8210, 3449]",half_random
7965,5,"[4912, 4912, 2156, 186, 6962]",sim_dissim
7966,5,"[4783, 2313, 1600, 7414, 6342]",random
7967,5,"[6857, 296, 5871, 6703, 139]",half_random
7968,5,"[7745, 4712, 1758, 1592, 4899]",sim_dissim
7969,5,"[5214, 6368, 3294, 3636, 4895]",random
7970,5,"[724, 5032, 4419, 1175, 7088]",half_random
7971,5,"[2785, 3376, 4255, 5657, 7931]",sim_dissim
7972,5,"[5530, 3814, 1733, 2301, 2604]",random
7973,5,"[2410, 6651, 6654, 8290, 5623]",half_random
7974,5,"[5687, 4336, 1200, 6663, 5502]",sim_dissim
7975,5,"[6098, 767, 5835, 8118, 5808]",random
7976,5,"[776, 530, 110, 462, 3778]",half_random
7977,5,"[6389, 3715, 7444, 5818, 3089]",sim_dissim
7978,5,"[4744, 2402, 761, 5939, 7826]",random
7979,5,"[4396, 7564, 5999, 5303, 2881]",half_random
7980,5,"[3895, 2313, 4259, 3613, 3325]",sim_dissim
7981,5,"[7296, 3456, 5600, 4192, 4882]",random
7982,5,"[7914, 5623, 412, 1762, 1886]",half_random
7983,5,"[3613, 357, 1043, 181, 4730]",sim_dissim
7984,5,"[7097, 4451, 7345, 8392, 8156]",random
7985,5,"[524, 7562, 6804, 5725, 4425]",half_random
7986,5,"[2156, 3838, 3325, 2641, 364]",sim_dissim
7987,5,"[2191, 2163, 3250, 6050, 5519]",random
7988,5,"[7283, 4282, 4935, 1190, 1460]",half_random
7989,5,"[1250, 3554, 959, 6592, 4255]",sim_dissim
7990,5,"[2053, 4212, 6134, 5683, 4096]",random
7991,5,"[7999, 5723, 4391, 8251, 7121]",half_random
7992,5,"[4467, 2156, 2521, 4255, 2842]",sim_dissim
7993,5,"[7912, 803, 1332, 732, 6373]",random
7994,5,"[4668, 7855, 1389, 8236, 494]",half_random
7995,5,"[78, 5898, 3046, 1164, 3342]",sim_dissim
7996,5,"[4674, 1828, 7055, 4864, 5505]",random
7997,5,"[2621, 537, 5109, 6536, 3477]",half_random
7998,5,"[181, 3768, 6180, 5173, 5335]",sim_dissim
7999,5,"[4131, 4406, 6587, 505, 4469]",random
8000,5,"[5996, 7807, 7301, 5774, 6067]",half_random
8001,5,"[181, 3110, 3376, 3110, 1250]",sim_dissim
8002,5,"[5700, 5895, 5865, 3689, 4172]",random
8003,5,"[3743, 4266, 3482, 7355, 7806]",half_random
8004,5,"[8026, 5502, 2521, 5173, 2561]",sim_dissim
8005,5,"[3996, 3354, 3064, 5753, 2348]",random
8006,5,"[1440, 870, 7166, 1354, 4269]",half_random
8007,5,"[5745, 7444, 4927, 3559, 1123]",sim_dissim
8008,5,"[507, 1570, 3706, 8281, 1513]",random
8009,5,"[1067, 5602, 3027, 499, 1843]",half_random
8010,5,"[5139, 1338, 2783, 4845, 8289]",sim_dissim
8011,5,"[6585, 6458, 330, 6219, 3231]",random
8012,5,"[3670, 3357, 4368, 4928, 732]",half_random
8013,5,"[3768, 3181, 669, 5502, 8227]",sim_dissim
8014,5,"[4093, 6455, 5368, 4873, 5030]",random
8015,5,"[287, 3052, 6128, 6796, 826]",half_random
8016,5,"[5840, 1791, 6804, 4514, 2156]",sim_dissim
8017,5,"[1096, 1262, 4530, 8014, 3021]",random
8018,5,"[6567, 5788, 8042, 2474, 6545]",half_random
8019,5,"[3318, 297, 124, 4353, 4696]",sim_dissim
8020,5,"[1972, 6875, 1940, 6091, 4003]",random
8021,5,"[5883, 1094, 4955, 102, 4612]",half_random
8022,5,"[5173, 3813, 762, 181, 5840]",sim_dissim
8023,5,"[7529, 6459, 1670, 5790, 1051]",random
8024,5,"[7358, 7805, 2380, 4523, 1781]",half_random
8025,5,"[5886, 4921, 7629, 3376, 243]",sim_dissim
8026,5,"[857, 5046, 4458, 6808, 6042]",random
8027,5,"[1679, 5547, 4050, 8070, 3577]",half_random
8028,5,"[6244, 5139, 7349, 4514, 2123]",sim_dissim
8029,5,"[4155, 5659, 5919, 4582, 6722]",random
8030,5,"[1345, 6464, 2751, 5293, 5702]",half_random
8031,5,"[4514, 4622, 8142, 78, 4146]",sim_dissim
8032,5,"[2226, 6159, 8171, 1121, 4470]",random
8033,5,"[4852, 6818, 5390, 3401, 7963]",half_random
8034,5,"[463, 5728, 3791, 1892, 4353]",sim_dissim
8035,5,"[192, 2007, 1397, 802, 5031]",random
8036,5,"[7011, 7162, 5548, 6444, 4932]",half_random
8037,5,"[5310, 5502, 7664, 3974, 7444]",sim_dissim
8038,5,"[5408, 5699, 6522, 312, 3425]",random
8039,5,"[3535, 2521, 3500, 6541, 4189]",half_random
8040,5,"[6962, 6663, 4876, 4449, 3026]",sim_dissim
8041,5,"[1965, 4479, 2843, 1577, 2632]",random
8042,5,"[1290, 1424, 6856, 3222, 2406]",half_random
8043,5,"[7867, 1346, 2003, 2783, 5139]",sim_dissim
8044,5,"[5234, 2867, 7790, 5075, 2461]",random
8045,5,"[143, 4782, 2859, 2955, 4727]",half_random
8046,5,"[1758, 3428, 6037, 7444, 6970]",sim_dissim
8047,5,"[452, 1269, 6275, 7238, 772]",random
8048,5,"[388, 6250, 8022, 2409, 6842]",half_random
8049,5,"[4712, 6808, 4454, 6808, 7441]",sim_dissim
8050,5,"[2410, 7793, 4282, 3828, 2262]",random
8051,5,"[3035, 5083, 8068, 545, 8322]",half_random
8052,5,"[5687, 2656, 181, 6663, 3026]",sim_dissim
8053,5,"[6347, 3745, 1770, 8293, 7299]",random
8054,5,"[2291, 7853, 2626, 5900, 2582]",half_random
8055,5,"[8393, 4463, 4255, 959, 4463]",sim_dissim
8056,5,"[6691, 6937, 5258, 5719, 205]",random
8057,5,"[7328, 3293, 7797, 3508, 820]",half_random
8058,5,"[4912, 5968, 2722, 669, 583]",sim_dissim
8059,5,"[2155, 7757, 4183, 6728, 1802]",random
8060,5,"[7863, 6519, 4666, 3748, 3184]",half_random
8061,5,"[1373, 1638, 5139, 181, 2477]",sim_dissim
8062,5,"[6290, 3830, 3773, 768, 5054]",random
8063,5,"[8296, 7820, 7761, 4258, 2002]",half_random
8064,5,"[1060, 3625, 1800, 5502, 6175]",sim_dissim
8065,5,"[3362, 1333, 6340, 2752, 491]",random
8066,5,"[2197, 379, 3250, 4345, 7315]",half_random
8067,5,"[626, 2619, 626, 5603, 5745]",sim_dissim
8068,5,"[5052, 2799, 1497, 943, 1583]",random
8069,5,"[6984, 3318, 1397, 276, 4918]",half_random
8070,5,"[7490, 5745, 30, 2156, 30]",sim_dissim
8071,5,"[3243, 3631, 5, 7692, 2545]",random
8072,5,"[883, 2193, 3482, 4044, 3403]",half_random
8073,5,"[4684, 5602, 6781, 5883, 2095]",sim_dissim
8074,5,"[379, 8368, 6426, 2014, 6195]",random
8075,5,"[6064, 8246, 8318, 2660, 5926]",half_random
8076,5,"[5173, 8132, 6374, 181, 5282]",sim_dissim
8077,5,"[3168, 1117, 7176, 4618, 3531]",random
8078,5,"[6919, 5642, 21, 860, 1901]",half_random
8079,5,"[6808, 6302, 959, 7893, 7441]",sim_dissim
8080,5,"[580, 1564, 7278, 2499, 6900]",random
8081,5,"[6744, 4603, 8183, 812, 5141]",half_random
8082,5,"[4876, 181, 6265, 1200, 4876]",sim_dissim
8083,5,"[5303, 6658, 6148, 3166, 303]",random
8084,5,"[5005, 4881, 1029, 4944, 807]",half_random
8085,5,"[7356, 7503, 4254, 594, 5447]",sim_dissim
8086,5,"[4568, 101, 5479, 2657, 5203]",random
8087,5,"[1389, 3137, 1973, 5997, 6371]",half_random
8088,5,"[5139, 7752, 8181, 5326, 5450]",sim_dissim
8089,5,"[620, 6471, 1652, 2366, 4899]",random
8090,5,"[2673, 1142, 5429, 8167, 355]",half_random
8091,5,"[5640, 5863, 3715, 2123, 1443]",sim_dissim
8092,5,"[6078, 3803, 2154, 4592, 58]",random
8093,5,"[5858, 5745, 907, 583, 5939]",half_random
8094,5,"[1060, 6175, 2270, 563, 435]",sim_dissim
8095,5,"[4176, 5723, 786, 1421, 927]",random
8096,5,"[8023, 3680, 412, 7060, 1498]",half_random
8097,5,"[2521, 2842, 959, 4255, 8132]",sim_dissim
8098,5,"[4970, 7430, 6336, 4324, 6538]",random
8099,5,"[8354, 6128, 1159, 7773, 7208]",half_random
8100,5,"[466, 7441, 3613, 5878, 5302]",sim_dissim
8101,5,"[5387, 916, 4856, 6480, 3450]",random
8102,5,"[605, 2455, 3061, 8212, 7813]",half_random
8103,5,"[2619, 435, 2270, 3850, 563]",sim_dissim
8104,5,"[6593, 870, 7997, 5854, 7555]",random
8105,5,"[226, 6343, 2148, 7946, 2164]",half_random
8106,5,"[369, 5036, 4712, 3715, 2792]",sim_dissim
8107,5,"[4778, 2774, 2249, 2388, 4796]",random
8108,5,"[383, 4923, 3437, 6975, 99]",half_random
8109,5,"[4921, 7931, 6918, 4073, 5173]",sim_dissim
8110,5,"[5831, 5273, 5438, 4652, 7769]",random
8111,5,"[4766, 344, 4142, 8139, 5567]",half_random
8112,5,"[2792, 2156, 2783, 2792, 209]",sim_dissim
8113,5,"[7715, 3659, 1526, 2683, 7208]",random
8114,5,"[3439, 7774, 2438, 3087, 3845]",half_random
8115,5,"[5863, 6244, 1443, 181, 5640]",sim_dissim
8116,5,"[1038, 3974, 2486, 5710, 6055]",random
8117,5,"[7704, 4943, 2719, 7465, 5628]",half_random
8118,5,"[1678, 3110, 4874, 3376, 3110]",sim_dissim
8119,5,"[6529, 6106, 4590, 3397, 3701]",random
8120,5,"[192, 5071, 4439, 2625, 2537]",half_random
8121,5,"[6338, 2969, 2969, 4514, 3376]",sim_dissim
8122,5,"[6986, 5809, 2510, 380, 1341]",random
8123,5,"[7938, 6971, 1095, 4227, 5258]",half_random
8124,5,"[276, 1200, 2156, 6962, 1923]",sim_dissim
8125,5,"[7054, 292, 5, 4428, 2733]",random
8126,5,"[4327, 5101, 7466, 3322, 7283]",half_random
8127,5,"[3116, 6619, 4712, 181, 137]",sim_dissim
8128,5,"[6523, 743, 1602, 6106, 1006]",random
8129,5,"[4003, 3512, 7800, 3156, 7427]",half_random
8130,5,"[1758, 5139, 209, 3089, 3089]",sim_dissim
8131,5,"[7500, 1245, 7820, 7459, 4927]",random
8132,5,"[3971, 1911, 6308, 7548, 4120]",half_random
8133,5,"[5818, 3089, 8212, 5228, 4514]",sim_dissim
8134,5,"[5804, 7170, 5420, 3969, 7450]",random
8135,5,"[7758, 7421, 5844, 7011, 1289]",half_random
8136,5,"[2013, 5968, 3318, 4353, 4912]",sim_dissim
8137,5,"[4266, 923, 5553, 128, 8156]",random
8138,5,"[586, 7325, 1284, 8154, 3251]",half_random
8139,5,"[4152, 2270, 1164, 4152, 8142]",sim_dissim
8140,5,"[3830, 8260, 2399, 6600, 8026]",random
8141,5,"[6522, 1809, 4838, 1963, 3552]",half_random
8142,5,"[4712, 3089, 3496, 2461, 2783]",sim_dissim
8143,5,"[995, 581, 7640, 3967, 8239]",random
8144,5,"[8065, 1585, 4708, 6423, 7630]",half_random
8145,5,"[2759, 7444, 7346, 4255, 6660]",sim_dissim
8146,5,"[1342, 58, 8385, 2227, 3753]",random
8147,5,"[6366, 7779, 3713, 5142, 3245]",half_random
8148,5,"[2270, 186, 3470, 2156, 4696]",sim_dissim
8149,5,"[471, 5328, 4019, 2664, 1764]",random
8150,5,"[2860, 1092, 7747, 6111, 3330]",half_random
8151,5,"[1907, 1338, 5326, 4845, 8289]",sim_dissim
8152,5,"[6049, 7630, 7986, 702, 2192]",random
8153,5,"[31, 5389, 3495, 6956, 4086]",half_random
8154,5,"[762, 1791, 1758, 2156, 3182]",sim_dissim
8155,5,"[6004, 3910, 2641, 2298, 7917]",random
8156,5,"[3312, 586, 3137, 5055, 6753]",half_random
8157,5,"[2451, 4921, 2759, 7444, 2149]",sim_dissim
8158,5,"[7149, 5218, 3966, 240, 789]",random
8159,5,"[370, 6728, 1750, 619, 6336]",half_random
8160,5,"[3542, 626, 4730, 7817, 4730]",sim_dissim
8161,5,"[6233, 4516, 4455, 4313, 778]",random
8162,5,"[3416, 449, 8055, 6784, 7245]",half_random
8163,5,"[137, 5503, 137, 4255, 4712]",sim_dissim
8164,5,"[4164, 7672, 2450, 4950, 7368]",random
8165,5,"[1834, 998, 577, 1364, 2739]",half_random
8166,5,"[5326, 8181, 5450, 1907, 1150]",sim_dissim
8167,5,"[8330, 2654, 6236, 8002, 7471]",random
8168,5,"[7631, 4710, 3427, 6775, 3351]",half_random
8169,5,"[4152, 657, 3046, 1164, 5745]",sim_dissim
8170,5,"[7300, 8341, 6479, 2987, 3404]",random
8171,5,"[3819, 5708, 251, 63, 8212]",half_random
8172,5,"[5310, 3613, 7987, 5502, 8267]",sim_dissim
8173,5,"[7350, 8143, 4572, 1411, 4088]",random
8174,5,"[3670, 7940, 1133, 6484, 3742]",half_random
8175,5,"[4514, 5898, 5898, 3318, 1127]",sim_dissim
8176,5,"[5623, 6460, 311, 7655, 3416]",random
8177,5,"[5936, 7534, 6020, 266, 2308]",half_random
8178,5,"[4514, 852, 4712, 5240, 1791]",sim_dissim
8179,5,"[958, 8213, 4416, 5580, 2617]",random
8180,5,"[1306, 8212, 6035, 4952, 830]",half_random
8181,5,"[3243, 5863, 5326, 7349, 5447]",sim_dissim
8182,5,"[6708, 3200, 2140, 5321, 8067]",random
8183,5,"[7431, 5853, 1170, 3488, 707]",half_random
8184,5,"[8297, 6965, 1564, 5139, 2783]",sim_dissim
8185,5,"[7826, 882, 1767, 6482, 7256]",random
8186,5,"[3331, 3262, 6166, 5846, 7721]",half_random
8187,5,"[5555, 1200, 5502, 1923, 6663]",sim_dissim
8188,5,"[3074, 6707, 4756, 3614, 615]",random
8189,5,"[4128, 4332, 751, 2940, 2174]",half_random
8190,5,"[693, 4736, 8212, 4255, 5543]",sim_dissim
8191,5,"[7266, 1105, 1630, 1701, 5153]",random
8192,5,"[6775, 972, 3454, 160, 7221]",half_random
8193,5,"[4514, 8289, 4712, 7867, 1338]",sim_dissim
8194,5,"[2617, 2404, 1556, 6368, 1688]",random
8195,5,"[3171, 1326, 5276, 4258, 5350]",half_random
8196,5,"[693, 3116, 181, 1792, 2156]",sim_dissim
8197,5,"[2635, 7116, 5330, 8329, 6793]",random
8198,5,"[7702, 8088, 2909, 1227, 8335]",half_random
8199,5,"[6619, 4868, 5302, 5745, 3613]",sim_dissim
8200,5,"[1541, 8308, 308, 4956, 5737]",random
8201,5,"[376, 1546, 5849, 6805, 1515]",half_random
8202,5,"[4467, 4921, 8026, 2156, 5282]",sim_dissim
8203,5,"[8333, 1337, 7610, 2270, 7738]",random
8204,5,"[4720, 6198, 5667, 7182, 882]",half_random
8205,5,"[2087, 5745, 1945, 5603, 626]",sim_dissim
8206,5,"[2612, 5751, 5243, 818, 7084]",random
8207,5,"[1747, 6870, 6649, 5309, 7039]",half_random
8208,5,"[1758, 2299, 7745, 8212, 2299]",sim_dissim
8209,5,"[7887, 6413, 4442, 2909, 5711]",random
8210,5,"[6579, 2668, 8002, 4258, 2949]",half_random
8211,5,"[6918, 4921, 3118, 3087, 5173]",sim_dissim
8212,5,"[1709, 1280, 4167, 3363, 7126]",random
8213,5,"[7100, 6489, 6342, 6810, 7518]",half_random
8214,5,"[5640, 2149, 5326, 2805, 6660]",sim_dissim
8215,5,"[2965, 3006, 7155, 5349, 6876]",random
8216,5,"[4232, 3772, 3753, 7701, 7251]",half_random
8217,5,"[2722, 4696, 124, 5968, 2156]",sim_dissim
8218,5,"[4749, 6165, 2314, 5774, 7069]",random
8219,5,"[7461, 7702, 5371, 2676, 1927]",half_random
8220,5,"[3715, 886, 1791, 4712, 852]",sim_dissim
8221,5,"[3188, 1945, 4520, 1831, 1685]",random
8222,5,"[3424, 7570, 7858, 4930, 5481]",half_random
8223,5,"[5602, 5745, 4868, 5883, 6781]",sim_dissim
8224,5,"[6890, 6622, 240, 4022, 1870]",random
8225,5,"[6825, 8218, 2898, 6405, 467]",half_random
8226,5,"[4514, 2319, 5173, 364, 2641]",sim_dissim
8227,5,"[3476, 3082, 4403, 1966, 7387]",random
8228,5,"[7569, 5364, 4940, 3676, 6626]",half_random
8229,5,"[2722, 3791, 4259, 5728, 3613]",sim_dissim
8230,5,"[7230, 7283, 8084, 1157, 7674]",random
8231,5,"[6974, 7227, 2783, 6646, 4849]",half_random
8232,5,"[2752, 7715, 5447, 8302, 7980]",sim_dissim
8233,5,"[186, 1525, 5340, 4153, 3704]",random
8234,5,"[4520, 7198, 667, 6821, 937]",half_random
8235,5,"[3147, 2461, 3089, 2461, 2156]",sim_dissim
8236,5,"[1995, 7329, 7089, 177, 3617]",random
8237,5,"[1157, 3846, 7556, 1830, 2143]",half_random
8238,5,"[7349, 5447, 3715, 3571, 1498]",sim_dissim
8239,5,"[3488, 272, 1573, 6464, 3979]",random
8240,5,"[3987, 499, 6054, 4478, 7314]",half_random
8241,5,"[2805, 2156, 1461, 181, 2759]",sim_dissim
8242,5,"[7839, 802, 7331, 1854, 4834]",random
8243,5,"[1466, 1673, 4171, 3913, 1599]",half_random
8244,5,"[3382, 3715, 7808, 1907, 3382]",sim_dissim
8245,5,"[7780, 5897, 4299, 6619, 8317]",random
8246,5,"[6446, 7073, 4913, 562, 142]",half_random
8247,5,"[3243, 827, 181, 827, 5139]",sim_dissim
8248,5,"[6471, 4576, 5783, 5484, 2561]",random
8249,5,"[6227, 4367, 2284, 5776, 7363]",half_random
8250,5,"[5502, 626, 2619, 2087, 4730]",sim_dissim
8251,5,"[7372, 2471, 7453, 2232, 5268]",random
8252,5,"[6975, 1573, 4371, 1784, 498]",half_random
8253,5,"[2156, 1200, 4336, 5290, 4876]",sim_dissim
8254,5,"[3625, 4173, 6308, 4397, 2752]",random
8255,5,"[3880, 2266, 2215, 8055, 7087]",half_random
8256,5,"[1923, 6962, 5687, 5173, 4336]",sim_dissim
8257,5,"[1314, 3609, 5268, 5315, 6635]",random
8258,5,"[6317, 1354, 3074, 530, 1631]",half_random
8259,5,"[237, 3382, 7444, 4029, 3715]",sim_dissim
8260,5,"[3008, 2261, 8234, 29, 8314]",random
8261,5,"[5077, 3747, 383, 3331, 5459]",half_random
8262,5,"[5630, 1472, 7444, 7195, 680]",sim_dissim
8263,5,"[1823, 786, 4746, 8295, 7823]",random
8264,5,"[1092, 2481, 186, 4651, 77]",half_random
8265,5,"[340, 2156, 6976, 6976, 7985]",sim_dissim
8266,5,"[4822, 2020, 7733, 8220, 477]",random
8267,5,"[4569, 6043, 4524, 3785, 2447]",half_random
8268,5,"[2521, 2842, 5447, 3325, 2521]",sim_dissim
8269,5,"[5420, 5777, 2777, 2005, 4472]",random
8270,5,"[4551, 7282, 1350, 726, 5532]",half_random
8271,5,"[5447, 3715, 6965, 7752, 5450]",sim_dissim
8272,5,"[1572, 7402, 3086, 3109, 5497]",random
8273,5,"[4493, 6583, 5801, 6567, 6663]",half_random
8274,5,"[1678, 4514, 6592, 7444, 4463]",sim_dissim
8275,5,"[7168, 2574, 2224, 6294, 4256]",random
8276,5,"[5738, 5527, 6779, 6803, 870]",half_random
8277,5,"[3914, 5173, 3987, 2149, 7346]",sim_dissim
8278,5,"[5561, 2175, 2455, 3463, 6058]",random
8279,5,"[2828, 2019, 492, 7794, 4069]",half_random
8280,5,"[5745, 657, 4146, 6564, 8142]",sim_dissim
8281,5,"[5643, 1300, 3795, 3729, 6600]",random
8282,5,"[4287, 3814, 3842, 7100, 6520]",half_random
8283,5,"[3382, 3898, 6378, 181, 3111]",sim_dissim
8284,5,"[1260, 7236, 2448, 6267, 4990]",random
8285,5,"[5050, 3985, 7198, 5218, 3823]",half_random
8286,5,"[8227, 447, 3318, 2313, 7087]",sim_dissim
8287,5,"[3921, 7614, 2253, 7838, 6107]",random
8288,5,"[1412, 1130, 6012, 3624, 1681]",half_random
8289,5,"[8393, 959, 4275, 1250, 181]",sim_dissim
8290,5,"[6602, 3838, 3673, 3808, 2238]",random
8291,5,"[2559, 309, 1050, 6652, 5566]",half_random
8292,5,"[3715, 2156, 6338, 3110, 1250]",sim_dissim
8293,5,"[2343, 876, 4213, 7705, 7893]",random
8294,5,"[989, 965, 2394, 8161, 2875]",half_random
8295,5,"[4921, 2591, 8088, 3376, 1213]",sim_dissim
8296,5,"[3603, 4734, 8131, 8244, 5632]",random
8297,5,"[3176, 2951, 2786, 8245, 6756]",half_random
8298,5,"[3761, 4255, 5173, 271, 271]",sim_dissim
8299,5,"[6451, 6102, 435, 2501, 1715]",random
8300,5,"[1047, 6906, 7733, 3140, 760]",half_random
8301,5,"[3895, 6180, 669, 6180, 4921]",sim_dissim
8302,5,"[7539, 391, 6614, 7971, 5229]",random
8303,5,"[875, 3561, 5769, 5669, 3676]",half_random
8304,5,"[4730, 5603, 7817, 6767, 1737]",sim_dissim
8305,5,"[3146, 7153, 1741, 1478, 374]",random
8306,5,"[412, 2139, 2423, 5475, 280]",half_random
8307,5,"[4255, 4238, 2156, 3463, 3761]",sim_dissim
8308,5,"[5647, 5676, 7565, 2005, 4608]",random
8309,5,"[8019, 1445, 4399, 6456, 7968]",half_random
8310,5,"[8325, 4252, 4255, 2641, 2156]",sim_dissim
8311,5,"[6348, 7494, 2324, 7483, 7170]",random
8312,5,"[4609, 452, 1966, 2258, 2528]",half_random
8313,5,"[2477, 5139, 220, 181, 1638]",sim_dissim
8314,5,"[2595, 2322, 7204, 246, 2177]",random
8315,5,"[6758, 5803, 1638, 6501, 8063]",half_random
8316,5,"[692, 4514, 1638, 8135, 30]",sim_dissim
8317,5,"[3764, 6997, 7251, 2566, 2315]",random
8318,5,"[4460, 2648, 2299, 8048, 3301]",half_random
8319,5,"[7544, 463, 5728, 4353, 4259]",sim_dissim
8320,5,"[2790, 6860, 3704, 3414, 2630]",random
8321,5,"[87, 1936, 5224, 2380, 2604]",half_random
8322,5,"[7588, 6781, 3542, 4868, 3598]",sim_dissim
8323,5,"[8147, 7629, 1033, 5639, 8379]",random
8324,5,"[1180, 7814, 7136, 4891, 2730]",half_random
8325,5,"[4029, 3111, 1907, 3111, 2516]",sim_dissim
8326,5,"[1756, 1948, 4119, 5996, 4731]",random
8327,5,"[5742, 3291, 8335, 831, 3866]",half_random
8328,5,"[8142, 7444, 4152, 5745, 6110]",sim_dissim
8329,5,"[6678, 2784, 2769, 4956, 3255]",random
8330,5,"[4899, 6301, 5527, 3398, 5624]",half_random
8331,5,"[30, 30, 5139, 3715, 7490]",sim_dissim
8332,5,"[5532, 3608, 2216, 5426, 2166]",random
8333,5,"[8225, 4024, 3508, 7781, 3376]",half_random
8334,5,"[6564, 1127, 7444, 3342, 657]",sim_dissim
8335,5,"[1513, 366, 531, 2484, 1285]",random
8336,5,"[3666, 2123, 7257, 1259, 3764]",half_random
8337,5,"[181, 8393, 7444, 1250, 4275]",sim_dissim
8338,5,"[6843, 2896, 3478, 3185, 5318]",random
8339,5,"[3191, 2686, 1548, 1897, 7459]",half_random
8340,5,"[8227, 4259, 181, 3613, 6180]",sim_dissim
8341,5,"[6023, 1737, 1582, 7246, 4165]",random
8342,5,"[1094, 4168, 1765, 728, 1742]",half_random
8343,5,"[1250, 7444, 4874, 1213, 5886]",sim_dissim
8344,5,"[1064, 5118, 686, 4487, 2257]",random
8345,5,"[5558, 5049, 6569, 7128, 7651]",half_random
8346,5,"[5745, 357, 357, 3613, 4730]",sim_dissim
8347,5,"[6820, 2469, 1826, 2695, 7675]",random
8348,5,"[8009, 382, 2717, 2650, 7223]",half_random
8349,5,"[3376, 3838, 7975, 4514, 2319]",sim_dissim
8350,5,"[3412, 4680, 5000, 3869, 2449]",random
8351,5,"[2789, 937, 4579, 3920, 6992]",half_random
8352,5,"[1338, 8289, 1346, 7444, 5326]",sim_dissim
8353,5,"[6797, 738, 1530, 3513, 3606]",random
8354,5,"[3384, 7281, 5552, 367, 4778]",half_random
8355,5,"[8316, 4254, 5630, 2156, 680]",sim_dissim
8356,5,"[3871, 2779, 2828, 2884, 1274]",random
8357,5,"[7604, 7988, 1178, 6319, 5752]",half_random
8358,5,"[2156, 5630, 1472, 8150, 680]",sim_dissim
8359,5,"[4681, 4152, 355, 3633, 4930]",random
8360,5,"[8132, 3926, 647, 4564, 17]",half_random
8361,5,"[8227, 3613, 8389, 6180, 5502]",sim_dissim
8362,5,"[6455, 5910, 7803, 1959, 139]",random
8363,5,"[2386, 3724, 5327, 4500, 6231]",half_random
8364,5,"[8212, 5228, 3089, 3715, 5036]",sim_dissim
8365,5,"[6020, 4501, 1927, 276, 1254]",random
8366,5,"[3719, 2627, 2242, 3370, 5807]",half_random
8367,5,"[5326, 7444, 8181, 8181, 1150]",sim_dissim
8368,5,"[2741, 6033, 2586, 4626, 4281]",random
8369,5,"[522, 835, 420, 5158, 4504]",half_random
8370,5,"[3376, 2641, 364, 4252, 4514]",sim_dissim
8371,5,"[6017, 6561, 3135, 5943, 2578]",random
8372,5,"[7387, 6972, 453, 5940, 2744]",half_random
8373,5,"[7920, 1907, 7808, 3111, 3715]",sim_dissim
8374,5,"[7030, 8213, 6341, 2283, 3740]",random
8375,5,"[1560, 821, 6969, 1678, 2898]",half_random
8376,5,"[5173, 3479, 4353, 3791, 1695]",sim_dissim
8377,5,"[3853, 3206, 5132, 3771, 3176]",random
8378,5,"[794, 5128, 668, 4186, 5205]",half_random
8379,5,"[4622, 6110, 3046, 5745, 8212]",sim_dissim
8380,5,"[4139, 4998, 1796, 7553, 3188]",random
8381,5,"[4424, 7247, 3754, 5121, 239]",half_random
8382,5,"[3554, 1250, 2156, 4255, 2969]",sim_dissim
8383,5,"[179, 5638, 4214, 7241, 7989]",random
8384,5,"[54, 2206, 5536, 5427, 4888]",half_random
8385,5,"[7441, 6548, 7588, 6781, 5173]",sim_dissim
8386,5,"[3495, 224, 6460, 1088, 8308]",random
8387,5,"[935, 4766, 1033, 5539, 3701]",half_random
8388,5,"[5173, 2783, 5840, 3813, 3813]",sim_dissim
8389,5,"[7168, 4846, 29, 6922, 4710]",random
8390,5,"[1181, 1658, 405, 7408, 6850]",half_random
8391,5,"[3987, 1866, 3914, 6660, 959]",sim_dissim
8392,5,"[6659, 423, 721, 2358, 5698]",random
8393,5,"[5945, 4318, 3294, 6052, 2030]",half_random
8394,5,"[5630, 7503, 2752, 2156, 8096]",sim_dissim
8395,5,"[5424, 2703, 8172, 5071, 3085]",random
8396,5,"[5818, 955, 5808, 5024, 8013]",half_random
8397,5,"[1791, 3813, 4514, 5173, 5240]",sim_dissim
8398,5,"[2991, 381, 413, 4225, 3038]",random
8399,5,"[1519, 6151, 3961, 6341, 2249]",half_random
